participant,window_idx,t0_ms,t1_ms,center_ms,center_time,ecg_rmssd_ms,ecg_sdnn_ms,ecg_hr_bpm,ecg_label_qc_pass,ecg_valid_ibi_ratio,ecg_ibi_correction_ratio,ecg_qrs_sqi,ecg_peak_count,accel_motion_mean_mag,activity_category,activity_overlap_sec,activity_raw,activity_point_events
P15,501,1774779660000,1774779960000,1774779810000,2026-03-29 03:23:29,58.34012222290039,54.9814338684082,101.39542388916016,True,1.0,0.007905138656497002,0.9360942244529724,507,0.6372786462306976,unlabeled,0.0,,
P15,502,1774780680000,1774780980000,1774780830000,2026-03-29 03:40:29,50.618507385253906,76.24474334716797,88.98578643798828,True,1.0,0.004514672793447971,0.890587568283081,444,0.28329460819562274,unlabeled,0.0,,
P15,503,1774780710000,1774781010000,1774780860000,2026-03-29 03:40:59,43.90907287597656,67.37947082519531,86.78804016113281,True,1.0,0.0023094688076525927,0.8968679904937744,434,0.20056454837322235,unlabeled,0.0,,
P15,504,1774780740000,1774781040000,1774780890000,2026-03-29 03:41:29,40.388954162597656,52.09534454345703,84.80229949951172,True,1.0,0.002369668334722519,0.9085755944252014,423,0.13116121540466943,unlabeled,0.0,,
P15,505,1774780770000,1774781070000,1774780920000,2026-03-29 03:41:59,41.50578689575195,41.95539855957031,83.7856674194336,True,1.0,0.0023923444095999002,0.9140293002128601,419,0.11347421010335286,unlabeled,0.0,,
P15,506,1774780800000,1774781100000,1774780950000,2026-03-29 03:42:29,40.02819061279297,45.174530029296875,84.35677337646484,True,1.0,0.0,0.9265559315681458,421,0.11556751529375713,unlabeled,0.0,,
P15,507,1774780830000,1774781130000,1774780980000,2026-03-29 03:42:59,38.25403594970703,44.760990142822266,84.62835693359375,True,1.0,0.0,0.9236559867858887,422,0.1167603222032388,unlabeled,0.0,,
P15,508,1774780860000,1774781160000,1774781010000,2026-03-29 03:43:29,39.2372932434082,46.742713928222656,84.8451156616211,True,1.0,0.0,0.9292194843292236,424,0.13251440723737082,unlabeled,0.0,,
P15,509,1774780890000,1774781190000,1774781040000,2026-03-29 03:43:59,44.230831146240234,59.610435485839844,86.63329315185547,True,1.0,0.0023094688076525927,0.9346738457679749,434,0.2240216905872027,unlabeled,0.0,,
P15,510,1774780920000,1774781220000,1774781070000,2026-03-29 03:44:29,47.517547607421875,70.49224090576172,88.70799255371094,True,1.0,0.0,0.9331232905387878,443,0.3130478461583455,unlabeled,0.0,,
P15,511,1774780950000,1774781250000,1774781100000,2026-03-29 03:44:59,50.504249572753906,71.63694763183594,89.46074676513672,True,1.0,0.0044843051582574844,0.9349880218505859,447,0.3691522181034088,unlabeled,0.0,,
P15,512,1774780980000,1774781280000,1774781130000,2026-03-29 03:45:29,51.855777740478516,73.81505584716797,91.25076293945312,True,1.0,0.00657894741743803,0.9289276599884033,457,0.44864920278390247,unlabeled,0.0,,
P15,513,1774781010000,1774781310000,1774781160000,2026-03-29 03:45:59,54.20277404785156,74.99324035644531,92.31686401367188,True,1.0,0.010869565419852734,0.9285978078842163,461,0.4731483459472656,unlabeled,0.0,,
P15,514,1774781040000,1774781340000,1774781190000,2026-03-29 03:46:29,57.208099365234375,77.18846893310547,92.04346466064453,True,1.0,0.008733624592423439,0.9313498139381409,459,0.4709950089454651,unlabeled,0.0,,
P15,515,1774781070000,1774781370000,1774781220000,2026-03-29 03:46:59,55.266014099121094,80.570556640625,91.64386749267578,True,1.0,0.010917030274868011,0.9291354417800903,459,0.467710147301356,unlabeled,0.0,,
P15,516,1774781100000,1774781400000,1774781250000,2026-03-29 03:47:29,55.753562927246094,82.51112365722656,91.140625,True,1.0,0.013215859420597553,0.9276748299598694,455,0.47723329067230225,unlabeled,0.0,,
P15,517,1774781130000,1774781430000,1774781280000,2026-03-29 03:47:59,58.16838836669922,90.20899200439453,90.43538665771484,True,1.0,0.011111111380159855,0.9292364120483398,451,0.48149411876996356,unlabeled,0.0,,
P15,518,1774781160000,1774781460000,1774781310000,2026-03-29 03:48:29,57.634361267089844,95.73820495605469,89.30073547363281,True,1.0,0.011261261068284512,0.9296208620071411,445,0.4717276692390442,unlabeled,0.0,,
P15,519,1774781190000,1774781490000,1774781340000,2026-03-29 03:48:59,53.640953063964844,95.13676452636719,86.94458770751953,True,1.0,0.013856813311576843,0.9302281737327576,434,0.3806781868139903,unlabeled,0.0,,
P15,520,1774781220000,1774781520000,1774781370000,2026-03-29 03:49:29,52.35527420043945,88.6602783203125,84.13099670410156,True,1.0,0.01193317398428917,0.9344254732131958,420,0.28605539600054425,unlabeled,0.0,,
P15,521,1774781250000,1774781550000,1774781400000,2026-03-29 03:49:59,51.33976364135742,85.04264831542969,82.66590881347656,True,1.0,0.007281553465873003,0.933064877986908,413,0.2284603069225947,unlabeled,0.0,,
P15,522,1774781280000,1774781580000,1774781430000,2026-03-29 03:50:29,52.7818489074707,69.23715209960938,80.87216186523438,True,1.0,0.009950248524546623,0.9369260668754578,403,0.14966068913539252,unlabeled,0.0,,
P15,523,1774781310000,1774781610000,1774781460000,2026-03-29 03:50:59,51.98332977294922,58.7658805847168,79.50314331054688,True,1.0,0.007575757801532745,0.9392750859260559,397,0.12050892909367879,unlabeled,0.0,,
P15,524,1774781340000,1774781640000,1774781490000,2026-03-29 03:51:29,52.63544464111328,58.91739273071289,79.10102844238281,True,1.0,0.005089058540761471,0.9383761882781982,394,0.11959810058275859,unlabeled,0.0,,
P15,525,1774781370000,1774781670000,1774781520000,2026-03-29 03:51:59,51.76603317260742,58.65107727050781,78.89762878417969,True,1.0,0.005089058540761471,0.9365771412849426,394,0.12188910941282909,unlabeled,0.0,,
P15,526,1774781400000,1774781700000,1774781550000,2026-03-29 03:52:29,51.17881774902344,58.0159797668457,78.26139068603516,True,1.0,0.0051282052882015705,0.9412423372268677,391,0.10737379143635432,unlabeled,0.0,,
P15,527,1774781430000,1774781730000,1774781580000,2026-03-29 03:52:59,50.55828857421875,55.76290512084961,78.23967742919922,True,1.0,0.0025641026441007853,0.941613495349884,391,0.10077923784653346,unlabeled,0.0,,
P15,528,1774781460000,1774781760000,1774781610000,2026-03-29 03:53:29,49.61214065551758,56.066612243652344,78.25738525390625,True,1.0,0.005115089472383261,0.9397855401039124,392,0.0915457879503568,unlabeled,0.0,,
P15,529,1774781490000,1774781790000,1774781640000,2026-03-29 03:53:59,50.95228958129883,55.71054458618164,78.20630645751953,True,1.0,0.0051282052882015705,0.9393567442893982,391,0.08820901066064835,unlabeled,0.0,,
P15,530,1774781520000,1774781820000,1774781670000,2026-03-29 03:54:29,47.902320861816406,54.02265548706055,78.33897399902344,True,1.0,0.005115089472383261,0.9413660168647766,392,0.08855657776196797,unlabeled,0.0,,
P15,531,1774781550000,1774781850000,1774781700000,2026-03-29 03:54:59,47.962547302246094,52.660972595214844,78.25984954833984,True,1.0,0.0051282052882015705,0.9377655982971191,391,0.08653294543425243,unlabeled,0.0,,
P15,532,1774781580000,1774781880000,1774781730000,2026-03-29 03:55:29,44.639400482177734,48.102195739746094,77.758544921875,True,1.0,0.0,0.9456325173377991,388,0.08683536698420842,unlabeled,0.0,,
P15,533,1774781610000,1774781910000,1774781760000,2026-03-29 03:55:59,44.82778549194336,46.51560974121094,78.06419372558594,True,1.0,0.005141388159245253,0.9418275356292725,390,0.09061994403600693,unlabeled,0.0,,
P15,534,1774781640000,1774781940000,1774781790000,2026-03-29 03:56:29,43.12425231933594,45.90137481689453,78.08879852294922,True,1.0,0.0,0.9434405565261841,390,0.09369779378175735,unlabeled,0.0,,
P15,535,1774781670000,1774781970000,1774781820000,2026-03-29 03:56:59,39.697872161865234,42.03853988647461,77.85432434082031,True,1.0,0.0,0.9410403966903687,389,0.09362750003735225,unlabeled,0.0,,
P15,536,1774781700000,1774782000000,1774781850000,2026-03-29 03:57:29,39.06577682495117,39.722511291503906,77.98323822021484,True,1.0,0.0025706940796226263,0.9408126473426819,390,0.09485270331303279,unlabeled,0.0,,
P15,537,1774781730000,1774782030000,1774781880000,2026-03-29 03:57:59,39.58491134643555,39.339813232421875,78.14671325683594,True,1.0,0.0,0.9412307143211365,390,0.09452839940786362,unlabeled,0.0,,
P15,538,1774781760000,1774782060000,1774781910000,2026-03-29 03:58:29,37.94036865234375,37.811885833740234,78.17733764648438,True,1.0,0.0,0.9425840377807617,390,0.09526225179433823,unlabeled,0.0,,
P15,539,1774781790000,1774782090000,1774781940000,2026-03-29 03:58:59,40.43495559692383,41.85361862182617,77.79806518554688,True,1.0,0.0,0.9394471049308777,388,0.09442756821711858,unlabeled,0.0,,
P15,540,1774781820000,1774782120000,1774781970000,2026-03-29 03:59:29,41.59852981567383,43.509437561035156,77.46752166748047,True,1.0,0.0,0.9420422911643982,387,0.09566536794106166,unlabeled,0.0,,
P15,541,1774781850000,1774782150000,1774782000000,2026-03-29 03:59:59,39.73580551147461,43.74824905395508,77.20381927490234,True,1.0,0.0,0.9441084265708923,386,0.09636279195547104,unlabeled,0.0,,
P15,542,1774781880000,1774782180000,1774782030000,2026-03-29 04:00:29,38.56687927246094,43.08687973022461,77.0853042602539,True,1.0,0.002597402548417449,0.9446801543235779,386,0.09520428131024043,unlabeled,0.0,,
P15,543,1774781910000,1774782210000,1774782060000,2026-03-29 04:00:59,43.273216247558594,43.20454025268555,76.80908966064453,True,1.0,0.0026041667442768812,0.9404967427253723,385,0.09171576301256816,unlabeled,0.0,,
P15,544,1774781940000,1774782240000,1774782090000,2026-03-29 04:01:29,48.47536087036133,43.78258514404297,76.79287719726562,True,1.0,0.002610966097563505,0.9339131712913513,384,0.0885264699657758,unlabeled,0.0,,
P15,545,1774781970000,1774782270000,1774782120000,2026-03-29 04:01:59,47.913414001464844,46.475196838378906,77.121337890625,True,1.0,0.0026041667442768812,0.9424577951431274,385,0.08816421031951904,unlabeled,0.0,,
P15,546,1774782000000,1774782300000,1774782150000,2026-03-29 04:02:29,47.92699432373047,49.61574172973633,77.2094955444336,True,1.0,0.002597402548417449,0.9444080591201782,386,0.08651119967301686,unlabeled,0.0,,
P15,547,1774782030000,1774782330000,1774782180000,2026-03-29 04:02:59,46.15232467651367,50.336036682128906,77.20020294189453,True,1.0,0.0,0.9472562670707703,386,0.08564766744772594,unlabeled,0.0,,
P15,548,1774782060000,1774782360000,1774782210000,2026-03-29 04:03:29,45.3998908996582,50.803619384765625,77.32384490966797,True,1.0,0.0025906735099852085,0.9467838406562805,387,0.08405182013909022,unlabeled,0.0,,
P15,549,1774782090000,1774782390000,1774782240000,2026-03-29 04:03:59,44.590858459472656,48.210105895996094,77.8571548461914,True,1.0,0.0,0.9462661743164062,388,0.08492477734883626,unlabeled,0.0,,
P15,550,1774782120000,1774782420000,1774782270000,2026-03-29 04:04:29,44.172401428222656,46.42728042602539,78.16858673095703,True,1.0,0.0025641026441007853,0.9460569620132446,391,0.08426414181788762,unlabeled,0.0,,
P15,551,1774782150000,1774782450000,1774782300000,2026-03-29 04:04:59,46.89778137207031,46.56142807006836,78.22016906738281,True,1.0,0.0,0.94410240650177,390,0.08445462087790172,unlabeled,0.0,,
P15,552,1774782180000,1774782480000,1774782330000,2026-03-29 04:05:29,47.912925720214844,46.90610122680664,78.1234359741211,True,1.0,0.0,0.9422537684440613,391,0.08235855648914973,unlabeled,0.0,,
P15,553,1774782210000,1774782510000,1774782360000,2026-03-29 04:05:59,44.3134765625,46.01350784301758,77.94341278076172,True,1.0,0.0025706940796226263,0.9416846632957458,390,0.08201517661412557,unlabeled,0.0,,
P15,554,1774782240000,1774782540000,1774782390000,2026-03-29 04:06:29,43.3017463684082,48.029354095458984,78.26100158691406,True,1.0,0.0025641026441007853,0.9461684823036194,391,0.08127215007940929,unlabeled,0.0,,
P15,555,1774782270000,1774782570000,1774782420000,2026-03-29 04:06:59,45.075584411621094,50.075035095214844,77.45262145996094,True,1.0,0.0025906735099852085,0.9455795884132385,387,0.07648199175794919,unlabeled,0.0,,
P15,556,1774782300000,1774782600000,1774782450000,2026-03-29 04:07:29,46.377681732177734,49.025115966796875,76.87457275390625,True,1.0,0.0,0.9445145726203918,384,0.07467498754461606,unlabeled,0.0,,
P15,557,1774782330000,1774782630000,1774782480000,2026-03-29 04:07:59,53.852291107177734,49.81352615356445,76.46150207519531,True,1.0,0.0,0.939472496509552,382,0.07427821184198062,unlabeled,0.0,,
P15,558,1774782360000,1774782660000,1774782510000,2026-03-29 04:08:29,47.65882873535156,47.1276969909668,76.16883850097656,True,1.0,0.0,0.9426066875457764,381,0.07316182677944501,unlabeled,0.0,,
P15,559,1774782390000,1774782690000,1774782540000,2026-03-29 04:08:59,45.19584274291992,48.56450653076172,76.159423828125,True,1.0,0.0026315790601074696,0.9462195038795471,381,0.07235817114512126,unlabeled,0.0,,
P15,560,1774782420000,1774782720000,1774782570000,2026-03-29 04:09:29,52.265865325927734,52.281063079833984,75.77820587158203,True,1.0,0.0,0.9401080012321472,379,0.07100822528203328,unlabeled,0.0,,
P15,561,1774782450000,1774782750000,1774782600000,2026-03-29 04:09:59,53.42367172241211,53.62312316894531,75.725830078125,True,1.0,0.0026455025654286146,0.9385167956352234,379,0.06993233288327853,unlabeled,0.0,,
P15,562,1774782480000,1774782780000,1774782630000,2026-03-29 04:10:29,52.57411193847656,62.59980773925781,76.71876525878906,True,1.0,0.0,0.9417297840118408,383,0.07310786594947179,unlabeled,0.0,,
P15,563,1774782510000,1774782810000,1774782660000,2026-03-29 04:10:59,52.7877197265625,73.09028625488281,77.9721908569336,True,1.0,0.0025706940796226263,0.9370766282081604,390,0.07527944942315419,unlabeled,0.0,,
P15,564,1774782540000,1774782840000,1774782690000,2026-03-29 04:11:29,53.63786315917969,75.93436431884766,78.58546447753906,True,1.0,0.0,0.9373066425323486,392,0.07735140870014827,unlabeled,0.0,,
P15,565,1774782570000,1774782870000,1774782720000,2026-03-29 04:11:59,48.253482818603516,74.03577423095703,79.97013092041016,True,1.0,0.0,0.9382771253585815,399,0.08139016230901082,unlabeled,0.0,,
P15,566,1774782600000,1774782900000,1774782750000,2026-03-29 04:12:29,50.39018249511719,72.39242553710938,80.54608154296875,True,1.0,0.0,0.9335815906524658,402,0.0848515232404073,unlabeled,0.0,,
P15,567,1774782630000,1774782930000,1774782780000,2026-03-29 04:12:59,51.861602783203125,71.93035888671875,80.6786117553711,True,1.0,0.0,0.9089047908782959,403,0.09042871991793315,unlabeled,0.0,,
P15,568,1774782660000,1774782960000,1774782810000,2026-03-29 04:13:29,55.42671585083008,72.36190795898438,81.05708312988281,True,1.0,0.002475247485563159,0.9255803823471069,405,0.12089330454667409,unlabeled,0.0,,
P15,569,1774782690000,1774782990000,1774782840000,2026-03-29 04:13:59,57.77878189086914,89.25615692138672,83.56266784667969,True,1.0,0.0023980815894901752,0.9230418801307678,418,0.20564309259255728,unlabeled,0.0,,
P15,570,1774782720000,1774783020000,1774782870000,2026-03-29 04:14:29,53.82810974121094,84.39508056640625,85.54899597167969,True,1.0,0.0,0.9277999997138977,428,0.21502093970775604,unlabeled,0.0,,
P15,571,1774782750000,1774783050000,1774782900000,2026-03-29 04:14:59,54.169158935546875,84.8727798461914,87.48915100097656,True,1.0,0.0,0.9274255633354187,437,0.2820774366458257,unlabeled,0.0,,
P15,572,1774782780000,1774783080000,1774782930000,2026-03-29 04:15:29,57.571250915527344,87.48665618896484,87.50700378417969,True,1.0,0.0022935778833925724,0.9239122271537781,437,0.3171541591485341,unlabeled,0.0,,
P15,573,1774782810000,1774783110000,1774782960000,2026-03-29 04:15:59,57.49000930786133,94.3044662475586,85.86560821533203,True,1.0,0.002336448524147272,0.9254652261734009,429,0.31917057434717816,unlabeled,0.0,,
P15,574,1774782840000,1774783140000,1774782990000,2026-03-29 04:16:29,57.7763671875,98.55825805664062,84.96492767333984,True,1.0,0.004728132393211126,0.9245958924293518,424,0.3213471571604411,unlabeled,0.0,,
P15,575,1774782870000,1774783170000,1774783020000,2026-03-29 04:16:59,59.255897521972656,102.61360931396484,83.94683837890625,True,1.0,0.0047846888191998005,0.9267749786376953,419,0.32447872559229535,unlabeled,0.0,,
P15,576,1774782900000,1774783200000,1774783050000,2026-03-29 04:17:29,58.98079299926758,105.70257568359375,83.47826385498047,True,1.0,0.0024038462433964014,0.9279213547706604,417,0.32113439838091534,unlabeled,0.0,,
P15,577,1774782930000,1774783230000,1774783080000,2026-03-29 04:17:59,59.229618072509766,103.72624206542969,83.64879608154297,True,1.0,0.009569377638399601,0.9266750812530518,419,0.31743501623471576,unlabeled,0.0,,
P15,578,1774782960000,1774783260000,1774783110000,2026-03-29 04:18:29,57.139286041259766,101.9037857055664,83.62635040283203,True,1.0,0.0047961631789803505,0.9319108724594116,418,0.2890331447124481,unlabeled,0.0,,
P15,579,1774782990000,1774783290000,1774783140000,2026-03-29 04:18:59,54.908599853515625,90.89861297607422,80.54309844970703,True,1.0,0.007462686393409967,0.9337865114212036,403,0.20194880664348602,unlabeled,0.0,,
P15,580,1774783020000,1774783320000,1774783170000,2026-03-29 04:19:29,55.19109344482422,84.36346435546875,78.7619857788086,True,1.0,0.005089058540761471,0.9297833442687988,394,0.19292043149471283,unlabeled,0.0,,
P15,581,1774783050000,1774783350000,1774783200000,2026-03-29 04:19:59,53.088531494140625,64.05243682861328,76.67923736572266,True,1.0,0.007832897827029228,0.9316321611404419,384,0.12663430720567703,unlabeled,0.0,,
P15,582,1774783080000,1774783380000,1774783230000,2026-03-29 04:20:29,50.65928268432617,53.193275451660156,75.65862274169922,True,1.0,0.0026525198481976986,0.9341812133789062,378,0.08975580831368764,unlabeled,0.0,,
P15,583,1774783110000,1774783410000,1774783260000,2026-03-29 04:20:59,54.75790023803711,54.31739044189453,75.64319610595703,True,1.0,0.0026525198481976986,0.9340585470199585,378,0.08613882462183635,unlabeled,0.0,,
P15,584,1774783140000,1774783440000,1774783290000,2026-03-29 04:21:29,52.3786735534668,52.030582427978516,75.48365783691406,True,1.0,0.0026525198481976986,0.9359042644500732,378,0.08350939551989238,unlabeled,0.0,,
P15,585,1774783170000,1774783470000,1774783320000,2026-03-29 04:21:59,54.608699798583984,51.06421661376953,75.12596130371094,True,1.0,0.0026666666381061077,0.9341593980789185,376,0.07959461336334546,unlabeled,0.0,,
P15,586,1774783200000,1774783500000,1774783350000,2026-03-29 04:22:29,53.79579162597656,50.80635070800781,75.28582763671875,True,1.0,0.002659574383869767,0.9360765814781189,377,0.08089266841610272,unlabeled,0.0,,
P15,587,1774783230000,1774783530000,1774783380000,2026-03-29 04:22:59,54.459617614746094,56.13555145263672,75.81493377685547,True,1.0,0.0026455025654286146,0.9348881840705872,379,0.08175900826851527,unlabeled,0.0,,
P15,588,1774783260000,1774783560000,1774783410000,2026-03-29 04:23:29,56.90971374511719,56.021385192871094,75.61474609375,True,1.0,0.0,0.9335097074508667,378,0.07929204776883125,unlabeled,0.0,,
P15,589,1774783290000,1774783590000,1774783440000,2026-03-29 04:23:59,57.19731140136719,55.443115234375,76.0970230102539,True,1.0,0.0026315790601074696,0.9350241422653198,381,0.07968700552980106,unlabeled,0.0,,
P15,590,1774783320000,1774783620000,1774783470000,2026-03-29 04:24:29,64.2991714477539,84.176025390625,78.39481353759766,True,1.0,0.0025575447361916304,0.9334453344345093,392,0.1798840214808782,unlabeled,0.0,,
P15,591,1774783350000,1774783650000,1774783500000,2026-03-29 04:24:59,67.60415649414062,100.14896392822266,80.81307983398438,True,1.0,0.002481389557942748,0.9289552569389343,404,0.2669357607762019,unlabeled,0.0,,
P15,592,1774783380000,1774783680000,1774783530000,2026-03-29 04:25:29,68.23837280273438,98.91436004638672,81.80943298339844,True,1.0,0.0049019609577953815,0.9272744059562683,409,0.27281972765922546,unlabeled,0.0,,
P15,593,1774783410000,1774783710000,1774783560000,2026-03-29 04:25:59,67.119384765625,94.22262573242188,82.81849670410156,True,1.0,0.007246376946568489,0.9283232092857361,415,0.3142113337914149,unlabeled,0.0,,
P15,594,1774783440000,1774783740000,1774783590000,2026-03-29 04:26:29,69.60784149169922,97.86344146728516,84.91676330566406,True,1.0,0.004716981202363968,0.9213102459907532,425,0.3897709548473358,unlabeled,0.0,,
P15,595,1774783470000,1774783770000,1774783620000,2026-03-29 04:26:59,70.03025817871094,91.3930435180664,87.02335357666016,True,1.0,0.006896551698446274,0.9200602769851685,436,0.4410865008831024,unlabeled,0.0,,
P15,596,1774783500000,1774783800000,1774783650000,2026-03-29 04:27:29,70.98772430419922,85.11392974853516,88.41603088378906,True,1.0,0.011337868869304657,0.9180660247802734,442,0.463753879070282,unlabeled,0.0,,
P15,597,1774783530000,1774783830000,1774783680000,2026-03-29 04:27:59,68.9981689453125,82.9212417602539,88.77943420410156,True,1.0,0.006756756920367479,0.9094854593276978,445,0.4839211702346802,unlabeled,0.0,,
P15,598,1774783560000,1774783860000,1774783710000,2026-03-29 04:28:29,68.77470397949219,77.2314453125,89.87549591064453,True,1.0,0.00668151443824172,0.9081313014030457,450,0.51510023077329,unlabeled,0.0,,
P15,599,1774783590000,1774783890000,1774783740000,2026-03-29 04:28:59,66.48960876464844,71.73126220703125,91.38169860839844,True,1.0,0.008771929889917374,0.899978518486023,457,0.5730521480242411,unlabeled,0.0,,
P15,600,1774783620000,1774783920000,1774783770000,2026-03-29 04:29:29,66.37242889404297,65.78285217285156,89.97335052490234,True,1.0,0.00668151443824172,0.901371955871582,450,0.4799920270840327,unlabeled,0.0,,
P15,601,1774783650000,1774783950000,1774783800000,2026-03-29 04:29:59,65.11343383789062,60.748836517333984,88.7952651977539,True,1.0,0.009009009227156639,0.8981499671936035,445,0.42111144463221234,unlabeled,0.0,,
P15,602,1774783680000,1774783980000,1774783830000,2026-03-29 04:30:29,63.24012756347656,61.05733108520508,89.2557144165039,True,1.0,0.004494382068514824,0.9155530333518982,446,0.438146710395813,unlabeled,0.0,,
P15,603,1774783710000,1774784010000,1774783860000,2026-03-29 04:30:59,58.30718994140625,56.38793182373047,89.95096588134766,True,1.0,0.004454343114048243,0.9291074872016907,450,0.4081791589657466,unlabeled,0.0,,
P15,604,1774783740000,1774784040000,1774783890000,2026-03-29 04:31:29,55.420711517333984,50.5528450012207,89.4210205078125,True,1.0,0.0044843051582574844,0.9340124130249023,447,0.35471151272455853,unlabeled,0.0,,
P15,605,1774783770000,1774784070000,1774783920000,2026-03-29 04:31:59,54.36703109741211,50.47731018066406,89.07211303710938,True,1.0,0.006756756920367479,0.9364610314369202,445,0.32429030537605286,unlabeled,0.0,,
P15,606,1774783800000,1774784100000,1774783950000,2026-03-29 04:32:29,53.07583236694336,56.40771484375,90.33136749267578,True,1.0,0.004444444552063942,0.9375410676002502,451,0.35919301708539325,unlabeled,0.0,,
P15,607,1774783830000,1774784130000,1774783980000,2026-03-29 04:32:59,57.57807540893555,59.04025650024414,91.55921936035156,True,1.0,0.00657894741743803,0.9383750557899475,457,0.36432067056496936,unlabeled,0.0,,
P15,608,1774783860000,1774784160000,1774784010000,2026-03-29 04:33:29,58.82307052612305,63.40385055541992,90.90985107421875,True,1.0,0.0066225165501236916,0.9393470883369446,454,0.34249062339464825,unlabeled,0.0,,
P15,609,1774783890000,1774784190000,1774784040000,2026-03-29 04:33:59,57.37188720703125,65.21196746826172,90.49166870117188,True,1.0,0.006666666828095913,0.9400522112846375,451,0.3034985860188802,unlabeled,0.0,,
P15,610,1774783920000,1774784220000,1774784070000,2026-03-29 04:34:29,55.5897102355957,65.82288360595703,90.09777069091797,True,1.0,0.00668151443824172,0.9406126737594604,450,0.30975283682346344,unlabeled,0.0,,
P15,611,1774783950000,1774784250000,1774784100000,2026-03-29 04:34:59,57.02749252319336,68.57288360595703,89.47035217285156,True,1.0,0.006726457271724939,0.9343425035476685,447,0.28644544382890064,unlabeled,0.0,,
P15,612,1774783980000,1774784280000,1774784130000,2026-03-29 04:35:29,57.056819915771484,70.42589569091797,88.53584289550781,True,1.0,0.00907029490917921,0.9295538663864136,442,0.2745005438725154,unlabeled,0.0,,
P15,613,1774784010000,1774784310000,1774784160000,2026-03-29 04:35:59,57.48887634277344,73.4554672241211,87.71489715576172,True,1.0,0.009153317660093307,0.9297596216201782,438,0.2667090942462285,unlabeled,0.0,,
P15,614,1774784040000,1774784340000,1774784190000,2026-03-29 04:36:29,60.32012939453125,75.68238067626953,86.73399353027344,True,1.0,0.009280742146074772,0.929104745388031,432,0.24347313245137533,unlabeled,0.0,,
P15,615,1774784070000,1774784370000,1774784220000,2026-03-29 04:36:59,61.807350158691406,74.96721649169922,85.98572540283203,True,1.0,0.00699300691485405,0.9332165718078613,430,0.22704997658729553,unlabeled,0.0,,
P15,616,1774784100000,1774784400000,1774784250000,2026-03-29 04:37:29,64.90003204345703,66.95325469970703,84.33170318603516,True,1.0,0.014285714365541935,0.9248470067977905,421,0.18074640134970346,unlabeled,0.0,,
P15,617,1774784130000,1774784430000,1774784280000,2026-03-29 04:37:59,60.98681640625,54.18147277832031,82.46026611328125,True,1.0,0.009756097570061684,0.9303930401802063,411,0.1491225610176722,unlabeled,0.0,,
P15,618,1774784160000,1774784460000,1774784310000,2026-03-29 04:38:29,62.09531021118164,56.549896240234375,83.09831237792969,True,1.0,0.009685230441391468,0.9317549467086792,414,0.1656875585516294,unlabeled,0.0,,
P15,619,1774784190000,1774784490000,1774784340000,2026-03-29 04:38:59,62.52476119995117,62.283573150634766,83.76753234863281,True,1.0,0.014354066923260689,0.9286884069442749,419,0.16246489435434341,unlabeled,0.0,,
P15,620,1774784220000,1774784520000,1774784370000,2026-03-29 04:39:29,61.99385070800781,62.02259063720703,83.40884399414062,True,1.0,0.014457831159234047,0.9309617280960083,416,0.14877142012119293,unlabeled,0.0,,
P15,621,1774784250000,1774784550000,1774784400000,2026-03-29 04:39:59,57.80948257446289,60.44073486328125,83.68844604492188,True,1.0,0.009592326357960701,0.9351803064346313,418,0.14351082841555277,unlabeled,0.0,,
P15,622,1774784280000,1774784580000,1774784430000,2026-03-29 04:40:29,55.360801696777344,59.58140182495117,83.64563751220703,True,1.0,0.007194244768470526,0.9374330043792725,418,0.13133664429187775,unlabeled,0.0,,
P15,623,1774784310000,1774784610000,1774784460000,2026-03-29 04:40:59,54.005523681640625,58.74370574951172,83.4954605102539,True,1.0,0.007194244768470526,0.938910186290741,418,0.12813462068637213,unlabeled,0.0,,
P15,624,1774784340000,1774784640000,1774784490000,2026-03-29 04:41:29,51.43155288696289,57.51287841796875,83.51023864746094,True,1.0,0.009615384973585606,0.9401808977127075,417,0.12671421219905218,unlabeled,0.0,,
P15,625,1774784370000,1774784670000,1774784520000,2026-03-29 04:41:59,48.15825271606445,56.44273376464844,83.41368103027344,True,1.0,0.009615384973585606,0.9400469064712524,417,0.12042991071939468,unlabeled,0.0,,
P15,626,1774784400000,1774784700000,1774784550000,2026-03-29 04:42:29,40.56903076171875,51.917293548583984,82.9596939086914,True,1.0,0.004830917809158564,0.9474263191223145,415,0.10852311551570892,unlabeled,0.0,,
P15,627,1774784430000,1774784730000,1774784580000,2026-03-29 04:42:59,39.293949127197266,50.46072006225586,83.17536163330078,True,1.0,0.004819277208298445,0.946835994720459,416,0.11116731415192287,unlabeled,0.0,,
P15,628,1774784460000,1774784760000,1774784610000,2026-03-29 04:43:29,37.425662994384766,51.481117248535156,83.13432312011719,True,1.0,0.0072115384973585606,0.9519705772399902,417,0.09002325187126796,unlabeled,0.0,,
P15,629,1774784490000,1774784790000,1774784640000,2026-03-29 04:43:59,31.633790969848633,47.88007354736328,82.875,True,1.0,0.007246376946568489,0.9547960162162781,415,0.09425699710845947,unlabeled,0.0,,
P15,630,1774784520000,1774784820000,1774784670000,2026-03-29 04:44:29,33.773956298828125,52.745540618896484,82.72367095947266,True,1.0,0.004842615220695734,0.9539726376533508,414,0.10332480072975159,unlabeled,0.0,,
P15,631,1774791360000,1774791660000,1774791510000,2026-03-29 06:38:29,54.109283447265625,48.51446533203125,91.9979476928711,True,1.0,0.0,0.9475571513175964,460,1.2778366009394329,unlabeled,0.0,,
P15,632,1774791390000,1774791690000,1774791540000,2026-03-29 06:38:59,55.10505676269531,49.08418655395508,91.18516540527344,True,1.0,0.0,0.9493080973625183,456,1.2701780796051025,unlabeled,0.0,,
P15,633,1774791420000,1774791720000,1774791570000,2026-03-29 06:39:29,55.787017822265625,48.513675689697266,90.69168090820312,True,1.0,0.002207505516707897,0.9487031102180481,454,1.2927969694137573,unlabeled,0.0,,
P15,634,1774791450000,1774791750000,1774791600000,2026-03-29 06:39:59,54.648826599121094,47.866905212402344,90.50804901123047,True,1.0,0.0,0.9533492922782898,452,1.2624987661838531,unlabeled,0.0,,
P15,635,1774791480000,1774791780000,1774791630000,2026-03-29 06:40:29,57.79829406738281,48.96656799316406,90.22332763671875,True,1.0,0.0,0.954068124294281,450,1.2435336311658223,unlabeled,0.0,,
P15,636,1774791510000,1774791810000,1774791660000,2026-03-29 06:40:59,57.90807342529297,49.20158004760742,90.1214599609375,True,1.0,0.0022271715570241213,0.9505313634872437,450,1.1865298350652058,unlabeled,0.0,,
P15,637,1774791540000,1774791840000,1774791690000,2026-03-29 06:41:29,60.79411315917969,50.69477462768555,90.51393127441406,True,1.0,0.002217294881120324,0.9502473473548889,452,1.0886572301387787,unlabeled,0.0,,
P15,638,1774791570000,1774791870000,1774791720000,2026-03-29 06:41:59,62.09125900268555,53.90146255493164,91.1329116821289,True,1.0,0.0022026430815458298,0.9481741189956665,455,1.0497205555438995,unlabeled,0.0,,
P15,639,1774791600000,1774791900000,1774791750000,2026-03-29 06:42:29,61.97798156738281,54.00334548950195,90.85347747802734,True,1.0,0.0022123893722891808,0.9518918395042419,453,0.9323755900065104,unlabeled,0.0,,
P15,640,1774791630000,1774791930000,1774791780000,2026-03-29 06:42:59,63.783203125,58.87514877319336,90.17740631103516,True,1.0,0.002222222276031971,0.9500149488449097,451,0.8599463204542795,unlabeled,0.0,,
P15,641,1774791660000,1774791960000,1774791810000,2026-03-29 06:43:29,59.43906021118164,63.011680603027344,89.10598754882812,True,1.0,0.0022522523067891598,0.9515537023544312,445,0.7351520756880442,unlabeled,0.0,,
P15,642,1774791690000,1774791990000,1774791840000,2026-03-29 06:43:59,59.709720611572266,66.83683776855469,88.44032287597656,True,1.0,0.0022675737272948027,0.950905442237854,442,0.6286572764317194,unlabeled,0.0,,
P15,643,1774791720000,1774792020000,1774791870000,2026-03-29 06:44:29,58.94721984863281,71.03421783447266,87.26879119873047,True,1.0,0.002298850566148758,0.9512847065925598,436,0.5102977802356085,unlabeled,0.0,,
P15,644,1774791750000,1774792050000,1774791900000,2026-03-29 06:44:59,59.59282302856445,71.70881652832031,86.23271179199219,True,1.0,0.004651162773370743,0.9409800171852112,431,0.40298884113629657,unlabeled,0.0,,
P15,645,1774791780000,1774792080000,1774791930000,2026-03-29 06:45:29,57.15896224975586,71.2074203491211,85.45734405517578,True,1.0,0.004694835748523474,0.9504729509353638,427,0.29405197004477185,unlabeled,0.0,,
P15,646,1774791810000,1774792110000,1774791960000,2026-03-29 06:45:59,54.651458740234375,66.88005065917969,84.18473052978516,True,1.0,0.004761904943734407,0.9530507922172546,421,0.20411642144123712,unlabeled,0.0,,
P15,647,1774791840000,1774792140000,1774791990000,2026-03-29 06:46:29,48.57412338256836,62.44034194946289,83.27274322509766,True,1.0,0.0,0.9563135504722595,416,0.15411324054002762,unlabeled,0.0,,
P15,648,1774791870000,1774792170000,1774792020000,2026-03-29 06:46:59,42.89592742919922,45.30381774902344,81.69713592529297,True,1.0,0.0024570024106651545,0.9567813277244568,408,0.09055947760740916,unlabeled,0.0,,
P15,649,1774791900000,1774792200000,1774792050000,2026-03-29 06:47:29,44.04893493652344,44.29561996459961,81.36251068115234,True,1.0,0.0,0.9581540822982788,407,0.09136458983023961,unlabeled,0.0,,
P15,650,1774791930000,1774792230000,1774792080000,2026-03-29 06:47:59,41.61690902709961,43.624393463134766,81.64509582519531,True,1.0,0.0024570024106651545,0.958303689956665,408,0.0844406249622504,unlabeled,0.0,,
P15,651,1774791960000,1774792260000,1774792110000,2026-03-29 06:48:29,40.489479064941406,44.01677322387695,81.97058868408203,True,1.0,0.0024509804788976908,0.9612381458282471,409,0.08856873338421185,unlabeled,0.0,,
P15,652,1774791990000,1774792290000,1774792140000,2026-03-29 06:48:59,41.94471740722656,42.49257278442383,81.86329650878906,True,1.0,0.0,0.9592533111572266,409,0.08979841321706772,unlabeled,0.0,,
P15,653,1774792020000,1774792320000,1774792170000,2026-03-29 06:49:29,39.77094650268555,41.94895935058594,82.62794494628906,True,1.0,0.0,0.9619472622871399,413,0.10245853662490845,unlabeled,0.0,,
P15,654,1774792050000,1774792350000,1774792200000,2026-03-29 06:49:59,42.12990951538086,43.39479446411133,83.1142807006836,True,1.0,0.0024096386041492224,0.9592034816741943,416,0.12806367129087448,unlabeled,0.0,,
P15,655,1774792080000,1774792380000,1774792230000,2026-03-29 06:50:29,42.93187713623047,54.149845123291016,84.6036376953125,True,1.0,0.002364066196605563,0.9581705927848816,424,0.20946325858434042,unlabeled,0.0,,
P15,656,1774792110000,1774792410000,1774792260000,2026-03-29 06:50:59,40.794673919677734,54.77932357788086,85.64122009277344,True,1.0,0.0,0.9604290723800659,428,0.2525270879268646,unlabeled,0.0,,
P15,657,1774792140000,1774792440000,1774792290000,2026-03-29 06:51:29,41.72169876098633,56.150394439697266,86.36763763427734,True,1.0,0.0,0.9562891721725464,431,0.29627809921900433,unlabeled,0.0,,
P15,658,1774792170000,1774792470000,1774792320000,2026-03-29 06:51:59,39.50263214111328,53.07602310180664,86.78532409667969,True,1.0,0.0,0.9616732001304626,433,0.34101879100004834,unlabeled,0.0,,
P15,659,1774792200000,1774792500000,1774792350000,2026-03-29 06:52:29,40.4351692199707,51.46537780761719,87.18151092529297,True,1.0,0.002298850566148758,0.9577681422233582,436,0.37842772404352826,unlabeled,0.0,,
P15,660,1774792230000,1774792530000,1774792380000,2026-03-29 06:52:59,41.46605682373047,52.47282791137695,87.91861724853516,True,1.0,0.0,0.9556680917739868,439,0.44961072504520416,unlabeled,0.0,,
P15,661,1774792260000,1774792560000,1774792410000,2026-03-29 06:53:29,45.438140869140625,51.04637145996094,89.00965118408203,True,1.0,0.0022573363967239857,0.956249475479126,444,0.5330036332209905,unlabeled,0.0,,
P15,662,1774792290000,1774792590000,1774792440000,2026-03-29 06:53:59,43.224449157714844,48.043540954589844,89.89644622802734,True,1.0,0.0022321429569274187,0.955615758895874,449,0.5732342153787613,unlabeled,0.0,,
P15,663,1774792320000,1774792620000,1774792470000,2026-03-29 06:54:29,43.69363784790039,47.119773864746094,90.5173568725586,True,1.0,0.002217294881120324,0.9556593298912048,452,0.5822232862313589,unlabeled,0.0,,
P15,664,1774792350000,1774792650000,1774792500000,2026-03-29 06:54:59,43.898921966552734,47.356544494628906,91.55921936035156,True,1.0,0.004376367665827274,0.9548922777175903,458,0.6062287539243698,unlabeled,0.0,,
P15,665,1774792380000,1774792680000,1774792530000,2026-03-29 06:55:29,44.6486930847168,45.745845794677734,90.97254180908203,True,1.0,0.0022026430815458298,0.9569227695465088,455,0.5592787911494573,unlabeled,0.0,,
P15,666,1774792410000,1774792710000,1774792560000,2026-03-29 06:55:59,44.010746002197266,47.9395637512207,91.05159759521484,True,1.0,0.004395604599267244,0.9557105898857117,456,0.5504698107639948,unlabeled,0.0,,
P15,667,1774792440000,1774792740000,1774792590000,2026-03-29 06:56:29,44.112274169921875,50.238609313964844,90.7471923828125,True,1.0,0.004415011033415794,0.9551113247871399,454,0.5118107746044794,unlabeled,0.0,,
P15,668,1774792470000,1774792770000,1774792620000,2026-03-29 06:56:59,44.73770523071289,53.33203887939453,90.24407958984375,True,1.0,0.002222222276031971,0.9541500806808472,451,0.4698830147584279,unlabeled,0.0,,
P15,669,1774792500000,1774792800000,1774792650000,2026-03-29 06:57:29,45.265380859375,56.43268585205078,89.88716125488281,True,1.0,0.0066964286379516125,0.9536173343658447,449,0.4339023580153783,unlabeled,0.0,,
P15,670,1774792530000,1774792830000,1774792680000,2026-03-29 06:57:59,47.315189361572266,60.364322662353516,89.11798858642578,True,1.0,0.004494382068514824,0.9565091133117676,446,0.38655853768189746,unlabeled,0.0,,
P15,671,1774792560000,1774792860000,1774792710000,2026-03-29 06:58:29,43.69990921020508,64.2685317993164,87.58805084228516,True,1.0,0.002288329415023327,0.9562893509864807,438,0.3028445988893509,unlabeled,0.0,,
P15,672,1774792590000,1774792890000,1774792740000,2026-03-29 06:58:59,45.219322204589844,66.26548767089844,86.59729766845703,True,1.0,0.0,0.9592413306236267,433,0.2642355312903722,unlabeled,0.0,,
P15,673,1774792620000,1774792920000,1774792770000,2026-03-29 06:59:29,45.53444290161133,67.75780487060547,85.34136199951172,True,1.0,0.002352941082790494,0.9585964679718018,426,0.24883751571178436,unlabeled,0.0,,
P15,674,1774792650000,1774792950000,1774792800000,2026-03-29 06:59:59,43.44881820678711,64.02597045898438,83.49337005615234,True,1.0,0.0072115384973585606,0.9570355415344238,417,0.20749664306640625,unlabeled,0.0,,
P15,675,1774792680000,1774792980000,1774792830000,2026-03-29 07:00:29,43.396461486816406,61.09857940673828,82.39871978759766,True,1.0,0.0,0.9610371589660645,412,0.1862641697128614,unlabeled,0.0,,
P15,676,1774792710000,1774793010000,1774792860000,2026-03-29 07:00:59,42.54806137084961,56.369991302490234,81.9852294921875,True,1.0,0.0,0.9604836702346802,410,0.19707071284453073,unlabeled,0.0,,
P15,677,1774793550000,1774793850000,1774793700000,2026-03-29 07:14:59,37.2706298828125,56.791481018066406,74.9449691772461,True,1.0,0.002680965233594179,0.9616111516952515,374,0.15947623550891876,unlabeled,0.0,,
P15,678,1774793580000,1774793880000,1774793730000,2026-03-29 07:15:29,37.295310974121094,40.46096420288086,74.09363555908203,True,1.0,0.002710027154535055,0.9584731459617615,370,0.13222011302908263,unlabeled,0.0,,
P15,679,1774793610000,1774793910000,1774793760000,2026-03-29 07:15:59,39.17990493774414,38.75754165649414,73.8699951171875,True,1.0,0.0,0.9608526229858398,369,0.12769801169633865,unlabeled,0.0,,
P15,680,1774793640000,1774793940000,1774793790000,2026-03-29 07:16:29,39.41544723510742,41.80708312988281,74.10712432861328,True,1.0,0.002710027154535055,0.9575625658035278,370,0.12365170071522395,unlabeled,0.0,,
P15,681,1774793670000,1774793970000,1774793820000,2026-03-29 07:16:59,39.19053268432617,41.641788482666016,74.09378051757812,True,1.0,0.0,0.962440013885498,370,0.12001837914188702,unlabeled,0.0,,
P15,682,1774793700000,1774794000000,1774793850000,2026-03-29 07:17:29,45.243350982666016,53.6093635559082,74.94326782226562,True,1.0,0.002673796843737364,0.9551437497138977,375,0.15159865965445837,unlabeled,0.0,,
P15,683,1774793730000,1774794030000,1774793880000,2026-03-29 07:17:59,39.86879348754883,51.824493408203125,74.97216033935547,True,1.0,0.002673796843737364,0.9602444171905518,375,0.15076704571644464,unlabeled,0.0,,
P15,684,1774793760000,1774794060000,1774793910000,2026-03-29 07:18:29,39.85343933105469,51.700042724609375,74.60885620117188,True,1.0,0.0,0.9621730446815491,372,0.1549534151951472,unlabeled,0.0,,
P15,685,1774793790000,1774794090000,1774793940000,2026-03-29 07:18:59,41.80445861816406,53.313507080078125,74.91634368896484,True,1.0,0.002680965233594179,0.9572181701660156,374,0.1748396878441175,unlabeled,0.0,,
P15,686,1774793820000,1774794120000,1774793970000,2026-03-29 07:19:29,45.1308708190918,54.972469329833984,74.87393951416016,True,1.0,0.002680965233594179,0.9536007642745972,374,0.18527639657258987,unlabeled,0.0,,
P15,687,1774793850000,1774794150000,1774794000000,2026-03-29 07:19:59,39.7304573059082,53.87321853637695,74.8082046508789,True,1.0,0.0026881720405071974,0.959789514541626,373,0.18609826763470969,unlabeled,0.0,,
P15,688,1774793880000,1774794180000,1774794030000,2026-03-29 07:20:29,37.88524627685547,58.048709869384766,75.18499755859375,True,1.0,0.0,0.9622225761413574,375,0.20143250872691473,unlabeled,0.0,,
P15,689,1774793910000,1774794210000,1774794060000,2026-03-29 07:20:59,42.74585723876953,59.71908187866211,75.52120971679688,True,1.0,0.0026525198481976986,0.960355818271637,378,0.1989032725493113,unlabeled,0.0,,
P15,690,1774793940000,1774794240000,1774794090000,2026-03-29 07:21:29,37.359745025634766,56.2620735168457,75.55776977539062,True,1.0,0.0,0.9628068208694458,377,0.19492120295763016,unlabeled,0.0,,
P15,691,1774793970000,1774794270000,1774794120000,2026-03-29 07:21:59,40.791954040527344,56.751502990722656,75.79499816894531,True,1.0,0.0026385225355625153,0.9583951234817505,380,0.1893343155582746,unlabeled,0.0,,
P15,692,1774794000000,1774794300000,1774794150000,2026-03-29 07:22:29,42.525352478027344,48.627498626708984,75.21491241455078,True,1.0,0.0,0.9573628306388855,376,0.1488425334294637,unlabeled,0.0,,
P15,693,1774794030000,1774794330000,1774794180000,2026-03-29 07:22:59,40.170799255371094,49.21893310546875,75.42302703857422,True,1.0,0.002659574383869767,0.9610453844070435,377,0.14150573313236237,unlabeled,0.0,,
P15,694,1774794060000,1774794360000,1774794210000,2026-03-29 07:23:29,37.59482955932617,47.62757873535156,75.78353881835938,True,1.0,0.0,0.9621948599815369,378,0.13183835645516714,unlabeled,0.0,,
P15,695,1774794090000,1774794390000,1774794240000,2026-03-29 07:23:59,40.78193664550781,48.09516143798828,75.68196868896484,True,1.0,0.0,0.9602472186088562,378,0.10674405843019485,unlabeled,0.0,,
P15,696,1774794120000,1774794420000,1774794270000,2026-03-29 07:24:29,41.03278350830078,48.08967208862305,75.79686737060547,True,1.0,0.0,0.9607038497924805,379,0.09134596586227417,unlabeled,0.0,,
P15,697,1774794150000,1774794450000,1774794300000,2026-03-29 07:24:59,43.186824798583984,47.819374084472656,76.06303405761719,True,1.0,0.0026315790601074696,0.9572025537490845,381,0.09786331156889598,unlabeled,0.0,,
P15,698,1774794180000,1774794480000,1774794330000,2026-03-29 07:25:29,42.368370056152344,48.51756286621094,76.39846801757812,True,1.0,0.0,0.9613013863563538,381,0.10766186192631721,unlabeled,0.0,,
P15,699,1774794210000,1774794510000,1774794360000,2026-03-29 07:25:59,41.56153106689453,47.34056854248047,76.44380187988281,True,1.0,0.002624671906232834,0.9592774510383606,382,0.12202953050533931,unlabeled,0.0,,
P15,700,1774794240000,1774794540000,1774794390000,2026-03-29 07:26:29,40.34847640991211,46.93633270263672,76.57939910888672,True,1.0,0.0,0.958389401435852,383,0.15632118036349615,unlabeled,0.0,,
P15,701,1774794270000,1774794570000,1774794420000,2026-03-29 07:26:59,40.8139762878418,47.93313980102539,76.77632904052734,True,1.0,0.0,0.9585484266281128,384,0.1809235562880834,unlabeled,0.0,,
P15,702,1774794300000,1774794600000,1774794450000,2026-03-29 07:27:29,40.31061935424805,47.560726165771484,76.77063751220703,True,1.0,0.0,0.9624907374382019,384,0.1854052593310674,unlabeled,0.0,,
P15,703,1774794330000,1774794630000,1774794480000,2026-03-29 07:27:59,45.622108459472656,47.59062957763672,76.7649917602539,True,1.0,0.002610966097563505,0.9579695463180542,384,0.1850957547624906,unlabeled,0.0,,
P15,704,1774794360000,1774794660000,1774794510000,2026-03-29 07:28:29,42.76362228393555,46.120582580566406,76.7799301147461,True,1.0,0.0,0.9611904621124268,383,0.18382170796394348,unlabeled,0.0,,
P15,705,1774794390000,1774794690000,1774794540000,2026-03-29 07:28:59,42.692073822021484,45.27643585205078,77.08877563476562,True,1.0,0.0,0.9622834324836731,385,0.18472711741924286,unlabeled,0.0,,
P15,706,1774794420000,1774794720000,1774794570000,2026-03-29 07:29:29,44.03944778442383,45.07920837402344,77.64505004882812,True,1.0,0.0,0.9592170715332031,388,0.1834904352823893,unlabeled,0.0,,
P15,707,1774794450000,1774794750000,1774794600000,2026-03-29 07:29:59,39.40106201171875,49.79058074951172,78.8000717163086,True,1.0,0.0,0.9612199068069458,394,0.17056085914373398,unlabeled,0.0,,
P15,708,1774794480000,1774794780000,1774794630000,2026-03-29 07:30:29,40.97834014892578,59.7379035949707,79.73568725585938,True,1.0,0.0,0.9550902843475342,398,0.15079841762781143,unlabeled,0.0,,
P15,709,1774794510000,1774794810000,1774794660000,2026-03-29 07:30:59,43.78968048095703,90.58637237548828,83.01517486572266,True,1.0,0.004830917809158564,0.945809006690979,415,0.23577478528022766,unlabeled,0.0,,
P15,710,1774794540000,1774794840000,1774794690000,2026-03-29 07:31:29,43.861778259277344,90.65293884277344,84.34440612792969,True,1.0,0.0023809524718672037,0.9484263062477112,421,0.22267810006936392,unlabeled,0.0,,
P15,711,1774794570000,1774794870000,1774794720000,2026-03-29 07:31:59,40.912872314453125,88.36186218261719,84.57769775390625,True,1.0,0.0023752970155328512,0.9505713582038879,422,0.1998529707392057,unlabeled,0.0,,
P15,712,1774794600000,1774794900000,1774794750000,2026-03-29 07:32:29,42.405391693115234,85.74957275390625,85.07723999023438,True,1.0,0.004716981202363968,0.9484443068504333,425,0.19971894472837448,unlabeled,0.0,,
P15,713,1774794630000,1774794930000,1774794780000,2026-03-29 07:32:59,44.993385314941406,84.7633285522461,85.45865631103516,True,1.0,0.004694835748523474,0.9471771121025085,427,0.2181457206606865,unlabeled,0.0,,
P15,714,1774794660000,1774794960000,1774794810000,2026-03-29 07:33:29,44.443809509277344,85.2389144897461,85.39698028564453,True,1.0,0.004694835748523474,0.9467048048973083,427,0.2290043185154597,unlabeled,0.0,,
P15,715,1774794690000,1774794990000,1774794840000,2026-03-29 07:33:59,41.19590759277344,87.37921905517578,85.1075210571289,True,1.0,0.004716981202363968,0.9477390646934509,425,0.23942645639181137,unlabeled,0.0,,
P15,716,1774794720000,1774795020000,1774794870000,2026-03-29 07:34:29,37.81332015991211,90.33674621582031,84.67549896240234,True,1.0,0.007092198356986046,0.9480431079864502,424,0.2503595973054568,unlabeled,0.0,,
P15,717,1774794750000,1774795050000,1774794900000,2026-03-29 07:34:59,43.442996978759766,93.91106414794922,83.49250030517578,True,1.0,0.004807692486792803,0.9466089010238647,417,0.2662992874781291,unlabeled,0.0,,
P15,718,1774794780000,1774795080000,1774794930000,2026-03-29 07:35:29,40.253292083740234,94.37067413330078,81.77294921875,True,1.0,0.007352941203862429,0.9509112238883972,409,0.26709430664777756,unlabeled,0.0,,
P15,719,1774794810000,1774795110000,1774794960000,2026-03-29 07:35:59,37.995460510253906,61.45339584350586,78.287841796875,True,1.0,0.007692307699471712,0.9529317617416382,391,0.1735517606139183,unlabeled,0.0,,
P15,720,1774794840000,1774795140000,1774794990000,2026-03-29 07:36:29,41.26826858520508,52.63371276855469,77.15814208984375,True,1.0,0.0052083334885537624,0.9515272378921509,385,0.15488403787215552,unlabeled,0.0,,
P15,721,1774794870000,1774795170000,1774795020000,2026-03-29 07:36:59,36.70860290527344,50.729103088378906,76.79167938232422,True,1.0,0.0078125,0.9557409286499023,385,0.15816030899683634,unlabeled,0.0,,
P15,722,1774794900000,1774795200000,1774795050000,2026-03-29 07:37:29,34.901641845703125,48.79315948486328,76.15917205810547,True,1.0,0.005263158120214939,0.9575835466384888,381,0.15470594416062036,unlabeled,0.0,,
P15,723,1774794930000,1774795230000,1774795080000,2026-03-29 07:37:59,36.968101501464844,44.85049057006836,75.85728454589844,True,1.0,0.0026455025654286146,0.9546768069267273,379,0.1367506037155787,unlabeled,0.0,,
P15,724,1774794960000,1774795260000,1774795110000,2026-03-29 07:38:29,37.621177673339844,48.180076599121094,76.15408325195312,True,1.0,0.0026315790601074696,0.9560776352882385,381,0.13230416178703308,unlabeled,0.0,,
P15,725,1774794990000,1774795290000,1774795140000,2026-03-29 07:38:59,36.632598876953125,47.809207916259766,76.1855239868164,True,1.0,0.005249343812465668,0.9592919945716858,382,0.1209258958697319,unlabeled,0.0,,
P15,726,1774795020000,1774795320000,1774795170000,2026-03-29 07:39:29,39.42502975463867,49.08283233642578,76.16706085205078,True,1.0,0.0026315790601074696,0.9553083181381226,381,0.11155875772237778,unlabeled,0.0,,
P15,727,1774795050000,1774795350000,1774795200000,2026-03-29 07:39:59,36.89568328857422,53.007476806640625,76.71761322021484,True,1.0,0.002617801073938608,0.9586326479911804,383,0.09933161983887355,unlabeled,0.0,,
P15,728,1774795080000,1774795380000,1774795230000,2026-03-29 07:40:29,41.1795654296875,54.057777404785156,76.74512481689453,True,1.0,0.0078125,0.9523611068725586,385,0.09006078541278839,unlabeled,0.0,,
P15,729,1774795110000,1774795410000,1774795260000,2026-03-29 07:40:59,39.21541213989258,53.15468215942383,76.42545318603516,True,1.0,0.005249343812465668,0.9554337859153748,382,0.08189865450064342,unlabeled,0.0,,
P15,730,1774795140000,1774795440000,1774795290000,2026-03-29 07:41:29,36.94211196899414,49.82548522949219,76.26062774658203,True,1.0,0.007874015718698502,0.9551073908805847,382,0.08535595486561458,unlabeled,0.0,,
P15,731,1774795170000,1774795470000,1774795320000,2026-03-29 07:41:59,38.8753662109375,50.22517013549805,76.40923309326172,True,1.0,0.005249343812465668,0.9541975259780884,382,0.09089057644208272,unlabeled,0.0,,
P15,732,1774795200000,1774795500000,1774795350000,2026-03-29 07:42:29,40.837894439697266,51.53757858276367,76.67680358886719,True,1.0,0.002617801073938608,0.9517242908477783,383,0.09084570407867432,unlabeled,0.0,,
P15,733,1774795230000,1774795530000,1774795380000,2026-03-29 07:42:59,39.178958892822266,51.46417236328125,76.74710083007812,True,1.0,0.002610966097563505,0.9538920521736145,384,0.09131255994240443,unlabeled,0.0,,
P15,734,1774795260000,1774795560000,1774795410000,2026-03-29 07:43:29,35.42422103881836,48.12466049194336,76.57036590576172,True,1.0,0.002617801073938608,0.9559416174888611,383,0.08537586033344269,unlabeled,0.0,,
P15,735,1774795290000,1774795590000,1774795440000,2026-03-29 07:43:59,36.301395416259766,48.271507263183594,76.86775970458984,True,1.0,0.002610966097563505,0.9523356556892395,384,0.0848163440823555,unlabeled,0.0,,
P15,736,1774795320000,1774795620000,1774795470000,2026-03-29 07:44:29,34.073692321777344,44.804805755615234,76.69668579101562,True,1.0,0.002617801073938608,0.9542489051818848,383,0.08380407343308131,unlabeled,0.0,,
P15,737,1774795350000,1774795650000,1774795500000,2026-03-29 07:44:59,35.44514083862305,46.796417236328125,77.04096221923828,True,1.0,0.005194805096834898,0.9526796936988831,386,0.08249303450187047,unlabeled,0.0,,
P15,738,1774795380000,1774795680000,1774795530000,2026-03-29 07:45:29,39.97694396972656,48.34149169921875,77.53853607177734,True,1.0,0.0,0.9505713582038879,388,0.08558166523774464,unlabeled,0.0,,
P15,739,1774795410000,1774795710000,1774795560000,2026-03-29 07:45:59,34.25210189819336,42.00616455078125,78.47899627685547,True,1.0,0.0025575447361916304,0.9532761573791504,392,0.0860552117228508,unlabeled,0.0,,
P15,740,1774795440000,1774795740000,1774795590000,2026-03-29 07:46:29,38.63932418823242,46.30059051513672,79.25067138671875,True,1.0,0.0,0.9530595541000366,395,0.0816589817404747,unlabeled,0.0,,
P15,741,1774795470000,1774795770000,1774795620000,2026-03-29 07:46:59,40.236385345458984,47.1529541015625,79.77497100830078,True,1.0,0.0,0.9497657418251038,399,0.07368458807468414,unlabeled,0.0,,
P15,742,1774795500000,1774795800000,1774795650000,2026-03-29 07:47:29,33.587581634521484,44.85102462768555,80.43594360351562,True,1.0,0.0024937656708061695,0.9535606503486633,402,0.07566299786170323,unlabeled,0.0,,
P15,743,1774795530000,1774795830000,1774795680000,2026-03-29 07:47:59,37.92987060546875,47.345664978027344,80.66943359375,True,1.0,0.0,0.9534484148025513,403,0.07733417302370071,unlabeled,0.0,,
P15,744,1774795560000,1774795860000,1774795710000,2026-03-29 07:48:29,36.712860107421875,47.22615432739258,80.7066879272461,True,1.0,0.0,0.9536769986152649,403,0.08064768215020497,unlabeled,0.0,,
P15,745,1774795590000,1774795890000,1774795740000,2026-03-29 07:48:59,38.10359191894531,49.59101104736328,80.38971710205078,True,1.0,0.0024937656708061695,0.9516751766204834,402,0.08417085806528728,unlabeled,0.0,,
P15,746,1774795620000,1774795920000,1774795770000,2026-03-29 07:49:29,40.196563720703125,47.82465744018555,81.093017578125,True,1.0,0.0,0.9524590373039246,405,0.08575648814439774,unlabeled,0.0,,
P15,747,1774795650000,1774795950000,1774795800000,2026-03-29 07:49:59,38.617210388183594,47.224998474121094,80.9720687866211,True,1.0,0.0,0.953084409236908,405,0.08685847868522008,unlabeled,0.0,,
P15,748,1774795680000,1774795980000,1774795830000,2026-03-29 07:50:29,40.160682678222656,50.34173583984375,80.7518081665039,True,1.0,0.002487562131136656,0.9486390948295593,403,0.08935204644997914,unlabeled,0.0,,
P15,749,1774795710000,1774796010000,1774795860000,2026-03-29 07:50:59,41.09588623046875,52.540138244628906,80.3891830444336,True,1.0,0.0,0.9486168622970581,402,0.10212696592013042,unlabeled,0.0,,
P15,750,1774795740000,1774796040000,1774795890000,2026-03-29 07:51:29,40.20806121826172,50.04724884033203,79.73222351074219,True,1.0,0.0025125627871602774,0.9476220011711121,399,0.10147804021835327,unlabeled,0.0,,
P15,751,1774795770000,1774796070000,1774795920000,2026-03-29 07:51:59,45.087799072265625,51.451576232910156,79.05085754394531,True,1.0,0.0,0.9480454325675964,395,0.10032179206609726,unlabeled,0.0,,
P15,752,1774795800000,1774796100000,1774795950000,2026-03-29 07:52:29,42.841251373291016,48.59768295288086,78.62512969970703,True,1.0,0.0,0.9495226740837097,393,0.09767358750104904,unlabeled,0.0,,
P15,753,1774795830000,1774796130000,1774795980000,2026-03-29 07:52:59,45.27678680419922,53.00782775878906,79.06021881103516,True,1.0,0.0025316455867141485,0.9449638724327087,396,0.09722269078095754,unlabeled,0.0,,
P15,754,1774795860000,1774796160000,1774796010000,2026-03-29 07:53:29,39.88719940185547,50.87554168701172,79.44376373291016,True,1.0,0.0025252525229007006,0.9474882483482361,397,0.09502240767081578,unlabeled,0.0,,
P15,755,1774795890000,1774796190000,1774796040000,2026-03-29 07:53:59,39.2387809753418,54.222938537597656,80.5609130859375,True,1.0,0.0,0.9527879953384399,402,0.09463858604431152,unlabeled,0.0,,
P15,756,1774795920000,1774796220000,1774796070000,2026-03-29 07:54:29,39.61796188354492,55.16798400878906,80.45685577392578,True,1.0,0.002487562131136656,0.9515644311904907,403,0.095463827252388,unlabeled,0.0,,
P15,757,1774795950000,1774796250000,1774796100000,2026-03-29 07:54:59,38.083309173583984,56.19526290893555,80.30193328857422,True,1.0,0.0024999999441206455,0.9531010985374451,401,0.09395541250705719,unlabeled,0.0,,
P15,758,1774795980000,1774796280000,1774796130000,2026-03-29 07:55:29,39.45514678955078,53.673789978027344,80.3348617553711,True,1.0,0.0,0.9493054151535034,401,0.0887460857629776,unlabeled,0.0,,
P15,759,1774796010000,1774796310000,1774796160000,2026-03-29 07:55:59,34.49958419799805,51.88494873046875,80.32450103759766,True,1.0,0.0,0.9551048874855042,402,0.07631367693344752,unlabeled,0.0,,
P15,760,1774796040000,1774796340000,1774796190000,2026-03-29 07:56:29,38.75609588623047,63.12666702270508,81.78055572509766,True,1.0,0.0,0.9544108510017395,408,0.09390764435132344,unlabeled,0.0,,
P15,761,1774796070000,1774796370000,1774796220000,2026-03-29 07:56:59,44.071693420410156,68.94998931884766,83.55499267578125,True,1.0,0.0023980815894901752,0.9482497572898865,418,0.12936234970887503,unlabeled,0.0,,
P15,762,1774799520000,1774799820000,1774799670000,2026-03-29 08:54:29,43.14088821411133,38.14553451538086,85.96015930175781,True,1.0,0.0023310023825615644,0.9256277680397034,430,0.38833798964818317,transport,300.0,transport:300s:Start driving,
P15,763,1774799550000,1774799850000,1774799700000,2026-03-29 08:54:59,47.919578552246094,43.213775634765625,86.51280212402344,True,1.0,0.0,0.9270320534706116,432,0.3695892592271169,transport,300.0,transport:300s:Start driving,
P15,764,1774799580000,1774799880000,1774799730000,2026-03-29 08:55:29,41.50048828125,41.22461700439453,86.35784149169922,True,1.0,0.002320185536518693,0.9328318238258362,432,0.3603271394968033,transport,300.0,transport:300s:Start driving,
P15,765,1774799610000,1774799910000,1774799760000,2026-03-29 08:55:59,41.00289535522461,41.57852554321289,86.53897857666016,True,1.0,0.0,0.9249933362007141,433,0.3548484990994136,transport,300.0,transport:300s:Start driving,
P15,766,1774799640000,1774799940000,1774799790000,2026-03-29 08:56:29,45.55232620239258,42.458065032958984,86.76459503173828,True,1.0,0.0023094688076525927,0.9190834164619446,434,0.33589133620262146,transport,300.0,transport:300s:Start driving,
P15,767,1774799670000,1774799970000,1774799820000,2026-03-29 08:56:59,43.32747268676758,42.04068374633789,87.1346206665039,True,1.0,0.0,0.9204236268997192,436,0.34588150680065155,transport,300.0,transport:300s:Start driving,
P15,768,1774799700000,1774800000000,1774799850000,2026-03-29 08:57:29,45.079341888427734,44.44385528564453,88.12093353271484,True,1.0,0.0022727272007614374,0.9234574437141418,441,0.3561733861764272,transport,300.0,transport:300s:Start driving,
P15,769,1774799730000,1774800030000,1774799880000,2026-03-29 08:57:59,42.935611724853516,44.93834686279297,88.1908950805664,True,1.0,0.00455580884590745,0.9355039000511169,440,0.37458868821461994,transport,300.0,transport:300s:Start driving,
P15,770,1774799760000,1774800060000,1774799910000,2026-03-29 08:58:29,41.75704574584961,45.367271423339844,88.16951751708984,True,1.0,0.004545454401522875,0.9351024031639099,441,0.3976823886235555,transport,300.0,transport:300s:Start driving,
P15,771,1774799790000,1774800090000,1774799940000,2026-03-29 08:58:59,43.18516540527344,48.59906005859375,88.97150421142578,True,1.0,0.006756756920367479,0.9433978199958801,445,0.4096267521381378,transport,300.0,transport:300s:Start driving,
P15,772,1774799820000,1774800120000,1774799970000,2026-03-29 08:59:29,43.228477478027344,48.37535858154297,89.96620178222656,True,1.0,0.006666666828095913,0.9478099346160889,451,0.4570847700039546,transport,300.0,transport:300s:Start driving,
P15,773,1774799850000,1774800150000,1774800000000,2026-03-29 08:59:59,45.34810256958008,52.430335998535156,90.60845947265625,True,1.0,0.006637168116867542,0.948387622833252,453,0.5188532869021097,transport,300.0,transport:300s:Start driving,
P15,774,1774799880000,1774800180000,1774800030000,2026-03-29 09:00:29,50.88905334472656,65.81090545654297,93.60858917236328,True,1.0,0.0064239827916026115,0.9364141225814819,468,0.6318477590878805,transport,300.0,transport:300s:Start driving,
P15,775,1774799910000,1774800210000,1774800060000,2026-03-29 09:00:59,52.07542037963867,65.53596496582031,95.42268371582031,True,1.0,0.008403361774981022,0.9363285303115845,477,0.6872733732064565,transport,300.0,transport:300s:Start driving,
P15,776,1774799940000,1774800240000,1774800090000,2026-03-29 09:01:29,50.752593994140625,63.99225997924805,95.89888763427734,True,1.0,0.008333333767950535,0.9372868537902832,481,0.7078638672828674,transport,300.0,transport:300s:Start driving,
P15,777,1774799970000,1774800270000,1774800120000,2026-03-29 09:01:59,51.26532745361328,63.95838165283203,96.31593322753906,True,1.0,0.010395010001957417,0.9380698204040527,482,0.6901500523090363,transport,300.0,transport:300s:Start driving,
P15,778,1774800000000,1774800300000,1774800150000,2026-03-29 09:02:29,51.908748626708984,67.94695281982422,96.34049987792969,True,1.0,0.006237006280571222,0.9379094839096069,482,0.6793022354443868,transport,300.0,transport:300s:Start driving,
P15,779,1774800030000,1774800330000,1774800180000,2026-03-29 09:02:59,55.924591064453125,67.6809310913086,96.85921478271484,True,1.0,0.006198347080498934,0.9351518154144287,485,0.6794974605242411,transport,300.0,transport:300s:Start driving,
P15,780,1774800060000,1774800360000,1774800210000,2026-03-29 09:03:29,57.36845016479492,67.82585906982422,97.60770416259766,True,1.0,0.004115226212888956,0.9364503622055054,487,0.6866749823093414,transport,300.0,transport:300s:Start driving,
P15,781,1774800090000,1774800390000,1774800240000,2026-03-29 09:03:59,58.903480529785156,67.31524658203125,98.1023178100586,True,1.0,0.006122448947280645,0.9309040307998657,491,0.6998088856538137,transport,300.0,transport:300s:Start driving,
P15,782,1774800120000,1774800420000,1774800270000,2026-03-29 09:04:29,61.20270538330078,68.27572631835938,98.63432312011719,True,1.0,0.010183298960328102,0.9307539463043213,492,0.649258017539978,transport,300.0,transport:300s:Start driving,
P15,783,1774800150000,1774800450000,1774800300000,2026-03-29 09:04:59,60.25749588012695,68.57084655761719,98.07306671142578,True,1.0,0.0061349691823124886,0.9326806664466858,490,0.5896304845809937,transport,300.0,transport:300s:Start driving,
P15,784,1774800180000,1774800480000,1774800330000,2026-03-29 09:05:29,60.37103271484375,62.324249267578125,96.09904479980469,True,1.0,0.008368200622498989,0.9373459219932556,479,0.4761354774236679,transport,300.0,transport:300s:Start driving,
P15,785,1774800210000,1774800510000,1774800360000,2026-03-29 09:05:59,60.937889099121094,60.059326171875,95.53631591796875,True,1.0,0.012605042196810246,0.9368982315063477,477,0.46129823724428815,transport,300.0,transport:300s:Start driving,
P15,786,1774800240000,1774800540000,1774800390000,2026-03-29 09:06:29,58.791446685791016,57.852638244628906,95.71131896972656,True,1.0,0.012605042196810246,0.9375792145729065,477,0.4710448880990346,transport,300.0,transport:300s:Start driving,
P15,787,1774800270000,1774800570000,1774800420000,2026-03-29 09:06:59,57.1786003112793,55.801883697509766,95.76061248779297,True,1.0,0.008403361774981022,0.9393952488899231,477,0.5276310642560323,transport,300.0,transport:300s:Start driving,
P15,788,1774800300000,1774800600000,1774800450000,2026-03-29 09:07:29,57.066314697265625,51.961788177490234,95.84070587158203,True,1.0,0.008385743945837021,0.9397677779197693,478,0.5469857007265091,transport,300.0,transport:300s:Start driving,
P15,789,1774800330000,1774800630000,1774800480000,2026-03-29 09:07:59,55.09793472290039,51.455074310302734,95.73127746582031,True,1.0,0.012605042196810246,0.9390286207199097,477,0.5246900866429011,transport,300.0,transport:300s:Start driving,
P15,790,1774800360000,1774800660000,1774800510000,2026-03-29 09:08:29,54.48936080932617,48.132171630859375,95.68565368652344,True,1.0,0.012578615918755531,0.9394724369049072,478,0.4793688654899597,transport,300.0,transport:300s:Start driving,
P15,791,1774800390000,1774800690000,1774800540000,2026-03-29 09:08:59,50.726234436035156,46.89847183227539,95.25331115722656,True,1.0,0.012658228166401386,0.945751428604126,475,0.43712731699148816,transport,300.0,transport:300s:Start driving,
P15,792,1774800420000,1774800720000,1774800570000,2026-03-29 09:09:29,50.73451232910156,46.248443603515625,94.45211029052734,True,1.0,0.008510638028383255,0.9474243521690369,471,0.40739848216374713,transport,300.0,transport:300s:Start driving,
P15,793,1774800450000,1774800750000,1774800600000,2026-03-29 09:09:59,49.159637451171875,46.74911117553711,94.78837585449219,True,1.0,0.010593220591545105,0.9483970999717712,473,0.4010816365480423,transport,300.0,transport:300s:Start driving,
P15,794,1774800480000,1774800780000,1774800630000,2026-03-29 09:10:29,49.51239013671875,47.16441345214844,94.92147064208984,True,1.0,0.010548523627221584,0.9487282037734985,475,0.43762511511643726,transport,300.0,transport:300s:Start driving,
P15,795,1774800510000,1774800810000,1774800660000,2026-03-29 09:10:59,47.50709533691406,45.81757354736328,94.63829803466797,True,1.0,0.006355931982398033,0.9505898356437683,473,0.40821585059165955,transport,300.0,transport:300s:Start driving,
P15,796,1774800540000,1774800840000,1774800690000,2026-03-29 09:11:29,48.56702423095703,47.441261291503906,94.23542785644531,True,1.0,0.006382978521287441,0.9512460827827454,471,0.38892683883508045,transport,300.0,transport:300s:Start driving,
P15,797,1774800570000,1774800870000,1774800720000,2026-03-29 09:11:59,50.77446365356445,48.87417221069336,94.22406768798828,True,1.0,0.008510638028383255,0.9513830542564392,471,0.3401947021484375,transport,300.0,transport:300s:Start driving,
P15,798,1774800600000,1774800900000,1774800750000,2026-03-29 09:12:29,48.520263671875,48.157379150390625,94.08460235595703,True,1.0,0.008528784848749638,0.9520222544670105,470,0.3600960522890091,transport,300.0,transport:300s:Start driving,
P15,799,1774800630000,1774800930000,1774800780000,2026-03-29 09:12:59,46.20044708251953,47.00615692138672,94.37577056884766,True,1.0,0.006382978521287441,0.953964114189148,471,0.3660473972558975,transport,300.0,transport:300s:Start driving,
P15,800,1774800660000,1774800960000,1774800810000,2026-03-29 09:13:29,44.350624084472656,46.04148483276367,94.06645965576172,True,1.0,0.010660980828106403,0.9532724022865295,470,0.36427215735117596,transport,300.0,transport:300s:Start driving,
P15,801,1774800690000,1774800990000,1774800840000,2026-03-29 09:13:59,48.437564849853516,48.84939193725586,93.3775863647461,True,1.0,0.012847965583205223,0.9562877416610718,468,0.3642621537049611,transport,300.0,transport:300s:Start driving,
P15,802,1774800720000,1774801020000,1774800870000,2026-03-29 09:14:29,47.56705856323242,49.197017669677734,93.34231567382812,True,1.0,0.008602150715887547,0.9544537663459778,466,0.3667082190513611,transport,300.0,transport:300s:Start driving,
P15,803,1774800750000,1774801050000,1774800900000,2026-03-29 09:14:59,50.361141204833984,49.902801513671875,92.8455581665039,True,1.0,0.01293103490024805,0.9551476240158081,465,0.3680977374315262,transport,300.0,transport:300s:Start driving,
P15,804,1774800780000,1774801080000,1774800930000,2026-03-29 09:15:29,50.34298324584961,51.01045227050781,92.26825714111328,True,1.0,0.010869565419852734,0.9578333497047424,461,0.33785636226336163,transport,300.0,transport:300s:Start driving,
P15,805,1774800810000,1774801110000,1774800960000,2026-03-29 09:15:59,49.40017318725586,53.08848571777344,91.78007507324219,True,1.0,0.010917030274868011,0.9577561616897583,459,0.33102338512738544,transport,300.0,transport:300s:Start driving,
P15,806,1774800840000,1774801140000,1774800990000,2026-03-29 09:16:29,47.717185974121094,53.1802864074707,92.3958511352539,True,1.0,0.008676789700984955,0.9567123055458069,462,0.3569808055957158,transport,300.0,transport:300s:Start driving,
P15,807,1774800870000,1774801170000,1774801020000,2026-03-29 09:16:59,48.775367736816406,54.091583251953125,92.7826919555664,True,1.0,0.00647948170080781,0.9567400813102722,464,0.360210453470548,transport,300.0,transport:300s:Start driving,
P15,808,1774800900000,1774801200000,1774801050000,2026-03-29 09:17:29,49.67714309692383,55.11164855957031,92.33468627929688,True,1.0,0.008676789700984955,0.9551751613616943,462,0.3134961078564326,transport,300.0,transport:300s:Start driving,
P15,809,1774800930000,1774801230000,1774801080000,2026-03-29 09:17:59,51.246891021728516,55.55754089355469,91.3520736694336,True,1.0,0.00657894741743803,0.9555451273918152,457,0.2834120939175288,transport,300.0,transport:300s:Start driving,
P15,810,1774800960000,1774801260000,1774801110000,2026-03-29 09:18:29,51.93853759765625,56.61423110961914,91.4979476928711,True,1.0,0.004385964944958687,0.9543161392211914,457,0.30852436522642773,transport,300.0,transport:300s:Start driving,
P15,811,1774800990000,1774801290000,1774801140000,2026-03-29 09:18:59,49.519287109375,55.79465866088867,91.90386199951172,True,1.0,0.006550218444317579,0.9522237777709961,459,0.3275945882002513,transport,300.0,transport:300s:Start driving,
P15,812,1774801020000,1774801320000,1774801170000,2026-03-29 09:19:29,47.94984436035156,55.399044036865234,91.65127563476562,True,1.0,0.0065645514987409115,0.9524865746498108,458,0.31792216499646503,transport,300.0,transport:300s:Start driving,
P15,813,1774801050000,1774801350000,1774801200000,2026-03-29 09:19:59,46.08716583251953,55.42115020751953,91.16667175292969,True,1.0,0.0044052861630916595,0.9515693187713623,455,0.311179851492246,transport,300.0,transport:300s:Start driving,
P15,814,1774801080000,1774801380000,1774801230000,2026-03-29 09:20:29,46.82244110107422,55.094879150390625,91.7360610961914,True,1.0,0.0,0.9528185725212097,458,0.33406615753968555,transport,300.0,transport:300s:Start driving,
P15,815,1774801110000,1774801410000,1774801260000,2026-03-29 09:20:59,45.290103912353516,52.31783676147461,91.98418426513672,True,1.0,0.0,0.9535569548606873,459,0.3462572892506917,transport,300.0,transport:300s:Start driving,
P15,816,1774801140000,1774801440000,1774801290000,2026-03-29 09:21:29,45.583316802978516,53.105430603027344,92.05702209472656,True,1.0,0.004357298370450735,0.9515136480331421,460,0.3359348376592,transport,300.0,transport:300s:Start driving,
P15,817,1774801170000,1774801470000,1774801320000,2026-03-29 09:21:59,44.527069091796875,50.6274528503418,91.6841812133789,True,1.0,0.0021929824724793434,0.9529755711555481,457,0.3308946192264557,transport,300.0,transport:300s:Start driving,
P15,818,1774801200000,1774801500000,1774801350000,2026-03-29 09:22:29,45.776607513427734,50.330177307128906,91.54742431640625,True,1.0,0.004385964944958687,0.9501022100448608,457,0.3376154750585556,transport,300.0,transport:300s:Start driving,
P15,819,1774801230000,1774801530000,1774801380000,2026-03-29 09:22:59,44.665164947509766,49.61044692993164,92.0499496459961,True,1.0,0.004357298370450735,0.952052652835846,460,0.36394718289375305,transport,300.0,transport:300s:Start driving,
P15,820,1774801260000,1774801560000,1774801410000,2026-03-29 09:23:29,46.41254425048828,51.723655700683594,92.46333312988281,True,1.0,0.004338394850492477,0.95162433385849,462,0.35201746225357056,transport,300.0,transport:300s:Start driving,
P15,821,1774801290000,1774801590000,1774801440000,2026-03-29 09:23:59,45.266605377197266,50.5229377746582,92.83129119873047,True,1.0,0.0021645021624863148,0.9533095955848694,463,0.3601355353991191,transport,300.0,transport:300s:Start driving,
P15,822,1774801320000,1774801620000,1774801470000,2026-03-29 09:24:29,44.902076721191406,48.35386276245117,93.49772644042969,True,1.0,0.0021459227427840233,0.9542161226272583,467,0.3893713603417079,transport,300.0,transport:300s:Start driving,
P15,823,1774801350000,1774801650000,1774801500000,2026-03-29 09:24:59,45.30551528930664,45.73848342895508,94.2060317993164,True,1.0,0.008510638028383255,0.9491299390792847,471,0.4291595121224721,transport,300.0,transport:300s:Start driving,
P15,824,1774801380000,1774801680000,1774801530000,2026-03-29 09:25:29,44.78352737426758,46.62003707885742,93.77368927001953,True,1.0,0.004282655194401741,0.9560866355895996,468,0.4260813146829605,transport,300.0,transport:300s:Start driving,
P15,825,1774801410000,1774801710000,1774801560000,2026-03-29 09:25:59,47.554954528808594,49.94736099243164,94.54200744628906,True,1.0,0.008510638028383255,0.9533498883247375,471,0.4383099228143692,transport,300.0,transport:300s:Start driving,
P15,826,1774801440000,1774801740000,1774801590000,2026-03-29 09:26:29,46.9681282043457,50.00849914550781,94.2639389038086,True,1.0,0.00849256943911314,0.9520279765129089,472,0.43313105404376984,transport,300.0,transport:300s:Start driving,
P15,827,1774801470000,1774801770000,1774801620000,2026-03-29 09:26:59,46.09715270996094,50.403831481933594,94.19023132324219,True,1.0,0.0063965884037315845,0.9532372355461121,470,0.4216601600249608,transport,300.0,transport:300s:Start driving,
P15,828,1774801500000,1774801800000,1774801650000,2026-03-29 09:27:29,46.588050842285156,53.55235290527344,93.79349517822266,True,1.0,0.0064239827916026115,0.953889787197113,468,0.41282018025716144,transport,300.0,transport:300s:Start driving,
P15,829,1774801530000,1774801830000,1774801680000,2026-03-29 09:27:59,47.63907241821289,53.85375213623047,93.4918212890625,True,1.0,0.010729613713920116,0.9517168998718262,467,0.39422085384527844,transport,300.0,transport:300s:Start driving,
P15,830,1774801560000,1774801860000,1774801710000,2026-03-29 09:28:29,45.104949951171875,51.93964767456055,92.85445404052734,True,1.0,0.010799136012792587,0.9522827863693237,464,0.37460993230342865,transport,300.0,transport:300s:Start driving,
P15,831,1774801590000,1774801890000,1774801740000,2026-03-29 09:28:59,44.85828399658203,52.665470123291016,91.963134765625,True,1.0,0.008733624592423439,0.9516230821609497,459,0.35239556431770325,transport,300.0,transport:300s:Start driving,
P15,832,1774801620000,1774801920000,1774801770000,2026-03-29 09:29:29,46.90049362182617,54.55024337768555,91.34910583496094,True,1.0,0.008791209198534489,0.9501380324363708,456,0.3239721755186717,transport,300.0,transport:300s:Start driving,
P15,833,1774801650000,1774801950000,1774801800000,2026-03-29 09:29:59,47.287296295166016,54.17147445678711,91.05020904541016,True,1.0,0.011013215407729149,0.9480269551277161,455,0.2911631315946579,transport,300.0,transport:300s:Start driving,
P15,834,1774801680000,1774801980000,1774801830000,2026-03-29 09:30:29,49.09096145629883,54.76136016845703,90.67247009277344,True,1.0,0.0044247787445783615,0.9491050243377686,453,0.29429681102434796,transport,300.0,transport:300s:Start driving,
P15,835,1774801710000,1774802010000,1774801860000,2026-03-29 09:30:59,47.1611328125,49.36319351196289,89.66725158691406,True,1.0,0.004464285913854837,0.9494426250457764,449,0.27147995432217914,transport,300.0,transport:300s:Start driving,
P15,836,1774801740000,1774802040000,1774801890000,2026-03-29 09:31:29,47.66984558105469,49.09099197387695,88.85833740234375,True,1.0,0.004514672793447971,0.9496786594390869,444,0.26963401834170025,transport,300.0,transport:300s:Start driving,
P15,837,1774801770000,1774802070000,1774801920000,2026-03-29 09:31:59,47.764339447021484,48.27576446533203,88.14102935791016,True,1.0,0.0022727272007614374,0.9509918689727783,441,0.26769715050856274,transport,300.0,transport:300s:Start driving,
P15,838,1774801800000,1774802100000,1774801950000,2026-03-29 09:32:29,48.482078552246094,47.54544448852539,88.1979751586914,True,1.0,0.006818181835114956,0.9446626305580139,441,0.2718045910199483,transport,300.0,transport:300s:Start driving,
P15,839,1774801830000,1774802130000,1774801980000,2026-03-29 09:32:59,48.47672653198242,48.221195220947266,88.15904235839844,True,1.0,0.006818181835114956,0.9450585246086121,441,0.27143444617589313,transport,300.0,transport:300s:Start driving,
P15,840,1774801860000,1774802160000,1774802010000,2026-03-29 09:33:29,49.19402313232422,48.22791290283203,87.63674926757812,True,1.0,0.006849315017461777,0.9475014805793762,439,0.27537664771080017,transport,300.0,transport:300s:Start driving,
P15,841,1774801890000,1774802190000,1774802040000,2026-03-29 09:33:59,51.04423522949219,51.75157928466797,88.21214294433594,True,1.0,0.00907029490917921,0.9466297030448914,442,0.2970111121733983,transport,300.0,transport:300s:Start driving,
P15,842,1774801920000,1774802220000,1774802070000,2026-03-29 09:34:29,49.491920471191406,51.06770706176758,88.04387664794922,True,1.0,0.011363636702299118,0.9468095898628235,441,0.3090004821618398,transport,300.0,transport:300s:Start driving,
P15,843,1774801950000,1774802250000,1774802100000,2026-03-29 09:34:59,49.95973587036133,51.04960632324219,88.221435546875,True,1.0,0.01814058981835842,0.9464781284332275,442,0.30682144065697986,transport,300.0,transport:300s:Start driving,
P15,844,1774801980000,1774802280000,1774802130000,2026-03-29 09:35:29,49.79399490356445,51.006011962890625,87.93415832519531,True,1.0,0.020501138642430305,0.9441178441047668,440,0.2851630200942357,transport,300.0,transport:300s:Start driving,
P15,845,1774802010000,1774802310000,1774802160000,2026-03-29 09:35:59,52.149383544921875,51.98127365112305,87.66185760498047,True,1.0,0.01826483942568302,0.9443623423576355,439,0.31711796422799426,transport,300.0,transport:300s:Start driving,
P15,846,1774802040000,1774802340000,1774802190000,2026-03-29 09:36:29,50.50001525878906,51.16901779174805,88.2426528930664,True,1.0,0.020501138642430305,0.9411771893501282,440,0.3301452348629634,transport,300.0,transport:300s:Start driving,
P15,847,1774802070000,1774802370000,1774802220000,2026-03-29 09:36:59,50.3552131652832,52.71242141723633,88.2896728515625,True,1.0,0.020408162847161293,0.9408977031707764,442,0.34137673676013947,transport,300.0,transport:300s:Start driving,
P15,848,1774802100000,1774802400000,1774802250000,2026-03-29 09:37:29,52.17061996459961,54.378211975097656,88.31871032714844,True,1.0,0.0181818176060915,0.9467786550521851,441,0.3558182269334793,transport,300.0,transport:300s:Start driving,
P15,849,1774802130000,1774802430000,1774802280000,2026-03-29 09:37:59,53.34651184082031,54.85483169555664,87.7687759399414,True,1.0,0.013729977421462536,0.9448132514953613,438,0.34204666316509247,transport,300.0,transport:300s:Start driving,
P15,850,1774802160000,1774802460000,1774802310000,2026-03-29 09:38:29,53.55699157714844,56.515499114990234,87.66062927246094,True,1.0,0.016055045649409294,0.9436185956001282,437,0.3310299217700958,transport,300.0,transport:300s:Start driving,
P15,851,1774802190000,1774802490000,1774802340000,2026-03-29 09:38:59,51.23412322998047,53.743587493896484,86.87853240966797,True,1.0,0.013856813311576843,0.9461425542831421,434,0.30579569439093274,transport,300.0,transport:300s:Start driving,
P15,852,1774802220000,1774802520000,1774802370000,2026-03-29 09:39:29,51.873573303222656,55.44931411743164,86.39453125,True,1.0,0.009302325546741486,0.9486042857170105,431,0.296921044588089,transport,300.0,transport:300s:Start driving,
P15,853,1774802250000,1774802550000,1774802400000,2026-03-29 09:39:59,53.5325927734375,55.288291931152344,85.64833068847656,True,1.0,0.007009345572441816,0.9462484121322632,429,0.2957945913076401,transport,300.0,transport:300s:Start driving,
P15,854,1774802280000,1774802580000,1774802430000,2026-03-29 09:40:29,52.2197151184082,55.86845779418945,85.99208068847656,True,1.0,0.009324009530246258,0.9444390535354614,430,0.3036315441131592,transport,300.0,transport:300s:Start driving,
P15,855,1774802310000,1774802610000,1774802460000,2026-03-29 09:40:59,52.64908981323242,58.30217361450195,86.07426452636719,True,1.0,0.00699300691485405,0.9443039894104004,430,0.2996603548526764,transport,300.0,transport:300s:Start driving,
P15,856,1774802340000,1774802640000,1774802490000,2026-03-29 09:41:29,52.971317291259766,60.21310806274414,86.1397476196289,True,1.0,0.004651162773370743,0.9475718140602112,431,0.2971722235282262,transport,300.0,transport:300s:Start driving,
P15,857,1774802370000,1774802670000,1774802520000,2026-03-29 09:41:59,51.73987579345703,60.12260055541992,86.09992980957031,True,1.0,0.009302325546741486,0.9459352493286133,431,0.31001808245976764,transport,300.0,transport:300s:Start driving,
P15,858,1774802400000,1774802700000,1774802550000,2026-03-29 09:42:29,51.1422004699707,60.92697525024414,85.88732147216797,True,1.0,0.004672897048294544,0.9454255104064941,429,0.3016930470863978,transport,300.0,transport:300s:Start driving,
P15,859,1774802430000,1774802730000,1774802580000,2026-03-29 09:42:59,51.68532180786133,62.65180206298828,86.26361083984375,True,1.0,0.004662004765123129,0.946189820766449,430,0.31814226508140564,transport,300.0,transport:300s:Start driving,
P15,860,1774802460000,1774802760000,1774802610000,2026-03-29 09:43:29,55.35667037963867,62.81529998779297,86.42342376708984,True,1.0,0.009259259328246117,0.9416996240615845,433,0.3272017737229665,transport,300.0,transport:300s:Start driving,
P15,861,1774802490000,1774802790000,1774802640000,2026-03-29 09:43:59,55.43596649169922,63.14302444458008,86.0766372680664,True,1.0,0.013953488320112228,0.9409819841384888,431,0.32536465922991437,transport,300.0,transport:300s:Start driving,
P15,862,1774802520000,1774802820000,1774802670000,2026-03-29 09:44:29,53.82912826538086,65.49825286865234,87.23652648925781,True,1.0,0.016091953963041306,0.9388439059257507,436,0.35316869616508484,transport,300.0,transport:300s:Start driving,
P15,863,1774802550000,1774802850000,1774802700000,2026-03-29 09:44:59,53.78955841064453,65.31718444824219,87.194091796875,True,1.0,0.02068965509533882,0.9358052015304565,436,0.3662855376799901,transport,300.0,rest_sitting:2s:start playing with my dogs -> end playing with the dogs | transport:300s:Start driving,
P15,864,1774802580000,1774802880000,1774802730000,2026-03-29 09:45:29,54.2540397644043,67.26334381103516,86.6284408569336,True,1.0,0.016166280955076218,0.9415305256843567,434,0.35006649792194366,transport,300.0,rest_sitting:32s:start playing with my dogs -> end playing with the dogs | transport:300s:Start driving,
P15,865,1774802610000,1774802910000,1774802760000,2026-03-29 09:45:59,54.40797805786133,71.17404174804688,86.85054779052734,True,1.0,0.018433179706335068,0.9386483430862427,435,0.35501455267270404,transport,300.0,rest_sitting:62s:start playing with my dogs -> end playing with the dogs | transport:300s:Start driving,
P15,866,1774802640000,1774802940000,1774802790000,2026-03-29 09:46:29,52.267677307128906,68.88711547851562,86.8437728881836,True,1.0,0.0138248847797513,0.9403329491615295,435,0.3681783229112625,transport,300.0,rest_sitting:92s:start playing with my dogs -> end playing with the dogs | transport:300s:Start driving,
P15,867,1774802670000,1774802970000,1774802820000,2026-03-29 09:46:59,52.92741012573242,67.88410186767578,87.32166290283203,True,1.0,0.016091953963041306,0.9348410367965698,436,0.3460805763800939,transport,300.0,rest_sitting:122s:start playing with my dogs -> end playing with the dogs | transport:300s:Start driving,
P15,868,1774802700000,1774803000000,1774802850000,2026-03-29 09:47:29,52.22647476196289,67.04942321777344,87.3916244506836,True,1.0,0.016055045649409294,0.9340738654136658,437,0.3332073787848155,transport,300.0,rest_sitting:152s:start playing with my dogs -> end playing with the dogs | transport:300s:Start driving,
P15,869,1774802730000,1774803030000,1774802880000,2026-03-29 09:47:59,54.13198471069336,66.80730438232422,87.34485626220703,True,1.0,0.016018306836485863,0.9329783916473389,438,0.3243935853242874,transport,300.0,rest_sitting:182s:start playing with my dogs -> end playing with the dogs | transport:300s:Start driving,
P15,870,1774802760000,1774803060000,1774802910000,2026-03-29 09:48:29,54.7990837097168,66.3276138305664,87.42257690429688,True,1.0,0.013761468231678009,0.9340873956680298,437,0.321694016456604,transport,300.0,rest_sitting:212s:start playing with my dogs -> end playing with the dogs | transport:300s:Start driving,
P15,871,1774802790000,1774803090000,1774802940000,2026-03-29 09:48:59,52.466339111328125,65.29044342041016,87.7330322265625,True,1.0,0.006864988710731268,0.9376850724220276,438,0.31625866889953613,transport,300.0,rest_sitting:242s:start playing with my dogs -> end playing with the dogs | transport:300s:Start driving,
P15,872,1774802820000,1774803120000,1774802970000,2026-03-29 09:49:29,51.24468231201172,62.501468658447266,87.2452392578125,True,1.0,0.0023041474632918835,0.9388626217842102,435,0.292353019118309,transport,300.0,rest_sitting:272s:start playing with my dogs -> end playing with the dogs | transport:300s:Start driving,
P15,873,1774802850000,1774803150000,1774803000000,2026-03-29 09:49:59,52.064334869384766,62.771148681640625,87.6561050415039,True,1.0,0.004587155766785145,0.9387558698654175,437,0.28271694481372833,rest_sitting,300.0,rest_sitting:300s:start playing with my dogs -> end playing with the dogs | transport:300s:Start driving,
P15,874,1774802880000,1774803180000,1774803030000,2026-03-29 09:50:29,51.266971588134766,60.4206428527832,88.19525909423828,True,1.0,0.006833713036030531,0.9362397789955139,440,0.2886522461970647,rest_sitting,300.0,rest_sitting:300s:start playing with my dogs -> end playing with the dogs | transport:300s:Start driving,
P15,875,1774802910000,1774803210000,1774803060000,2026-03-29 09:50:59,49.915870666503906,56.165096282958984,88.81610107421875,True,1.0,0.009049774147570133,0.9371733069419861,443,0.27697522441546124,rest_sitting,300.0,rest_sitting:300s:start playing with my dogs -> end playing with the dogs | transport:300s:Start driving,
P15,876,1774802940000,1774803240000,1774803090000,2026-03-29 09:51:29,53.16016387939453,57.301998138427734,88.51634216308594,True,1.0,0.006818181835114956,0.9364430904388428,441,0.24724392096201578,rest_sitting,300.0,rest_sitting:300s:start playing with my dogs -> end playing with the dogs | transport:300s:Start driving,
P15,877,1774802970000,1774803270000,1774803120000,2026-03-29 09:51:59,50.58285140991211,57.7852897644043,87.7383804321289,True,1.0,0.006864988710731268,0.9407932758331299,438,0.2403291886051496,rest_sitting,300.0,rest_sitting:300s:start playing with my dogs -> end playing with the dogs | transport:300s:Start driving,
P15,878,1774803000000,1774803300000,1774803150000,2026-03-29 09:52:29,49.907073974609375,58.18775939941406,87.68365478515625,True,1.0,0.006864988710731268,0.9453995823860168,438,0.2528325567642848,rest_sitting,300.0,rest_sitting:300s:start playing with my dogs -> end playing with the dogs | transport:300s:Start driving,
P15,879,1774803030000,1774803330000,1774803180000,2026-03-29 09:52:59,46.899681091308594,59.02944564819336,87.16561126708984,True,1.0,0.006896551698446274,0.9453009963035583,436,0.24904986222585043,rest_sitting,300.0,rest_sitting:300s:start playing with my dogs -> end playing with the dogs | transport:300s:Start driving,
P15,880,1774803060000,1774803360000,1774803210000,2026-03-29 09:53:29,45.63340759277344,58.26776123046875,87.41313934326172,True,1.0,0.004587155766785145,0.9483026266098022,437,0.2656178002556165,rest_sitting,300.0,rest_sitting:300s:start playing with my dogs -> end playing with the dogs | transport:300s:Start driving,
P15,881,1774803090000,1774803390000,1774803240000,2026-03-29 09:53:59,48.481971740722656,59.23212432861328,87.34954071044922,True,1.0,0.004597701132297516,0.945546567440033,436,0.2599065105120341,rest_sitting,300.0,rest_sitting:300s:start playing with my dogs -> end playing with the dogs | transport:300s:Start driving,
P15,882,1774803120000,1774803420000,1774803270000,2026-03-29 09:54:29,50.09892272949219,59.47211456298828,87.33580780029297,True,1.0,0.004597701132297516,0.9450187087059021,436,0.2778035153945287,rest_sitting,300.0,rest_sitting:300s:start playing with my dogs -> end playing with the dogs | transport:300s:Start driving,
P15,883,1774803150000,1774803450000,1774803300000,2026-03-29 09:54:59,47.25393295288086,57.9106330871582,87.1915283203125,True,1.0,0.004597701132297516,0.9452158212661743,436,0.33406321207682294,rest_sitting,300.0,rest_sitting:300s:start playing with my dogs -> end playing with the dogs | transport:300s:Start driving,
P15,884,1774803180000,1774803480000,1774803330000,2026-03-29 09:55:29,47.97275161743164,57.83602523803711,87.24268341064453,True,1.0,0.006896551698446274,0.9455118775367737,436,0.3288039614756902,rest_sitting,300.0,rest_sitting:300s:start playing with my dogs -> end playing with the dogs | transport:300s:Start driving,
P15,885,1774803210000,1774803510000,1774803360000,2026-03-29 09:55:59,53.584659576416016,56.51887512207031,86.54256439208984,True,1.0,0.002320185536518693,0.9457111954689026,432,0.31065082053343457,rest_sitting,300.0,rest_sitting:300s:start playing with my dogs -> end playing with the dogs | transport:300s:Start driving,
P15,886,1774803240000,1774803540000,1774803390000,2026-03-29 09:56:29,56.00714874267578,57.500083923339844,86.26180267333984,True,1.0,0.0023255813866853714,0.9355267882347107,431,0.3216683616240819,rest_sitting,300.0,rest_sitting:300s:start playing with my dogs -> end playing with the dogs | transport:300s:Start driving,
P15,887,1774803270000,1774803570000,1774803420000,2026-03-29 09:56:59,52.55146789550781,56.31481170654297,86.45995330810547,True,1.0,0.002320185536518693,0.9449107646942139,432,0.3216828058163325,rest_sitting,300.0,rest_sitting:300s:start playing with my dogs -> end playing with the dogs | transport:300s:Start driving,
P15,888,1774803300000,1774803600000,1774803450000,2026-03-29 09:57:29,54.36955261230469,57.512779235839844,86.44449615478516,True,1.0,0.004640371073037386,0.9434201121330261,432,0.3105144649744034,rest_sitting,300.0,rest_sitting:300s:start playing with my dogs -> end playing with the dogs | transport:300s:Start driving,
P15,889,1774803330000,1774803630000,1774803480000,2026-03-29 09:57:59,54.4522819519043,56.906925201416016,87.10909271240234,True,1.0,0.00691244238987565,0.9437490105628967,435,0.3111517330010732,rest_sitting,300.0,rest_sitting:300s:start playing with my dogs -> end playing with the dogs | transport:300s:Start driving,
P15,890,1774803360000,1774803660000,1774803510000,2026-03-29 09:58:29,56.25164794921875,56.751583099365234,87.12686920166016,True,1.0,0.009216589853167534,0.9393844604492188,435,0.2903598298629125,rest_sitting,300.0,rest_sitting:300s:start playing with my dogs -> end playing with the dogs | transport:300s:Start driving,
P15,891,1774803390000,1774803690000,1774803540000,2026-03-29 09:58:59,54.61677932739258,56.63935089111328,87.27550506591797,True,1.0,0.009216589853167534,0.942425549030304,435,0.29560652871926624,rest_sitting,300.0,rest_sitting:300s:start playing with my dogs -> end playing with the dogs | transport:300s:Start driving,
P15,892,1774803420000,1774803720000,1774803570000,2026-03-29 09:59:29,53.023101806640625,56.1627082824707,86.64347076416016,True,1.0,0.009280742146074772,0.946053683757782,432,0.2684424618879954,rest_sitting,300.0,rest_sitting:300s:start playing with my dogs -> end playing with the dogs | transport:300s:Start driving,
P15,893,1774803450000,1774803750000,1774803600000,2026-03-29 09:59:59,57.832794189453125,56.672767639160156,86.30327606201172,True,1.0,0.011600928381085396,0.9303491711616516,432,0.1969787726799647,rest_sitting,300.0,rest_sitting:300s:start playing with my dogs -> end playing with the dogs | transport:300s:Start driving,
P15,894,1774803480000,1774803780000,1774803630000,2026-03-29 10:00:29,60.50490188598633,57.3924446105957,86.03447723388672,True,1.0,0.009345794096589088,0.9415138363838196,429,0.19362525641918182,rest_sitting,300.0,rest_sitting:300s:start playing with my dogs -> end playing with the dogs | transport:300s:Start driving,
P15,895,1774803510000,1774803810000,1774803660000,2026-03-29 10:00:59,58.0039176940918,57.10848617553711,86.19451141357422,True,1.0,0.011627906933426857,0.9402295351028442,431,0.204510028163592,rest_sitting,300.0,rest_sitting:300s:start playing with my dogs -> end playing with the dogs | transport:300s:Start driving,
P15,896,1774803540000,1774803840000,1774803690000,2026-03-29 10:01:29,59.19944763183594,57.00462341308594,86.25704956054688,True,1.0,0.011627906933426857,0.9418683648109436,431,0.2146052991350492,rest_sitting,300.0,rest_sitting:300s:start playing with my dogs -> end playing with the dogs | transport:300s:Start driving,
P15,897,1774803570000,1774803870000,1774803720000,2026-03-29 10:01:59,59.85944747924805,56.775943756103516,86.42672729492188,True,1.0,0.011600928381085396,0.9413909316062927,432,0.22058231631914774,rest_sitting,300.0,rest_sitting:300s:start playing with my dogs -> end playing with the dogs | transport:300s:Start driving,
P15,898,1774803600000,1774803900000,1774803750000,2026-03-29 10:02:29,59.4424934387207,54.69270706176758,86.37981414794922,True,1.0,0.011600928381085396,0.9394017457962036,432,0.2213452806075414,rest_sitting,300.0,rest_sitting:300s:start playing with my dogs -> end playing with the dogs | transport:300s:Start driving,
P15,899,1774803630000,1774803930000,1774803780000,2026-03-29 10:02:59,60.32427978515625,54.173362731933594,86.24565887451172,True,1.0,0.011627906933426857,0.9415000081062317,431,0.2509563093384107,rest_sitting,300.0,rest_sitting:300s:start playing with my dogs -> end playing with the dogs | transport:300s:Start driving,
P15,900,1774803660000,1774803960000,1774803810000,2026-03-29 10:03:29,59.13701629638672,56.024993896484375,86.13005828857422,True,1.0,0.006976744160056114,0.9422835111618042,431,0.26599157849947613,rest_sitting,300.0,rest_sitting:300s:start playing with my dogs -> end playing with the dogs | transport:300s:Start driving,
P15,901,1774803690000,1774803990000,1774803840000,2026-03-29 10:03:59,58.31178283691406,56.37282180786133,86.50348663330078,True,1.0,0.0069605568423867226,0.9419686794281006,432,0.2705104450384776,rest_sitting,300.0,rest_sitting:300s:start playing with my dogs -> end playing with the dogs | transport:300s:Start driving,
P15,902,1774803720000,1774804020000,1774803870000,2026-03-29 10:04:29,60.83296203613281,57.004608154296875,86.89559173583984,True,1.0,0.00923787523061037,0.9397395849227905,434,0.28810057292381924,rest_sitting,300.0,rest_sitting:300s:start playing with my dogs -> end playing with the dogs | transport:300s:Start driving,
P15,903,1774803750000,1774804050000,1774803900000,2026-03-29 10:04:59,57.23586654663086,57.339942932128906,86.87713623046875,True,1.0,0.006928406655788422,0.9420499205589294,434,0.31514399001995724,rest_sitting,300.0,rest_sitting:300s:start playing with my dogs -> end playing with the dogs | transport:300s:Start driving,
P15,904,1774803780000,1774804080000,1774803930000,2026-03-29 10:05:29,55.61687469482422,58.55885314941406,86.38630676269531,True,1.0,0.004640371073037386,0.9420750141143799,432,0.31128685424725216,rest_sitting,300.0,rest_sitting:300s:start playing with my dogs -> end playing with the dogs | transport:300s:Start driving,
P15,905,1774803810000,1774804110000,1774803960000,2026-03-29 10:05:59,55.19902801513672,59.07924270629883,86.14457702636719,True,1.0,0.004662004765123129,0.9442784190177917,430,0.3084692532817523,rest_sitting,300.0,rest_sitting:300s:start playing with my dogs -> end playing with the dogs | transport:300s:Start driving,
P15,906,1774803840000,1774804140000,1774803990000,2026-03-29 10:06:29,52.01249694824219,57.892154693603516,86.0993423461914,True,1.0,0.00699300691485405,0.9429183602333069,430,0.2848623941342036,rest_sitting,300.0,rest_sitting:300s:start playing with my dogs -> end playing with the dogs | transport:300s:Start driving,
P15,907,1774803870000,1774804170000,1774804020000,2026-03-29 10:06:59,51.358848571777344,58.4158821105957,86.50044250488281,True,1.0,0.004640371073037386,0.9442264437675476,432,0.2970120708147685,rest_sitting,300.0,rest_sitting:300s:start playing with my dogs -> end playing with the dogs | transport:300s:Start driving,
P15,908,1774803900000,1774804200000,1774804050000,2026-03-29 10:07:29,51.92792510986328,58.5445442199707,86.67635345458984,True,1.0,0.009259259328246117,0.9449031352996826,433,0.33479107916355133,rest_sitting,300.0,rest_sitting:300s:start playing with my dogs -> end playing with the dogs | transport:300s:Start driving,
P15,909,1774803930000,1774804230000,1774804080000,2026-03-29 10:07:59,49.692588806152344,58.3436279296875,86.40892791748047,True,1.0,0.011574073694646358,0.9385639429092407,433,0.326247642437617,rest_sitting,300.0,rest_sitting:300s:start playing with my dogs -> end playing with the dogs | transport:300s:Start driving,
P15,910,1774803960000,1774804260000,1774804110000,2026-03-29 10:08:29,49.51090621948242,57.55875015258789,86.15019226074219,True,1.0,0.011627906933426857,0.9382530450820923,431,0.34414537250995636,rest_sitting,300.0,rest_sitting:300s:start playing with my dogs -> end playing with the dogs | transport:300s:Start driving,
P15,911,1774803990000,1774804290000,1774804140000,2026-03-29 10:08:59,49.58143997192383,56.50654602050781,85.62848663330078,True,1.0,0.009367681108415127,0.9407541155815125,428,0.3611998235185941,rest_sitting,300.0,rest_sitting:300s:start playing with my dogs -> end playing with the dogs | transport:300s:Start driving,
P15,912,1774804020000,1774804320000,1774804170000,2026-03-29 10:09:29,52.7635612487793,58.61885452270508,85.96304321289062,True,1.0,0.00699300691485405,0.9394894242286682,430,0.3563019434611003,rest_sitting,300.0,rest_sitting:300s:start playing with my dogs -> end playing with the dogs | transport:300s:Start driving,
P15,913,1774804050000,1774804350000,1774804200000,2026-03-29 10:09:59,53.085819244384766,59.97244644165039,86.72444915771484,True,1.0,0.006928406655788422,0.93784499168396,434,0.3675425350666046,transport,300.0,rest_sitting:293s:start playing with my dogs -> end playing with the dogs | transport:300s:Start driving,"I have a bad headache, it started when I woke up around 8am but I wasn't wearing the devices then"
P15,914,1774804080000,1774804380000,1774804230000,2026-03-29 10:10:29,53.179996490478516,58.479705810546875,87.44425964355469,True,1.0,0.01146788988262415,0.9379746913909912,437,0.371570164958636,transport,300.0,rest_sitting:263s:start playing with my dogs -> end playing with the dogs | transport:300s:Start driving,"I have a bad headache, it started when I woke up around 8am but I wasn't wearing the devices then"
P15,915,1774804110000,1774804410000,1774804260000,2026-03-29 10:10:59,54.512725830078125,57.510093688964844,87.3336181640625,True,1.0,0.01149425283074379,0.9373462200164795,436,0.3627763589223226,transport,300.0,rest_sitting:233s:start playing with my dogs -> end playing with the dogs | transport:300s:Start driving,"I have a bad headache, it started when I woke up around 8am but I wasn't wearing the devices then"
P15,916,1774804140000,1774804440000,1774804290000,2026-03-29 10:11:29,55.12715530395508,59.445072174072266,88.06781005859375,True,1.0,0.011363636702299118,0.9358924627304077,441,0.3862135608990987,transport,300.0,rest_sitting:203s:start playing with my dogs -> end playing with the dogs | transport:300s:Start driving,"I have a bad headache, it started when I woke up around 8am but I wasn't wearing the devices then"
P15,917,1774804170000,1774804470000,1774804320000,2026-03-29 10:11:59,54.47627639770508,59.0588264465332,87.59123992919922,True,1.0,0.009153317660093307,0.9377326965332031,438,0.37837990125020343,transport,300.0,rest_sitting:173s:start playing with my dogs -> end playing with the dogs | transport:300s:Start driving,"I have a bad headache, it started when I woke up around 8am but I wasn't wearing the devices then"
P15,918,1774804200000,1774804500000,1774804350000,2026-03-29 10:12:29,53.07807922363281,59.857460021972656,87.08840942382812,True,1.0,0.00691244238987565,0.9366312623023987,435,0.343584085504214,transport,300.0,rest_sitting:143s:start playing with my dogs -> end playing with the dogs | transport:300s:Start driving,"I have a bad headache, it started when I woke up around 8am but I wasn't wearing the devices then"
P15,919,1774804230000,1774804530000,1774804380000,2026-03-29 10:12:59,53.81800842285156,58.2061653137207,87.12051391601562,True,1.0,0.013793103396892548,0.9386771321296692,436,0.32726190984249115,transport,300.0,rest_sitting:113s:start playing with my dogs -> end playing with the dogs | transport:300s:Start driving,"I have a bad headache, it started when I woke up around 8am but I wasn't wearing the devices then"
P15,920,1774804260000,1774804560000,1774804410000,2026-03-29 10:13:29,54.493690490722656,57.83174514770508,87.10865783691406,True,1.0,0.009216589853167534,0.9391170144081116,435,0.29598435262839,transport,300.0,rest_sitting:83s:start playing with my dogs -> end playing with the dogs | transport:300s:Start driving,"I have a bad headache, it started when I woke up around 8am but I wasn't wearing the devices then"
P15,921,1774804290000,1774804590000,1774804440000,2026-03-29 10:13:59,55.22334289550781,58.118324279785156,87.20128631591797,True,1.0,0.006896551698446274,0.9386975169181824,436,0.27353311081727344,transport,300.0,rest_sitting:53s:start playing with my dogs -> end playing with the dogs | transport:300s:Start driving,"I have a bad headache, it started when I woke up around 8am but I wasn't wearing the devices then"
P15,922,1774804320000,1774804620000,1774804470000,2026-03-29 10:14:29,52.37004852294922,58.0213623046875,86.59758758544922,True,1.0,0.0069444444961845875,0.9371786713600159,433,0.2597118616104126,transport,300.0,rest_sitting:23s:start playing with my dogs -> end playing with the dogs | transport:300s:Start driving,"I have a bad headache, it started when I woke up around 8am but I wasn't wearing the devices then"
P15,923,1774804350000,1774804650000,1774804500000,2026-03-29 10:14:59,50.65682601928711,55.77555847167969,85.5535659790039,True,1.0,0.007025761064141989,0.9409886598587036,428,0.22291907668113708,transport,300.0,transport:300s:Start driving,
P15,924,1774804380000,1774804680000,1774804530000,2026-03-29 10:15:29,52.068424224853516,56.16804504394531,85.29326629638672,True,1.0,0.002352941082790494,0.9380951523780823,426,0.22429648538430533,transport,300.0,transport:300s:Start driving,
P15,925,1774804410000,1774804710000,1774804560000,2026-03-29 10:15:59,52.79405975341797,56.64158630371094,84.93321990966797,True,1.0,0.007092198356986046,0.9399363398551941,424,0.2078610584139824,transport,300.0,transport:300s:Start driving,
P15,926,1774804440000,1774804740000,1774804590000,2026-03-29 10:16:29,48.623565673828125,49.98044967651367,84.19064331054688,True,1.0,0.0071599045768380165,0.9407805800437927,420,0.20211059103409448,transport,300.0,transport:300s:Start driving,
P15,927,1774804470000,1774804770000,1774804620000,2026-03-29 10:16:59,50.628173828125,54.49549865722656,84.6429214477539,True,1.0,0.0071090045385062695,0.9411208033561707,423,0.21417971203724542,transport,300.0,transport:300s:Start driving,
P15,928,1774804500000,1774804800000,1774804650000,2026-03-29 10:17:29,52.53593444824219,55.083309173583984,85.11109161376953,True,1.0,0.009456264786422253,0.9409621357917786,424,0.20878309508164725,transport,300.0,transport:300s:Start driving,
P15,929,1774804530000,1774804830000,1774804680000,2026-03-29 10:17:59,53.88747024536133,56.217769622802734,84.90068817138672,True,1.0,0.009456264786422253,0.939801037311554,424,0.2252816160519918,transport,300.0,transport:300s:Start driving,
P15,930,1774804560000,1774804860000,1774804710000,2026-03-29 10:18:29,52.92637634277344,57.10658264160156,84.75666046142578,True,1.0,0.009456264786422253,0.9401991367340088,424,0.2333345909913381,transport,300.0,transport:300s:Start driving,
P15,931,1774804590000,1774804890000,1774804740000,2026-03-29 10:18:59,54.64781951904297,58.791812896728516,84.27262115478516,True,1.0,0.011904762126505375,0.9406850934028625,421,0.23116995642582575,transport,300.0,transport:300s:Start driving,
P15,932,1774804620000,1774804920000,1774804770000,2026-03-29 10:19:29,55.10458755493164,58.61041259765625,84.1988525390625,True,1.0,0.01666666753590107,0.9426767230033875,421,0.2374502718448639,transport,300.0,transport:300s:Start driving,
P15,933,1774804650000,1774804950000,1774804800000,2026-03-29 10:19:59,56.00112533569336,59.538963317871094,84.320556640625,True,1.0,0.01666666753590107,0.9393364191055298,421,0.2384567285577456,transport,300.0,transport:300s:Start driving,
P15,934,1774804680000,1774804980000,1774804830000,2026-03-29 10:20:29,57.444488525390625,61.65450668334961,84.39156341552734,True,1.0,0.016587678343057632,0.9384433627128601,423,0.23657323171695074,transport,300.0,transport:300s:Start driving,
P15,935,1774804710000,1774805010000,1774804860000,2026-03-29 10:20:59,56.168216705322266,60.325599670410156,84.55782318115234,True,1.0,0.011876484379172325,0.9398350119590759,422,0.2444836050271988,transport,300.0,transport:300s:Start driving,
P15,936,1774804740000,1774805040000,1774804890000,2026-03-29 10:21:29,56.90979766845703,60.32966232299805,84.41702270507812,True,1.0,0.011848341673612595,0.9394141435623169,423,0.22869234532117844,transport,300.0,transport:300s:Start driving,
P15,937,1774804770000,1774805070000,1774804920000,2026-03-29 10:21:59,56.0693473815918,56.949893951416016,84.01283264160156,True,1.0,0.014319809153676033,0.938755452632904,420,0.2117332691947619,transport,300.0,transport:300s:Start driving,
P15,938,1774804800000,1774805100000,1774804950000,2026-03-29 10:22:29,56.159420013427734,57.82935333251953,84.23248291015625,True,1.0,0.014285714365541935,0.9384279251098633,421,0.2195365478595098,transport,300.0,transport:300s:Start driving,
P15,939,1774804830000,1774805130000,1774804980000,2026-03-29 10:22:59,58.646217346191406,61.892948150634766,84.93722534179688,True,1.0,0.014218009077012539,0.9404188990592957,423,0.21446275462706885,transport,300.0,transport:300s:Start driving,
P15,940,1774804860000,1774805160000,1774805010000,2026-03-29 10:23:29,56.927391052246094,61.49556350708008,85.52127838134766,True,1.0,0.01643192395567894,0.9389979243278503,427,0.21450121452411017,transport,300.0,transport:300s:Start driving,
P15,941,1774804890000,1774805190000,1774805040000,2026-03-29 10:23:59,54.793643951416016,59.50285720825195,86.26641845703125,True,1.0,0.0162790697067976,0.939372718334198,431,0.2218701740105947,transport,300.0,transport:300s:Start driving,
P15,942,1774818510000,1774818810000,1774818660000,2026-03-29 14:10:59,52.491188049316406,77.7630386352539,82.61162567138672,True,1.0,0.012135921977460384,0.9013027548789978,413,0.334046592315038,transport,300.0,social_entertainment:67s:start watching tv -> end watching tv | transport:300s:Start driving,
P15,943,1774818540000,1774818840000,1774818690000,2026-03-29 14:11:29,51.28204345703125,74.11811828613281,81.3388442993164,True,1.0,0.009852216579020023,0.907897412776947,407,0.28774626056353253,transport,300.0,social_entertainment:97s:start watching tv -> end watching tv | transport:300s:Start driving,
P15,944,1774818570000,1774818870000,1774818720000,2026-03-29 14:11:59,53.31962585449219,67.56378936767578,80.15451049804688,True,1.0,0.007499999832361937,0.906097948551178,401,0.21503768861293793,transport,300.0,social_entertainment:127s:start watching tv -> end watching tv | transport:300s:Start driving,
P15,945,1774818600000,1774818900000,1774818750000,2026-03-29 14:12:29,55.23039627075195,51.71809768676758,78.70426940917969,True,1.0,0.0076530613005161285,0.9108316898345947,393,0.13585524012645087,transport,300.0,social_entertainment:157s:start watching tv -> end watching tv | transport:300s:Start driving,
P15,946,1774818630000,1774818930000,1774818780000,2026-03-29 14:12:59,58.831520080566406,53.541221618652344,78.8067855834961,True,1.0,0.01272264588624239,0.9144980907440186,394,0.13221298158168793,transport,300.0,social_entertainment:187s:start watching tv -> end watching tv | transport:300s:Start driving,
P15,947,1774818660000,1774818960000,1774818810000,2026-03-29 14:13:29,59.54990005493164,55.41995620727539,79.02284240722656,True,1.0,0.010152284055948257,0.9133414030075073,395,0.1267998144030571,transport,300.0,social_entertainment:217s:start watching tv -> end watching tv | transport:300s:Start driving,
P15,948,1774818690000,1774818990000,1774818840000,2026-03-29 14:13:59,58.256317138671875,55.778255462646484,78.79927825927734,True,1.0,0.005102040711790323,0.9225059151649475,393,0.12668307373921076,transport,300.0,social_entertainment:247s:start watching tv -> end watching tv | transport:300s:Start driving,
P15,949,1774818720000,1774819020000,1774818870000,2026-03-29 14:14:29,52.852115631103516,54.77529525756836,80.10426330566406,True,1.0,0.002506265649572015,0.9305156469345093,400,0.1314425269762675,transport,300.0,social_entertainment:277s:start watching tv -> end watching tv | transport:300s:Start driving,
P15,950,1774818750000,1774819050000,1774818900000,2026-03-29 14:14:59,55.2189826965332,63.94804000854492,81.78131103515625,True,1.0,0.007352941203862429,0.9370399713516235,409,0.1933334916830063,social_entertainment,300.0,social_entertainment:300s:start watching tv -> end watching tv | transport:300s:Start driving,
P15,951,1774818780000,1774819080000,1774818930000,2026-03-29 14:15:29,56.37568664550781,76.94082641601562,84.15209197998047,True,1.0,0.00712589081376791,0.9373176097869873,422,0.28548314174016315,social_entertainment,300.0,social_entertainment:300s:start watching tv -> end watching tv | transport:300s:Start driving,
P15,952,1774818810000,1774819110000,1774818960000,2026-03-29 14:15:59,58.78958511352539,88.87435150146484,87.04377746582031,True,1.0,0.004608294926583767,0.9398118257522583,435,0.3973362942536672,social_entertainment,300.0,social_entertainment:300s:start watching tv -> end watching tv | transport:300s:Start driving,
P15,953,1774818840000,1774819140000,1774818990000,2026-03-29 14:16:29,62.78765106201172,90.36663055419922,88.92841339111328,True,1.0,0.006756756920367479,0.934707760810852,445,0.46563591559727985,social_entertainment,300.0,social_entertainment:300s:start watching tv -> end watching tv | transport:300s:Start driving,
P15,954,1774818870000,1774819170000,1774819020000,2026-03-29 14:16:59,61.50980758666992,87.68909454345703,90.2772445678711,True,1.0,0.006651884876191616,0.9310838580131531,452,0.5577098627885183,social_entertainment,300.0,social_entertainment:300s:start watching tv -> end watching tv | transport:300s:Start driving,
P15,955,1774818900000,1774819200000,1774819050000,2026-03-29 14:17:29,63.7834358215332,86.26676940917969,90.8666000366211,True,1.0,0.0066225165501236916,0.9281376600265503,454,0.6274557511011759,social_entertainment,300.0,social_entertainment:300s:start watching tv -> end watching tv | transport:300s:Start driving,
P15,956,1774818930000,1774819230000,1774819080000,2026-03-29 14:17:59,64.54229736328125,84.8674087524414,91.194580078125,True,1.0,0.006593406666070223,0.9226609468460083,456,0.6553118228912354,social_entertainment,300.0,social_entertainment:300s:start watching tv -> end watching tv | transport:300s:Start driving,
P15,957,1774818960000,1774819260000,1774819110000,2026-03-29 14:18:29,63.89362716674805,84.26087951660156,91.17536163330078,True,1.0,0.008791209198534489,0.9216268062591553,456,0.6829845805962881,social_entertainment,300.0,social_entertainment:300s:start watching tv -> end watching tv | transport:300s:Start driving,
P15,958,1774818990000,1774819290000,1774819140000,2026-03-29 14:18:59,64.93250274658203,78.68234252929688,91.71198272705078,True,1.0,0.010917030274868011,0.9139710068702698,459,0.6960833966732025,social_entertainment,300.0,social_entertainment:300s:start watching tv -> end watching tv | transport:300s:Start driving,
P15,959,1774819020000,1774819320000,1774819170000,2026-03-29 14:19:29,65.54829406738281,81.2760009765625,91.46341705322266,True,1.0,0.008771929889917374,0.9121702313423157,457,0.722460021575292,social_entertainment,300.0,social_entertainment:300s:start watching tv -> end watching tv | transport:300s:Start driving,
P15,960,1774819050000,1774819350000,1774819200000,2026-03-29 14:19:59,65.79725646972656,86.99620056152344,89.77051544189453,True,1.0,0.00671140942722559,0.904935896396637,448,0.6908126771450043,social_entertainment,300.0,social_entertainment:300s:start watching tv -> end watching tv | transport:300s:Start driving,
P15,961,1774819080000,1774819380000,1774819230000,2026-03-29 14:20:29,64.42693328857422,86.40386199951172,87.39386749267578,True,1.0,0.0068807341158390045,0.9038556218147278,437,0.6249482035636902,social_entertainment,300.0,social_entertainment:300s:start watching tv -> end watching tv | transport:300s:Start driving,
P15,962,1774819110000,1774819410000,1774819260000,2026-03-29 14:20:59,64.24925231933594,78.74131774902344,84.48838806152344,True,1.0,0.011876484379172325,0.896941065788269,422,0.5621917446454366,social_entertainment,300.0,social_entertainment:300s:start watching tv -> end watching tv | transport:300s:Start driving,
P15,963,1774819140000,1774819440000,1774819290000,2026-03-29 14:21:29,63.39922332763672,70.64195251464844,82.49696350097656,True,1.0,0.007281553465873003,0.9024827480316162,413,0.5268192986647288,social_entertainment,300.0,social_entertainment:300s:start watching tv -> end watching tv | transport:300s:Start driving,
P15,964,1774819170000,1774819470000,1774819320000,2026-03-29 14:21:59,64.04216766357422,68.34725189208984,82.13824462890625,True,1.0,0.007334963418543339,0.9057392477989197,410,0.5247974693775177,social_entertainment,300.0,social_entertainment:300s:start watching tv -> end watching tv | transport:300s:Start driving,
P15,965,1774819200000,1774819500000,1774819350000,2026-03-29 14:22:29,62.561729431152344,73.82797241210938,82.97515869140625,True,1.0,0.007263922598212957,0.9052080512046814,414,0.5560739735762278,social_entertainment,300.0,social_entertainment:300s:start watching tv -> end watching tv | transport:300s:Start driving,
P15,966,1774819230000,1774819530000,1774819380000,2026-03-29 14:22:59,61.89137268066406,77.37621307373047,83.99845886230469,True,1.0,0.009569377638399601,0.9025263786315918,419,0.6243920624256134,social_entertainment,300.0,social_entertainment:300s:start watching tv -> end watching tv | transport:300s:Start driving,
P15,967,1774819260000,1774819560000,1774819410000,2026-03-29 14:23:29,63.8267707824707,78.20915222167969,83.94766235351562,True,1.0,0.0071599045768380165,0.904672384262085,420,0.6265336076418558,social_entertainment,300.0,social_entertainment:300s:start watching tv -> end watching tv | transport:300s:Start driving,
P15,968,1774819290000,1774819590000,1774819440000,2026-03-29 14:23:59,65.54056549072266,78.81920623779297,83.97298431396484,True,1.0,0.00954653974622488,0.9129983186721802,420,0.6450508634249369,social_entertainment,300.0,social_entertainment:300s:start watching tv -> end watching tv | transport:300s:Start driving,
P15,969,1774819320000,1774819620000,1774819470000,2026-03-29 14:24:29,66.94831848144531,82.84892272949219,83.13957214355469,True,1.0,0.012077294290065765,0.9032424688339233,415,0.6486884852250417,social_entertainment,300.0,social_entertainment:300s:start watching tv -> end watching tv | transport:300s:Start driving,
P15,970,1774819350000,1774819650000,1774819500000,2026-03-29 14:24:59,66.64427947998047,85.62716674804688,82.98722076416016,True,1.0,0.009661835618317127,0.9042630791664124,415,0.6466190814971924,social_entertainment,300.0,social_entertainment:300s:start watching tv -> end watching tv | transport:300s:Start driving,
P15,971,1774819380000,1774819680000,1774819530000,2026-03-29 14:25:29,68.28084564208984,89.96385955810547,82.53499603271484,True,1.0,0.012135921977460384,0.9012436270713806,413,0.6460384130477905,social_entertainment,300.0,social_entertainment:300s:start watching tv -> end watching tv | transport:300s:Start driving,
P15,972,1774819410000,1774819710000,1774819560000,2026-03-29 14:25:59,69.06436157226562,89.77031707763672,82.51252746582031,True,1.0,0.009732360020279884,0.9011935591697693,412,0.6626003285249075,social_entertainment,300.0,social_entertainment:300s:start watching tv -> end watching tv | transport:300s:Start driving,
P15,973,1774819440000,1774819740000,1774819590000,2026-03-29 14:26:29,67.1441650390625,87.05667877197266,82.90095520019531,True,1.0,0.012106537818908691,0.9029494524002075,414,0.6848666667938232,social_entertainment,300.0,social_entertainment:300s:start watching tv -> end watching tv | transport:300s:Start driving,
P15,974,1774819470000,1774819770000,1774819620000,2026-03-29 14:26:59,69.06543731689453,86.28644561767578,82.75984191894531,True,1.0,0.012135921977460384,0.9017190337181091,413,0.6989640593528748,social_entertainment,300.0,social_entertainment:300s:start watching tv -> end watching tv | transport:300s:Start driving,
P15,975,1774819500000,1774819800000,1774819650000,2026-03-29 14:27:29,71.6919174194336,81.39025115966797,81.94764709472656,True,1.0,0.01225490216165781,0.909528911113739,409,0.6987988551457723,social_entertainment,300.0,social_entertainment:300s:start watching tv -> end watching tv | transport:300s:Start driving,
P15,976,1774819530000,1774819830000,1774819680000,2026-03-29 14:27:59,73.95207977294922,84.74437713623047,82.2162094116211,True,1.0,0.007334963418543339,0.9151809215545654,410,0.7209069430828094,social_entertainment,300.0,social_entertainment:300s:start watching tv -> end watching tv | transport:300s:Start driving,
P15,977,1774819560000,1774819860000,1774819710000,2026-03-29 14:28:29,71.71942901611328,92.26842498779297,83.97325897216797,True,1.0,0.009569377638399601,0.9147067070007324,419,0.7597810824712118,social_entertainment,300.0,social_entertainment:300s:start watching tv -> end watching tv | transport:300s:Start driving,
P15,978,1774819590000,1774819890000,1774819740000,2026-03-29 14:28:59,68.61610412597656,90.61061096191406,84.61923217773438,True,1.0,0.011876484379172325,0.9051586389541626,422,0.7885140478610992,social_entertainment,300.0,social_entertainment:300s:start watching tv -> end watching tv | transport:300s:Start driving,
P15,979,1774819620000,1774819920000,1774819770000,2026-03-29 14:29:29,69.88128662109375,85.98601531982422,86.1422119140625,True,1.0,0.011655011214315891,0.9171435236930847,430,0.871581107378006,social_entertainment,300.0,social_entertainment:300s:start watching tv -> end watching tv | transport:300s:Start driving,
P15,980,1774819650000,1774819950000,1774819800000,2026-03-29 14:29:59,71.98944091796875,81.46018981933594,87.10108184814453,True,1.0,0.0138248847797513,0.9120465517044067,435,0.9086175262928009,social_entertainment,300.0,social_entertainment:300s:start watching tv -> end watching tv | transport:300s:Start driving,
P15,981,1774819680000,1774819980000,1774819830000,2026-03-29 14:30:29,65.7659912109375,73.51370239257812,87.79505157470703,True,1.0,0.013698630034923553,0.910812258720398,439,0.9281218846638998,social_entertainment,300.0,social_entertainment:300s:start watching tv -> end watching tv | transport:300s:Start driving,
P15,982,1774819710000,1774820010000,1774819860000,2026-03-29 14:30:59,64.81437683105469,67.38055419921875,88.932373046875,True,1.0,0.015801355242729187,0.9207578897476196,444,0.9011469086011251,social_entertainment,300.0,social_entertainment:300s:start watching tv -> end watching tv | transport:300s:Start driving,
P15,983,1774819740000,1774820040000,1774819890000,2026-03-29 14:31:29,66.72308349609375,66.8025894165039,89.142333984375,True,1.0,0.011261261068284512,0.9151670336723328,445,0.8868328034877777,social_entertainment,300.0,social_entertainment:300s:start watching tv -> end watching tv | transport:300s:Start driving,
P15,984,1774819800000,1774820100000,1774819950000,2026-03-29 14:32:29,61.42058181762695,66.777587890625,88.40335845947266,True,1.0,0.00909090880304575,0.9152180552482605,441,0.7182770470778147,social_entertainment,300.0,social_entertainment:300s:start watching tv -> end watching tv | transport:300s:Start driving,
P15,985,1774819830000,1774820130000,1774819980000,2026-03-29 14:32:59,59.32133102416992,62.785980224609375,87.28644561767578,True,1.0,0.009195402264595032,0.9053431153297424,436,0.6140847305456797,social_entertainment,300.0,social_entertainment:300s:start watching tv -> end watching tv | transport:300s:Start driving,
P15,986,1774819860000,1774820160000,1774820010000,2026-03-29 14:33:29,61.91963577270508,63.812984466552734,85.26167297363281,True,1.0,0.007042253389954567,0.898565411567688,427,0.5597508052984873,social_entertainment,300.0,social_entertainment:300s:start watching tv -> end watching tv | transport:300s:Start driving,
P15,987,1774819890000,1774820190000,1774820040000,2026-03-29 14:33:59,63.69302749633789,68.61444091796875,85.08210754394531,True,1.0,0.009411764331161976,0.9026728272438049,426,0.5286320298910141,social_entertainment,300.0,social_entertainment:300s:start watching tv -> end watching tv | transport:300s:Start driving,
P15,988,1774819920000,1774820220000,1774820070000,2026-03-29 14:34:29,63.94339370727539,74.6646499633789,85.97499084472656,True,1.0,0.009345794096589088,0.9104864001274109,429,0.45884167154630023,social_entertainment,300.0,social_entertainment:300s:start watching tv -> end watching tv | transport:300s:Start driving,
P15,989,1774819950000,1774820250000,1774820100000,2026-03-29 14:34:59,61.92790603637695,73.5069351196289,85.84322357177734,True,1.0,0.007009345572441816,0.9152787327766418,429,0.41698063910007477,social_entertainment,300.0,social_entertainment:300s:start watching tv -> end watching tv | transport:300s:Start driving,
P15,990,1774819980000,1774820280000,1774820130000,2026-03-29 14:35:29,63.44841766357422,71.22591400146484,86.2430648803711,True,1.0,0.011627906933426857,0.9077680110931396,431,0.40239734947681427,social_entertainment,300.0,social_entertainment:300s:start watching tv -> end watching tv | transport:300s:Start driving,
P15,991,1774820010000,1774820310000,1774820160000,2026-03-29 14:35:59,60.96007537841797,70.85647583007812,85.72773742675781,True,1.0,0.009345794096589088,0.9096417427062988,429,0.37319516638914746,social_entertainment,300.0,social_entertainment:300s:start watching tv -> end watching tv | transport:300s:Start driving,
P15,992,1774820040000,1774820340000,1774820190000,2026-03-29 14:36:29,62.05881118774414,72.48190307617188,85.75936889648438,True,1.0,0.009345794096589088,0.9120636582374573,429,0.34340059260527295,social_entertainment,300.0,social_entertainment:300s:start watching tv -> end watching tv | transport:300s:Start driving,
P15,993,1774820070000,1774820370000,1774820220000,2026-03-29 14:36:59,65.01661682128906,73.69209289550781,85.9168930053711,True,1.0,0.009345794096589088,0.9100831151008606,429,0.3366544743378957,social_entertainment,300.0,social_entertainment:300s:start watching tv -> end watching tv | transport:300s:Start driving,
P15,994,1774820100000,1774820400000,1774820250000,2026-03-29 14:37:29,65.70829772949219,74.09819030761719,86.028564453125,True,1.0,0.009345794096589088,0.9115645885467529,429,0.32440551618735,social_entertainment,300.0,social_entertainment:300s:start watching tv -> end watching tv | transport:300s:Start driving,
P15,995,1774820130000,1774820430000,1774820280000,2026-03-29 14:37:59,63.2564697265625,74.3644027709961,85.63392639160156,True,1.0,0.014051522128283978,0.9123912453651428,428,0.3275105605522792,social_entertainment,300.0,social_entertainment:300s:start watching tv -> end watching tv | transport:300s:Start driving,
P15,996,1774820160000,1774820460000,1774820310000,2026-03-29 14:38:29,62.344120025634766,68.59637451171875,86.66873168945312,True,1.0,0.009280742146074772,0.9114770889282227,432,0.3345337708791097,social_entertainment,300.0,social_entertainment:300s:start watching tv -> end watching tv | transport:300s:Start driving,
P15,997,1774820190000,1774820490000,1774820340000,2026-03-29 14:38:59,56.70905685424805,64.86626434326172,85.74756622314453,True,1.0,0.009367681108415127,0.9157500267028809,428,0.29921295245488483,social_entertainment,300.0,social_entertainment:300s:start watching tv -> end watching tv | transport:300s:Start driving,
P15,998,1774820220000,1774820520000,1774820370000,2026-03-29 14:39:29,57.70426940917969,57.4689826965332,84.62212371826172,True,1.0,0.009501188062131405,0.9143551588058472,422,0.2667190035184224,social_entertainment,300.0,social_entertainment:300s:start watching tv -> end watching tv | transport:300s:Start driving,
P15,999,1774820250000,1774820550000,1774820400000,2026-03-29 14:39:59,54.96302032470703,56.724308013916016,84.84973907470703,True,1.0,0.009456264786422253,0.9165491461753845,424,0.24666240066289902,social_entertainment,300.0,social_entertainment:300s:start watching tv -> end watching tv | transport:300s:Start driving,
P15,1000,1774820280000,1774820580000,1774820430000,2026-03-29 14:40:29,56.26174545288086,54.614341735839844,84.6819839477539,True,1.0,0.00712589081376791,0.9237963557243347,422,0.21753759185473123,social_entertainment,300.0,social_entertainment:300s:start watching tv -> end watching tv | transport:300s:Start driving,
P15,1001,1774820310000,1774820610000,1774820460000,2026-03-29 14:40:59,55.706050872802734,54.71601104736328,84.58868408203125,True,1.0,0.009501188062131405,0.9349391460418701,422,0.20903564244508743,social_entertainment,300.0,social_entertainment:300s:start watching tv -> end watching tv | transport:300s:Start driving,
P15,1002,1774820340000,1774820640000,1774820490000,2026-03-29 14:41:29,54.71345520019531,52.44031524658203,84.80083465576172,True,1.0,0.007092198356986046,0.9384623765945435,424,0.22563098867734274,social_entertainment,300.0,social_entertainment:300s:start watching tv -> end watching tv | transport:300s:Start driving,
P15,1003,1774820370000,1774820670000,1774820520000,2026-03-29 14:41:59,52.55536651611328,51.23014831542969,84.6750259399414,True,1.0,0.009501188062131405,0.9378206133842468,422,0.24433376640081406,social_entertainment,300.0,social_entertainment:300s:start watching tv -> end watching tv | transport:300s:Start driving,
P15,1004,1774820400000,1774820700000,1774820550000,2026-03-29 14:42:29,51.419742584228516,51.49235916137695,85.39912414550781,True,1.0,0.007042253389954567,0.9403581023216248,427,0.2625669265786807,social_entertainment,300.0,social_entertainment:300s:start watching tv -> end watching tv | transport:300s:Start driving,
P15,1005,1774820430000,1774820730000,1774820580000,2026-03-29 14:42:59,55.54880905151367,53.71251678466797,86.48439025878906,True,1.0,0.0069605568423867226,0.9403011202812195,432,0.2707705795764923,social_entertainment,300.0,social_entertainment:300s:start watching tv -> end watching tv | transport:300s:Start driving,
P15,1006,1774820460000,1774820760000,1774820610000,2026-03-29 14:43:29,60.97157669067383,57.380496978759766,87.08345794677734,True,1.0,0.004618937615305185,0.9406736493110657,434,0.2659044886628787,social_entertainment,300.0,social_entertainment:300s:start watching tv -> end watching tv | transport:300s:Start driving,
P15,1007,1774820490000,1774820790000,1774820640000,2026-03-29 14:43:59,63.009620666503906,59.13605499267578,89.0478515625,True,1.0,0.006756756920367479,0.9390773773193359,445,0.3377232352892558,social_entertainment,300.0,social_entertainment:300s:start watching tv -> end watching tv | transport:300s:Start driving,
P15,1008,1774820520000,1774820820000,1774820670000,2026-03-29 14:44:29,62.772300720214844,62.809818267822266,90.16123962402344,True,1.0,0.002222222276031971,0.9395806193351746,451,0.3983087291320165,social_entertainment,300.0,social_entertainment:300s:start watching tv -> end watching tv | transport:300s:Start driving,
