participant,window_idx,t0_ms,t1_ms,center_ms,center_time,ecg_rmssd_ms,ecg_sdnn_ms,ecg_hr_bpm,ecg_label_qc_pass,ecg_valid_sample_ratio,ecg_valid_ibi_ratio,ecg_ibi_correction_ratio,ecg_qrs_sqi,ecg_peak_count,ecg_label_qc_reason,accel_motion_mean_mag,activity_category,activity_overlap_sec,activity_raw,activity_point_events
P2,413,1772277990000,1772278290000,1772278140000,2026-02-28 03:29:00,58.61634393577883,66.28037253514128,64.47877989379965,True,1.0385066666666667,1.0,0.009287925696594427,0.9188994778623523,324,ok,,sleep,300.0,sleep:300s:start sleep -> stop sleep | other:300s:started brushing teeth 2 mins ago | social_entertainment:300s:start listening to o macklemore -> [unclosed],
P2,414,1772278020000,1772278320000,1772278170000,2026-02-28 03:29:30,57.53896870169519,68.18162308789935,64.64438914721443,True,1.03856,1.0,0.006191950464396285,0.910977889534782,324,ok,,sleep,300.0,sleep:300s:start sleep -> stop sleep | other:300s:started brushing teeth 2 mins ago | social_entertainment:300s:start listening to o macklemore -> [unclosed],
P2,415,1772278050000,1772278350000,1772278200000,2026-02-28 03:30:00,61.76919913892482,82.74514782257893,63.75027478566718,True,1.03856,1.0,0.006269592476489028,0.903681386833019,320,ok,,sleep,300.0,sleep:300s:start sleep -> stop sleep | other:300s:started brushing teeth 2 mins ago | social_entertainment:300s:start listening to o macklemore -> [unclosed],
P2,416,1772278080000,1772278380000,1772278230000,2026-02-28 03:30:30,59.32386124335226,97.39564302581958,62.70911385811312,True,1.0385866666666668,1.0,0.009584664536741214,0.9045907113953069,314,ok,,sleep,300.0,sleep:300s:start sleep -> stop sleep | other:300s:started brushing teeth 2 mins ago | social_entertainment:300s:start listening to o macklemore -> [unclosed],
P2,417,1772278110000,1772278410000,1772278260000,2026-02-28 03:31:00,59.33776615110548,109.77063177234605,61.1054901751957,True,1.0386133333333334,1.0,0.013071895424836602,0.9023611098615517,307,ok,,sleep,300.0,sleep:300s:start sleep -> stop sleep | other:300s:started brushing teeth 2 mins ago | social_entertainment:300s:start listening to o macklemore -> [unclosed],
P2,418,1772278140000,1772278440000,1772278290000,2026-02-28 03:31:30,65.3881343066776,120.72876390667815,59.58072820890033,True,1.03864,1.0,0.0,0.9104440071753763,298,ok,,sleep,300.0,sleep:300s:start sleep -> stop sleep | other:300s:started brushing teeth 2 mins ago | social_entertainment:300s:start listening to o macklemore -> [unclosed],
P2,419,1772278170000,1772278470000,1772278320000,2026-02-28 03:32:00,67.56824052783735,132.4870026471321,58.35988596344122,True,1.03864,1.0,0.0,0.9113565038783351,291,ok,,sleep,300.0,sleep:300s:start sleep -> stop sleep | other:300s:started brushing teeth 2 mins ago | social_entertainment:300s:start listening to o macklemore -> [unclosed],
P2,420,1772278200000,1772278500000,1772278350000,2026-02-28 03:32:30,69.89892098544567,130.02927119092948,57.11155790978378,True,1.0386666666666666,1.0,0.0035087719298245615,0.9104881870542597,286,ok,,sleep,300.0,sleep:300s:start sleep -> stop sleep | other:300s:started brushing teeth 2 mins ago | social_entertainment:300s:start listening to o macklemore -> [unclosed],
P2,421,1772278230000,1772278530000,1772278380000,2026-02-28 03:33:00,69.61669491240097,133.1706588916847,57.110526841281995,True,1.0386933333333332,1.0,0.006993006993006993,0.9093494750930978,287,ok,,sleep,300.0,sleep:300s:start sleep -> stop sleep | other:300s:started brushing teeth 2 mins ago | social_entertainment:300s:start listening to o macklemore -> [unclosed],
P2,422,1772278260000,1772278560000,1772278410000,2026-02-28 03:33:30,73.90038015497863,135.4222781504505,55.887557172904216,True,1.03872,1.0,0.0035842293906810036,0.9093769355448666,280,ok,,sleep,300.0,sleep:300s:start sleep -> stop sleep | other:300s:started brushing teeth 2 mins ago | social_entertainment:300s:start listening to o macklemore -> [unclosed],
P2,423,1772278290000,1772278590000,1772278440000,2026-02-28 03:34:00,75.54702470101964,133.1109604643197,54.753309265944644,True,1.0387466666666667,1.0,0.003663003663003663,0.9127519559727104,274,ok,,sleep,300.0,sleep:300s:start sleep -> stop sleep | other:300s:started brushing teeth 2 mins ago | social_entertainment:300s:start listening to o macklemore -> [unclosed],
P2,424,1772278320000,1772278620000,1772278470000,2026-02-28 03:34:30,76.91316519938958,106.68674053536647,52.93409971928887,True,1.0387466666666667,1.0,0.003787878787878788,0.9295705589096714,265,ok,,sleep,300.0,sleep:300s:start sleep -> stop sleep | other:300s:started brushing teeth 2 mins ago | social_entertainment:300s:start listening to o macklemore -> [unclosed],
P2,425,1772278350000,1772278650000,1772278500000,2026-02-28 03:35:00,74.07667545289709,103.52408337430963,52.295526495064315,True,1.0387733333333333,1.0,0.007662835249042145,0.9327548775721435,262,ok,,sleep,300.0,sleep:300s:start sleep -> stop sleep | other:300s:started brushing teeth 2 mins ago | social_entertainment:300s:start listening to o macklemore -> [unclosed],
P2,426,1772278380000,1772278680000,1772278530000,2026-02-28 03:35:30,77.930101855405,100.32721539121276,51.9680299635488,True,1.0387733333333333,1.0,0.0,0.9345878918324807,260,ok,,sleep,300.0,sleep:300s:start sleep -> stop sleep | other:300s:started brushing teeth 2 mins ago | social_entertainment:300s:start listening to o macklemore -> [unclosed],
P2,427,1772278410000,1772278710000,1772278560000,2026-02-28 03:36:00,74.6670127345247,104.35930397487394,51.99933076794379,True,1.0388266666666666,1.0,0.0,0.9330960381851954,260,ok,,sleep,300.0,sleep:300s:start sleep -> stop sleep | other:300s:started brushing teeth 2 mins ago | social_entertainment:300s:start listening to o macklemore -> [unclosed],
P2,428,1772278440000,1772278740000,1772278590000,2026-02-28 03:36:30,79.9270659905804,112.54166693240724,52.69309112765886,True,1.0388266666666666,1.0,0.0038022813688212928,0.9290870171496358,264,ok,,sleep,300.0,sleep:300s:start sleep -> stop sleep | other:300s:started brushing teeth 2 mins ago | social_entertainment:300s:start listening to o macklemore -> [unclosed],
P2,429,1772278470000,1772278770000,1772278620000,2026-02-28 03:37:00,76.2295178650593,111.1003070028319,53.19611634893976,True,1.0388266666666666,1.0,0.007547169811320755,0.9301563539944778,266,ok,,sleep,300.0,sleep:300s:start sleep -> stop sleep | other:300s:started brushing teeth 2 mins ago | social_entertainment:300s:start listening to o macklemore -> [unclosed],
P2,430,1772278500000,1772278800000,1772278650000,2026-02-28 03:37:30,76.05100739103223,110.54430786781246,52.87849339856577,True,1.0388266666666666,1.0,0.0,0.9353793998363944,264,ok,,sleep,300.0,sleep:300s:start sleep -> stop sleep | other:300s:started brushing teeth 2 mins ago | social_entertainment:300s:start listening to o macklemore -> [unclosed],
P2,431,1772278530000,1772278830000,1772278680000,2026-02-28 03:38:00,75.47061169469865,91.35041037314281,51.84366522656486,True,1.03888,1.0,0.0,0.9392895176786029,259,ok,,sleep,300.0,sleep:300s:start sleep -> stop sleep | other:300s:started brushing teeth 2 mins ago | social_entertainment:300s:start listening to o macklemore -> [unclosed],
P2,432,1772278560000,1772278860000,1772278710000,2026-02-28 03:38:30,71.94722441328223,90.71195854760906,51.95065690502457,True,1.0388533333333334,1.0,0.0,0.9408920002917616,260,ok,,sleep,300.0,sleep:300s:start sleep -> stop sleep | other:300s:started brushing teeth 2 mins ago | social_entertainment:300s:start listening to o macklemore -> [unclosed],
P2,433,1772278590000,1772278890000,1772278740000,2026-02-28 03:39:00,71.92146880048129,89.63664676196028,51.928089286907706,True,1.0388533333333334,1.0,0.003861003861003861,0.942803856627656,260,ok,,sleep,300.0,sleep:300s:start sleep -> stop sleep | other:300s:started brushing teeth 2 mins ago | social_entertainment:300s:start listening to o macklemore -> [unclosed],
P2,434,1772278620000,1772278920000,1772278770000,2026-02-28 03:39:30,69.38192949232402,87.8648803747532,51.988178398710374,True,1.0389066666666666,1.0,0.0,0.9453189900705532,259,ok,,sleep,300.0,sleep:300s:start sleep -> stop sleep | other:300s:started brushing teeth 2 mins ago | social_entertainment:300s:start listening to o macklemore -> [unclosed],
P2,435,1772278650000,1772278950000,1772278800000,2026-02-28 03:40:00,68.17295742119542,86.06443701138885,52.26655945321137,True,1.03888,1.0,0.0,0.9454561835028948,261,ok,,sleep,300.0,sleep:300s:start sleep -> stop sleep | other:300s:started brushing teeth 2 mins ago | social_entertainment:300s:start listening to o macklemore -> [unclosed],
P2,436,1772278680000,1772278980000,1772278830000,2026-02-28 03:40:30,72.61367121381681,91.42802978061825,52.713900628972674,True,1.0389066666666666,1.0,0.007575757575757576,0.9425001774710619,265,ok,,sleep,300.0,sleep:300s:start sleep -> stop sleep | other:300s:started brushing teeth 2 mins ago | social_entertainment:300s:start listening to o macklemore -> [unclosed],
P2,437,1772278710000,1772279010000,1772278860000,2026-02-28 03:41:00,64.82932745942765,77.05060649207091,52.391187533584095,True,1.03888,1.0,0.0,0.9480200359871698,261,ok,,sleep,300.0,sleep:300s:start sleep -> stop sleep | other:300s:started brushing teeth 2 mins ago | social_entertainment:300s:start listening to o macklemore -> [unclosed],
P2,438,1772278740000,1772279040000,1772278890000,2026-02-28 03:41:30,65.31730394430353,61.55448827416582,51.677516274411616,True,1.0389333333333333,1.0,0.003875968992248062,0.9526420446298705,259,ok,,sleep,300.0,sleep:300s:start sleep -> stop sleep | other:300s:started brushing teeth 2 mins ago | social_entertainment:300s:start listening to o macklemore -> [unclosed],
P2,439,1772278770000,1772279070000,1772278920000,2026-02-28 03:42:00,69.24052281720581,68.89819012944274,51.795371334520176,True,1.0389333333333333,1.0,0.0,0.9509515697050197,258,ok,,sleep,300.0,sleep:300s:start sleep -> stop sleep | other:300s:started brushing teeth 2 mins ago | social_entertainment:300s:start listening to o macklemore -> [unclosed],
P2,440,1772278800000,1772279100000,1772278950000,2026-02-28 03:42:30,71.98277140986558,70.61687848935789,51.89514109200201,True,1.0389333333333333,1.0,0.003861003861003861,0.9474533588743959,260,ok,,sleep,300.0,sleep:300s:start sleep -> stop sleep | other:300s:started brushing teeth 2 mins ago | social_entertainment:300s:start listening to o macklemore -> [unclosed],
P2,441,1772278830000,1772279130000,1772278980000,2026-02-28 03:43:00,69.94602314532366,71.58418834645092,52.18956208758249,True,1.0389333333333333,1.0,0.007662835249042145,0.954744992912,262,ok,,sleep,300.0,sleep:300s:start sleep -> stop sleep | other:300s:started brushing teeth 2 mins ago | social_entertainment:300s:start listening to o macklemore -> [unclosed],
P2,442,1772278860000,1772279160000,1772279010000,2026-02-28 03:43:30,72.98200205238373,85.19699727266973,52.784164750574824,True,1.03896,1.0,0.007575757575757576,0.9509692726903277,265,ok,,sleep,300.0,sleep:300s:start sleep -> stop sleep | other:300s:started brushing teeth 2 mins ago | social_entertainment:300s:start listening to o macklemore -> [unclosed],
P2,443,1772278890000,1772279190000,1772279040000,2026-02-28 03:44:00,74.83224005028445,89.8633255507867,53.39328368694675,True,1.03896,1.0,0.0,0.9501470598920294,267,ok,,sleep,300.0,sleep:300s:start sleep -> stop sleep | other:300s:started brushing teeth 2 mins ago | social_entertainment:300s:start listening to o macklemore -> [unclosed],
P2,444,1772278920000,1772279220000,1772279070000,2026-02-28 03:44:30,71.34019358660153,86.45079141929673,53.89281764252438,True,1.0389333333333333,1.0,0.0,0.9513792734524334,269,ok,,sleep,300.0,sleep:300s:start sleep -> stop sleep | other:300s:started brushing teeth 2 mins ago | social_entertainment:300s:start listening to o macklemore -> [unclosed],
P2,445,1772278950000,1772279250000,1772279100000,2026-02-28 03:45:00,73.8521581535741,88.53780469989466,54.15343473173993,True,1.0389866666666667,1.0,0.0,0.9515801245045078,271,ok,,sleep,300.0,sleep:300s:start sleep -> stop sleep | other:300s:started brushing teeth 2 mins ago | social_entertainment:300s:start listening to o macklemore -> [unclosed],
P2,446,1772278980000,1772279280000,1772279130000,2026-02-28 03:45:30,71.76821427293319,85.8946586585357,54.20344359161386,True,1.0389866666666667,1.0,0.0,0.9535341112394327,271,ok,,sleep,300.0,sleep:300s:start sleep -> stop sleep | other:300s:started brushing teeth 2 mins ago | social_entertainment:300s:start listening to o macklemore -> [unclosed],
P2,447,1772279010000,1772279310000,1772279160000,2026-02-28 03:46:00,71.38441912712918,83.23091594793625,54.59381270122719,True,1.0389866666666667,1.0,0.007326007326007326,0.9378774918080468,274,ok,,sleep,300.0,sleep:300s:start sleep -> stop sleep | other:300s:started brushing teeth 2 mins ago | social_entertainment:300s:start listening to o macklemore -> [unclosed],
P2,448,1772279040000,1772279340000,1772279190000,2026-02-28 03:46:30,67.73896421356967,77.5661866213808,55.15220142543129,True,1.03896,1.0,0.007246376811594203,0.9366765144477152,277,ok,,sleep,300.0,sleep:300s:start sleep -> stop sleep | other:300s:started brushing teeth 2 mins ago | social_entertainment:300s:start listening to o macklemore -> [unclosed],
P2,449,1772279070000,1772279370000,1772279220000,2026-02-28 03:47:00,65.27998699838228,81.54129660310358,55.870009112132436,True,1.0390133333333333,1.0,0.010714285714285714,0.944605186838324,281,ok,,sleep,300.0,sleep:300s:start sleep -> stop sleep | other:300s:started brushing teeth 2 mins ago | social_entertainment:300s:start listening to o macklemore -> [unclosed],
P2,450,1772279100000,1772279400000,1772279250000,2026-02-28 03:47:30,64.68840644240322,76.4387131805304,56.178266997785094,True,1.03904,1.0,0.0035842293906810036,0.9462766836303849,280,ok,,sleep,300.0,sleep:300s:start sleep -> stop sleep | other:300s:started brushing teeth 2 mins ago | social_entertainment:300s:start listening to o macklemore -> [unclosed],
P2,451,1772279130000,1772279430000,1772279280000,2026-02-28 03:48:00,69.68797805729685,79.21643272083604,56.260010678056595,True,1.0390133333333333,1.0,0.0035587188612099642,0.9421964754289348,282,ok,,sleep,300.0,sleep:300s:start sleep -> stop sleep | other:300s:started brushing teeth 2 mins ago | social_entertainment:296s:start listening to o macklemore -> [unclosed],
P2,452,1772279160000,1772279460000,1772279310000,2026-02-28 03:48:30,67.88689729522744,74.21424232208302,56.25615301673621,True,1.03904,1.0,0.007142857142857143,0.9398933746867709,281,ok,,sleep,300.0,sleep:300s:start sleep -> stop sleep | other:300s:started brushing teeth 2 mins ago | social_entertainment:266s:start listening to o macklemore -> [unclosed],
P2,453,1772279190000,1772279490000,1772279340000,2026-02-28 03:49:00,67.28167932476015,68.11349223069338,55.974624836740674,True,1.03904,1.0,0.010714285714285714,0.9420490468888443,281,ok,,sleep,300.0,sleep:300s:start sleep -> stop sleep | other:300s:started brushing teeth 2 mins ago | social_entertainment:236s:start listening to o macklemore -> [unclosed],
P2,454,1772279220000,1772279520000,1772279370000,2026-02-28 03:49:30,71.43328916859453,71.34803383273798,55.69579677044516,True,1.03904,1.0,0.0035971223021582736,0.9380737951803549,279,ok,,sleep,300.0,sleep:300s:start sleep -> stop sleep | other:300s:started brushing teeth 2 mins ago | social_entertainment:206s:start listening to o macklemore -> [unclosed],
P2,455,1772279250000,1772279550000,1772279400000,2026-02-28 03:50:00,68.22701660671528,101.50841121505434,56.980438053837155,True,1.03904,1.0,0.0035211267605633804,0.9364174044941853,285,ok,,sleep,300.0,sleep:300s:start sleep -> stop sleep | other:300s:started brushing teeth 2 mins ago | social_entertainment:176s:start listening to o macklemore -> [unclosed],
P2,456,1772279280000,1772279580000,1772279430000,2026-02-28 03:50:30,69.5332654202289,104.9405953228435,57.97392176529589,True,1.0390666666666666,1.0,0.0034602076124567475,0.9327179421533109,290,ok,,sleep,300.0,sleep:300s:start sleep -> stop sleep | other:300s:started brushing teeth 2 mins ago | social_entertainment:146s:start listening to o macklemore -> [unclosed],
P2,457,1772279310000,1772279610000,1772279460000,2026-02-28 03:51:00,70.46246450493759,108.18690785696661,58.799919727072044,True,1.0390666666666666,1.0,0.0034129692832764505,0.9328041526844149,294,ok,,sleep,300.0,sleep:300s:start sleep -> stop sleep | other:300s:started brushing teeth 2 mins ago | social_entertainment:116s:start listening to o macklemore -> [unclosed],
P2,458,1772279340000,1772279640000,1772279490000,2026-02-28 03:51:30,71.91962480736696,113.06260722782379,59.668508287292816,True,1.0390666666666666,1.0,0.006734006734006734,0.9322247889054314,298,ok,,sleep,300.0,sleep:300s:start sleep -> stop sleep | other:300s:started brushing teeth 2 mins ago | social_entertainment:86s:start listening to o macklemore -> [unclosed],
P2,459,1772279370000,1772279670000,1772279520000,2026-02-28 03:52:00,69.87508158869674,112.26465884842668,59.684496098067456,True,1.0390666666666666,1.0,0.0,0.9341741571493846,298,ok,,sleep,300.0,sleep:300s:start sleep -> stop sleep | other:300s:started brushing teeth 2 mins ago | social_entertainment:56s:start listening to o macklemore -> [unclosed],
P2,460,1772279400000,1772279700000,1772279550000,2026-02-28 03:52:30,66.86725084733482,110.5872979185944,60.68115602290614,True,1.03904,1.0,0.0,0.9345011263029919,303,ok,,sleep,300.0,sleep:300s:start sleep -> stop sleep | other:300s:started brushing teeth 2 mins ago | social_entertainment:26s:start listening to o macklemore -> [unclosed],
P2,461,1772279430000,1772279730000,1772279580000,2026-02-28 03:53:00,64.36929346042304,104.26003999900469,61.12313765439959,True,1.0390666666666666,1.0,0.0,0.9340933213395691,305,ok,,sleep,300.0,sleep:300s:start sleep -> stop sleep | other:300s:started brushing teeth 2 mins ago,
P2,462,1772279460000,1772279760000,1772279610000,2026-02-28 03:53:30,61.99230397100907,100.2094827415548,61.559233216586904,True,1.03904,1.0,0.003257328990228013,0.934487139949729,308,ok,,sleep,300.0,sleep:300s:start sleep -> stop sleep | other:300s:started brushing teeth 2 mins ago,
P2,463,1772279490000,1772279790000,1772279640000,2026-02-28 03:54:00,63.41049063507272,93.3344967600274,62.15856095936043,True,1.0390666666666666,1.0,0.006430868167202572,0.9332453155115151,312,ok,,sleep,300.0,sleep:300s:start sleep -> stop sleep | other:300s:started brushing teeth 2 mins ago,
P2,464,1772279520000,1772279820000,1772279670000,2026-02-28 03:54:30,62.567128507070336,78.88635637154808,63.37887370876374,True,1.0390666666666666,1.0,0.0031545741324921135,0.9311025903100191,318,ok,,sleep,300.0,sleep:300s:start sleep -> stop sleep | other:300s:started brushing teeth 2 mins ago,
P2,465,1772279550000,1772279850000,1772279700000,2026-02-28 03:55:00,60.358143040603096,68.24461000201063,62.94687604410291,True,1.03904,1.0,0.0,0.9335439238357504,315,ok,,sleep,300.0,sleep:300s:start sleep -> stop sleep | other:300s:started brushing teeth 2 mins ago,
P2,466,1772279580000,1772279880000,1772279730000,2026-02-28 03:55:30,64.03144259678709,72.91739564756317,62.70743874504985,True,1.03904,1.0,0.003194888178913738,0.9330700176906002,314,ok,,sleep,300.0,sleep:300s:start sleep -> stop sleep | other:300s:started brushing teeth 2 mins ago,
P2,467,1772279610000,1772279910000,1772279760000,2026-02-28 03:56:00,65.27371649076012,74.49292121866117,62.391333422495656,True,1.03904,1.0,0.0,0.9347842012154737,312,ok,,sleep,300.0,sleep:300s:start sleep -> stop sleep | other:300s:started brushing teeth 2 mins ago,
P2,468,1772279640000,1772279940000,1772279790000,2026-02-28 03:56:30,63.223179436077324,82.29027688243258,62.38669083928762,True,1.03904,1.0,0.00641025641025641,0.9341623359854186,313,ok,,sleep,300.0,sleep:300s:start sleep -> stop sleep | other:300s:started brushing teeth 2 mins ago,
P2,469,1772279670000,1772279970000,1772279820000,2026-02-28 03:57:00,64.63473795606625,85.262891611275,61.97476884815179,True,1.03904,1.0,0.0,0.9334520723676769,310,ok,,sleep,300.0,sleep:300s:start sleep -> stop sleep | other:300s:started brushing teeth 2 mins ago,
P2,470,1772279700000,1772280000000,1772279850000,2026-02-28 03:57:30,66.43952533180673,85.73371852312998,61.25523012552301,True,1.0390666666666666,1.0,0.0,0.9323031079106663,306,ok,,sleep,300.0,sleep:300s:start sleep -> stop sleep | other:300s:started brushing teeth 2 mins ago,
P2,471,1772279730000,1772280030000,1772279880000,2026-02-28 03:58:00,67.71569673580554,84.47637077023163,61.71360095865788,True,1.03904,1.0,0.006472491909385114,0.9311119875561151,310,ok,,sleep,300.0,sleep:300s:start sleep -> stop sleep | other:300s:started brushing teeth 2 mins ago,
P2,472,1772279760000,1772280060000,1772279910000,2026-02-28 03:58:30,72.14856605931669,91.77647866361463,61.812774640092286,True,1.03904,1.0,0.003236245954692557,0.9300222105292495,310,ok,,sleep,300.0,sleep:300s:start sleep -> stop sleep | other:300s:started brushing teeth 2 mins ago,
P2,473,1772279790000,1772280090000,1772279940000,2026-02-28 03:59:00,71.49328271721905,92.55204211918506,61.22653819130784,True,1.0390133333333333,1.0,0.0,0.9324214228134957,306,ok,,sleep,300.0,sleep:300s:start sleep -> stop sleep | other:300s:started brushing teeth 2 mins ago,
P2,474,1772279820000,1772280120000,1772279970000,2026-02-28 03:59:30,74.09876019628305,101.27574013869912,59.91154000804182,True,1.0390666666666666,1.0,0.0,0.9308057482017509,299,ok,,sleep,300.0,sleep:300s:start sleep -> stop sleep | other:300s:started brushing teeth 2 mins ago,
P2,475,1772279850000,1772280150000,1772280000000,2026-02-28 04:00:00,79.99974226762608,105.55630779241578,58.84763433853512,True,1.0390666666666666,1.0,0.00684931506849315,0.9275239607873554,293,ok,,sleep,300.0,sleep:300s:start sleep -> stop sleep | other:300s:started brushing teeth 2 mins ago,
P2,476,1772279880000,1772280180000,1772280030000,2026-02-28 04:00:30,80.32376791652452,106.38140181685844,58.72558725587256,True,1.03904,1.0,0.007662835249042145,0.9273476531201763,262,ok,,sleep,300.0,sleep:300s:start sleep -> stop sleep | other:300s:started brushing teeth 2 mins ago,
P2,477,1772279910000,1772280210000,1772280060000,2026-02-28 04:01:00,79.16290303792114,107.37047638058198,58.4321958869805,True,1.0390666666666666,1.0,0.017316017316017316,0.9247859705681818,232,ok,,sleep,300.0,sleep:300s:start sleep -> stop sleep | other:300s:started brushing teeth 2 mins ago,
P2,478,1772279940000,1772280240000,1772280090000,2026-02-28 04:01:30,80.22946888000492,93.60325779346448,57.55770231966217,True,1.0390933333333334,1.0,0.01507537688442211,0.9267587879558888,200,ok,,sleep,300.0,sleep:300s:start sleep -> stop sleep | other:300s:started brushing teeth 2 mins ago,
P2,479,1772279970000,1772280270000,1772280120000,2026-02-28 04:02:00,82.68382782996555,99.0440693399842,57.42661216768571,True,1.0390666666666666,1.0,0.011764705882352941,0.9257437189066533,171,ok,,sleep,300.0,sleep:300s:start sleep -> stop sleep | other:300s:started brushing teeth 2 mins ago,
P2,485,1772280150000,1772280450000,1772280300000,2026-02-28 04:05:00,77.90783136937677,80.06740705364413,53.28845884167718,True,1.0390933333333334,1.0,0.011278195488721804,0.9275892474456982,267,ok,,sleep,300.0,sleep:300s:start sleep -> stop sleep | other:300s:started brushing teeth 2 mins ago,
P2,486,1772280180000,1772280480000,1772280330000,2026-02-28 04:05:30,72.76008729399865,76.75069574108755,53.199320119380616,True,1.0390933333333334,1.0,0.0,0.9383912207043051,266,ok,,sleep,300.0,sleep:300s:start sleep -> stop sleep | other:300s:started brushing teeth 2 mins ago,
P2,487,1772280210000,1772280510000,1772280360000,2026-02-28 04:06:00,75.61035228812473,86.31314273298572,53.810762152430485,True,1.0390933333333334,1.0,0.007434944237918215,0.9391826847054882,270,ok,,sleep,300.0,sleep:300s:start sleep -> stop sleep | other:300s:started brushing teeth 2 mins ago,
P2,488,1772280240000,1772280540000,1772280390000,2026-02-28 04:06:30,71.61405996664105,80.83001118335831,53.37792642140468,True,1.0390933333333334,1.0,0.0,0.9416530009113075,267,ok,,sleep,300.0,sleep:300s:start sleep -> stop sleep | other:300s:started brushing teeth 2 mins ago,
P2,489,1772280270000,1772280570000,1772280420000,2026-02-28 04:07:00,74.22769660575645,83.25445308215187,53.31729805572259,True,1.03912,1.0,0.0,0.9404661623719018,267,ok,,sleep,300.0,sleep:300s:start sleep -> stop sleep | other:300s:started brushing teeth 2 mins ago,
P2,490,1772280300000,1772280600000,1772280450000,2026-02-28 04:07:30,79.69745422864092,92.78549112220614,53.54063339705627,True,1.03912,1.0,0.003745318352059925,0.9398644536251941,268,ok,,sleep,300.0,sleep:300s:start sleep -> stop sleep | other:300s:started brushing teeth 2 mins ago,
P2,491,1772280330000,1772280630000,1772280480000,2026-02-28 04:08:00,83.60671263124597,91.84059959957307,53.665830084904144,True,1.0390933333333334,1.0,0.007462686567164179,0.9358414667050774,269,ok,,sleep,300.0,sleep:300s:start sleep -> stop sleep | other:300s:started brushing teeth 2 mins ago,
P2,492,1772280360000,1772280660000,1772280510000,2026-02-28 04:08:30,79.1040912283975,91.62246916173977,54.09556883828097,True,1.03912,1.0,0.007407407407407408,0.9436959920401728,271,ok,,sleep,300.0,sleep:300s:start sleep -> stop sleep | other:300s:started brushing teeth 2 mins ago,
P2,493,1772280390000,1772280690000,1772280540000,2026-02-28 04:09:00,77.26443290798551,82.50750128449543,54.2814221331998,True,1.03912,1.0,0.007380073800738007,0.9418706108754863,272,ok,,sleep,300.0,sleep:300s:start sleep -> stop sleep | other:300s:started brushing teeth 2 mins ago,
P2,494,1772280420000,1772280720000,1772280570000,2026-02-28 04:09:30,75.20986866475229,80.44431196428934,53.82426778242677,True,1.0390933333333334,1.0,0.0,0.9452342950618733,269,ok,,sleep,300.0,sleep:300s:start sleep -> stop sleep | other:300s:started brushing teeth 2 mins ago,
P2,495,1772280450000,1772280750000,1772280600000,2026-02-28 04:10:00,73.30989524437162,80.68553887921,54.29592279694126,True,1.03912,1.0,0.0036900369003690036,0.9471849092201439,272,ok,,sleep,300.0,sleep:300s:start sleep -> stop sleep | other:300s:started brushing teeth 2 mins ago,
P2,496,1772280480000,1772280780000,1772280630000,2026-02-28 04:10:30,69.4192325709977,72.26063981575025,54.199267940494984,True,1.0391466666666667,1.0,0.0,0.9484230356713352,270,ok,,sleep,300.0,sleep:300s:start sleep -> stop sleep | other:300s:started brushing teeth 2 mins ago,
P2,497,1772280510000,1772280810000,1772280660000,2026-02-28 04:11:00,69.16193414247724,70.82664223112972,53.99799263967883,True,1.03912,1.0,0.0037174721189591076,0.9449582190235208,270,ok,,sleep,300.0,sleep:300s:start sleep -> stop sleep | other:300s:started brushing teeth 2 mins ago,
P2,498,1772280540000,1772280840000,1772280690000,2026-02-28 04:11:30,68.27334765484991,68.93654980603297,54.6875,True,1.03912,1.0,0.0,0.9478968655251122,274,ok,,sleep,300.0,sleep:300s:start sleep -> stop sleep | other:300s:started brushing teeth 2 mins ago,
P2,499,1772280570000,1772280870000,1772280720000,2026-02-28 04:12:00,68.67112665715946,68.76450466228398,55.17976741861318,True,1.03912,1.0,0.007246376811594203,0.9409828783808669,277,ok,,sleep,300.0,sleep:300s:start sleep -> stop sleep | other:300s:started brushing teeth 2 mins ago,
P2,500,1772280600000,1772280900000,1772280750000,2026-02-28 04:12:30,66.79003237690804,69.28864818230592,55.10491385667359,True,1.0391466666666667,1.0,0.0,0.9487398686873515,275,ok,,sleep,300.0,sleep:300s:start sleep -> stop sleep | other:300s:started brushing teeth 2 mins ago,
P2,501,1772280630000,1772280930000,1772280780000,2026-02-28 04:13:00,69.83233308808713,69.75294348925162,55.37284381502115,True,1.0391466666666667,1.0,0.0,0.94550726362325,276,ok,,sleep,300.0,sleep:300s:start sleep -> stop sleep | other:300s:started brushing teeth 2 mins ago,
P2,502,1772280660000,1772280960000,1772280810000,2026-02-28 04:13:30,70.30601149118445,77.5237404070932,55.88643769029432,True,1.0391466666666667,1.0,0.0035842293906810036,0.9376892681119682,280,ok,,sleep,300.0,sleep:300s:start sleep -> stop sleep | other:300s:started brushing teeth 2 mins ago,
P2,503,1772280690000,1772280990000,1772280840000,2026-02-28 04:14:00,74.44876907700926,83.83217474589867,56.360923093321965,True,1.0391466666666667,1.0,0.0070921985815602835,0.9294937605443129,283,ok,,sleep,300.0,sleep:300s:start sleep -> stop sleep | other:300s:started brushing teeth 2 mins ago,
P2,505,1772280750000,1772281050000,1772280900000,2026-02-28 04:15:00,77.62781905873014,84.82395209785383,56.52624194033341,True,1.03912,1.0,0.0,0.9244038178498362,283,ok,,sleep,300.0,sleep:300s:start sleep -> stop sleep | other:300s:started brushing teeth 2 mins ago,
P2,506,1772280780000,1772281080000,1772280930000,2026-02-28 04:15:30,75.75553714713337,86.95264993582637,57.05629554493767,True,1.03912,1.0,0.0035087719298245615,0.9276608708922719,286,ok,,sleep,300.0,sleep:300s:start sleep -> stop sleep | other:300s:started brushing teeth 2 mins ago,
P2,507,1772280810000,1772281110000,1772280960000,2026-02-28 04:16:00,74.02305443179569,83.57623182262678,57.398852022959545,True,1.0391466666666667,1.0,0.006968641114982578,0.9277059966213694,288,ok,,sleep,300.0,sleep:300s:start sleep -> stop sleep | other:300s:started brushing teeth 2 mins ago,
P2,508,1772280840000,1772281140000,1772280990000,2026-02-28 04:16:30,73.80609968611803,81.92673309957223,57.37211634904714,True,1.03912,1.0,0.0,0.9181747420935301,287,ok,,sleep,300.0,sleep:300s:start sleep -> stop sleep | other:300s:started brushing teeth 2 mins ago,
P2,509,1772280870000,1772281170000,1772281020000,2026-02-28 04:17:00,71.72993167842522,81.30395492371031,57.284513081638806,True,1.03912,1.0,0.0,0.9246738649749476,286,ok,,sleep,300.0,sleep:300s:start sleep -> stop sleep | other:300s:started brushing teeth 2 mins ago,
P2,510,1772280900000,1772281200000,1772281050000,2026-02-28 04:17:30,71.52984900197688,81.39793004481693,57.33952618037224,True,1.03912,1.0,0.0034965034965034965,0.9232791384001976,287,ok,,sleep,300.0,sleep:300s:start sleep -> stop sleep | other:300s:started brushing teeth 2 mins ago,
P2,511,1772280930000,1772281230000,1772281080000,2026-02-28 04:18:00,67.26204320521606,81.19638870936942,57.24235934591598,True,1.0391466666666667,1.0,0.006993006993006993,0.927835947392701,287,ok,,sleep,300.0,sleep:300s:start sleep -> stop sleep | other:300s:started brushing teeth 2 mins ago,
P2,512,1772280960000,1772281260000,1772281110000,2026-02-28 04:18:30,69.9422232328036,77.59647018684038,56.67961945598285,True,1.0390933333333334,1.0,0.0035460992907801418,0.9291244613939189,283,ok,,sleep,300.0,sleep:300s:start sleep -> stop sleep | other:300s:started brushing teeth 2 mins ago,
P2,514,1772281020000,1772281320000,1772281170000,2026-02-28 04:19:30,69.13239234420342,105.10438697500389,58.84479434447301,True,1.0391466666666667,1.0,0.0,0.9286655445381118,294,ok,,sleep,300.0,sleep:300s:start sleep -> stop sleep | other:300s:started brushing teeth 2 mins ago,
P2,515,1772281050000,1772281350000,1772281200000,2026-02-28 04:20:00,71.44865078499842,116.1110981456878,60.08732691511664,True,1.0391466666666667,1.0,0.006666666666666667,0.9270023875329088,301,ok,,sleep,300.0,sleep:300s:start sleep -> stop sleep | other:300s:started brushing teeth 2 mins ago,
P2,516,1772281080000,1772281380000,1772281230000,2026-02-28 04:20:30,70.80111116495765,113.26448259606974,60.509724300064114,True,1.03912,1.0,0.0,0.9220828366998657,303,ok,,sleep,300.0,sleep:300s:start sleep -> stop sleep | other:300s:started brushing teeth 2 mins ago,
P2,517,1772281110000,1772281410000,1772281260000,2026-02-28 04:21:00,72.75779936488632,110.02241006328937,61.0463952603979,True,1.0391466666666667,1.0,0.006557377049180328,0.9184862106626481,306,ok,,sleep,300.0,sleep:300s:start sleep -> stop sleep | other:300s:started brushing teeth 2 mins ago,
P2,518,1772281140000,1772281440000,1772281290000,2026-02-28 04:21:30,70.2659443229513,107.56355318849229,61.45537501745891,True,1.0391466666666667,1.0,0.00974025974025974,0.9210148262445387,309,ok,,sleep,300.0,sleep:300s:start sleep -> stop sleep | other:300s:started brushing teeth 2 mins ago,
P2,519,1772281170000,1772281470000,1772281320000,2026-02-28 04:22:00,71.9921786474598,104.9086258246615,61.74519814897191,True,1.0391466666666667,1.0,0.012903225806451613,0.916024147518772,311,ok,,sleep,300.0,sleep:300s:start sleep -> stop sleep | other:300s:started brushing teeth 2 mins ago,
P2,520,1772281200000,1772281500000,1772281350000,2026-02-28 04:22:30,72.90601226376205,100.70509363049158,62.86337692747761,True,1.0391466666666667,1.0,0.009523809523809525,0.9138205909219785,316,ok,,sleep,300.0,sleep:300s:start sleep -> stop sleep | other:300s:started brushing teeth 2 mins ago,
P2,521,1772281230000,1772281530000,1772281380000,2026-02-28 04:23:00,77.28312309004524,99.8989565190142,64.60746974017428,True,1.03912,1.0,0.009259259259259259,0.9129568383180938,325,ok,,sleep,300.0,sleep:300s:start sleep -> stop sleep | other:300s:started brushing teeth 2 mins ago,
P2,522,1772281260000,1772281560000,1772281410000,2026-02-28 04:23:30,74.57581537473104,104.61859231443324,66.89185153725172,True,1.0391466666666667,1.0,0.02976190476190476,0.9000346589025632,337,ok,,sleep,300.0,sleep:300s:start sleep -> stop sleep | other:300s:started brushing teeth 2 mins ago,
P2,523,1772281290000,1772281590000,1772281440000,2026-02-28 04:24:00,73.26017509150432,109.42651549899665,67.59136797750942,True,1.0390933333333334,1.0,0.02654867256637168,0.8987004793437914,340,ok,,sleep,300.0,sleep:300s:start sleep -> stop sleep | other:300s:started brushing teeth 2 mins ago,
P2,524,1772281320000,1772281620000,1772281470000,2026-02-28 04:24:30,75.7475151177359,109.83980522069457,68.78538958449637,True,1.03912,1.0,0.028985507246376812,0.8916310177445722,346,ok,,sleep,300.0,sleep:300s:start sleep -> stop sleep | other:300s:started brushing teeth 2 mins ago,
P2,525,1772281350000,1772281650000,1772281500000,2026-02-28 04:25:00,75.56995906741179,112.03449572406254,68.49725411882176,True,1.03912,1.0,0.026239067055393587,0.8906990278541462,344,ok,,sleep,300.0,sleep:300s:start sleep -> stop sleep | other:300s:started brushing teeth 2 mins ago,
P2,526,1772281380000,1772281680000,1772281530000,2026-02-28 04:25:30,75.38450906846045,112.4155361780091,69.54065863796227,True,1.03912,1.0,0.02586206896551724,0.8876955041052953,349,ok,,sleep,300.0,sleep:300s:start sleep -> stop sleep | other:300s:started brushing teeth 2 mins ago,
P2,527,1772281410000,1772281710000,1772281560000,2026-02-28 04:26:00,74.78984641487482,108.59845211251573,71.13550380987904,True,1.03912,1.0,0.025280898876404494,0.8865525616532728,357,ok,,sleep,300.0,sleep:300s:start sleep -> stop sleep | other:300s:started brushing teeth 2 mins ago,
P2,539,1772281770000,1772282070000,1772281920000,2026-02-28 04:32:00,71.38106637735346,96.86869725596972,68.39899413243923,True,1.0391466666666667,1.0,0.0,0.903991710414937,341,ok,,sleep,300.0,sleep:300s:start sleep -> stop sleep | other:300s:started brushing teeth 2 mins ago,
P2,540,1772281800000,1772282100000,1772281950000,2026-02-28 04:32:30,71.79537917295399,95.57540837227428,68.49223352972683,True,1.03912,1.0,0.0,0.9025130243740674,342,ok,,sleep,300.0,sleep:300s:start sleep -> stop sleep | other:300s:started brushing teeth 2 mins ago,
P2,541,1772281830000,1772282130000,1772281980000,2026-02-28 04:33:00,71.2220569441015,99.2443543002075,68.96551724137932,True,1.03912,1.0,0.005797101449275362,0.9093759331082595,346,ok,,sleep,300.0,sleep:300s:start sleep -> stop sleep | other:300s:started brushing teeth 2 mins ago,
P2,542,1772281860000,1772282160000,1772282010000,2026-02-28 04:33:30,73.08706655931414,100.40937772463539,68.76365750486157,True,1.03912,1.0,0.0029154518950437317,0.9053525910485491,344,ok,,sleep,300.0,sleep:300s:start sleep -> stop sleep | other:300s:started brushing teeth 2 mins ago,
P2,543,1772281890000,1772282190000,1772282040000,2026-02-28 04:34:00,74.55270960116567,104.71188771019908,68.01037877166702,True,1.0391466666666667,1.0,0.0,0.9082086070557269,340,ok,,sleep,300.0,sleep:300s:start sleep -> stop sleep | other:300s:started brushing teeth 2 mins ago,
P2,544,1772281920000,1772282220000,1772282070000,2026-02-28 04:34:30,75.4332160787046,102.0967594038633,68.47989320874353,True,1.0391466666666667,1.0,0.0029239766081871343,0.9116385399537013,343,ok,,sleep,300.0,sleep:300s:start sleep -> stop sleep | other:300s:started brushing teeth 2 mins ago,
P2,545,1772281950000,1772282250000,1772282100000,2026-02-28 04:35:00,69.86579267071437,100.3570726405743,69.36416184971098,True,1.0391466666666667,1.0,0.0,0.9101319663293909,347,ok,,sleep,300.0,sleep:300s:start sleep -> stop sleep | other:300s:started brushing teeth 2 mins ago,
P2,546,1772281980000,1772282280000,1772282130000,2026-02-28 04:35:30,67.36847651466506,88.41588501290612,69.22613871981808,True,1.03912,1.0,0.002898550724637681,0.9160370816434874,346,ok,,sleep,300.0,sleep:300s:start sleep -> stop sleep | other:300s:started brushing teeth 2 mins ago,
P2,547,1772282010000,1772282310000,1772282160000,2026-02-28 04:36:00,67.84384402443351,85.41027541689355,68.92728572096472,True,1.0391466666666667,1.0,0.0,0.918636623677298,345,ok,,sleep,300.0,sleep:300s:start sleep -> stop sleep | other:300s:started brushing teeth 2 mins ago,
P2,548,1772282040000,1772282340000,1772282190000,2026-02-28 04:36:30,67.7641237720096,84.48553009589229,68.50920487801612,True,1.03912,1.0,0.0,0.920121948254453,342,ok,,sleep,300.0,sleep:300s:start sleep -> stop sleep | other:300s:started brushing teeth 2 mins ago,
P2,549,1772282070000,1772282370000,1772282220000,2026-02-28 04:37:00,61.11351871793978,81.31409636401735,68.41596372486913,True,1.0391466666666667,1.0,0.005847953216374269,0.9206746357649334,343,ok,,sleep,300.0,sleep:300s:start sleep -> stop sleep | other:300s:started brushing teeth 2 mins ago,
P2,550,1772282100000,1772282400000,1772282250000,2026-02-28 04:37:30,60.35558350456891,78.61494048149878,68.14537680384821,True,1.0391466666666667,1.0,0.0058823529411764705,0.9203520467496162,341,ok,,sleep,300.0,sleep:300s:start sleep -> stop sleep | other:300s:started brushing teeth 2 mins ago,
P2,551,1772282130000,1772282430000,1772282280000,2026-02-28 04:38:00,62.45908840633922,76.22255516453231,67.2555711704477,True,1.0391466666666667,1.0,0.0,0.9183058538978478,336,ok,,sleep,300.0,sleep:300s:start sleep -> stop sleep | other:300s:started brushing teeth 2 mins ago,
P2,552,1772282160000,1772282460000,1772282310000,2026-02-28 04:38:30,62.4711670019604,77.87511308500045,67.1418932009647,True,1.03912,1.0,0.0029850746268656717,0.9154773979265611,336,ok,,sleep,300.0,sleep:300s:start sleep -> stop sleep | other:300s:started brushing teeth 2 mins ago,
P2,553,1772282190000,1772282490000,1772282340000,2026-02-28 04:39:00,62.3643929451606,76.77759742416103,67.57071935494619,True,1.0391466666666667,1.0,0.005917159763313609,0.9187790629166004,339,ok,,sleep,300.0,sleep:300s:start sleep -> stop sleep | other:300s:started brushing teeth 2 mins ago,
P2,555,1772282250000,1772282550000,1772282400000,2026-02-28 04:40:00,63.553457153546454,62.69534341826986,67.20025676516018,True,1.03912,1.0,0.0,0.9227659754277648,336,ok,,sleep,300.0,sleep:300s:start sleep -> stop sleep | other:300s:started brushing teeth 2 mins ago,
P2,556,1772282280000,1772282580000,1772282430000,2026-02-28 04:40:30,66.78467033827593,69.8714425609735,66.90481754749108,True,1.0391733333333333,1.0,0.0029940119760479044,0.9232385849388121,335,ok,,sleep,300.0,sleep:300s:start sleep -> stop sleep | other:300s:started brushing teeth 2 mins ago,
P2,557,1772282310000,1772282610000,1772282460000,2026-02-28 04:41:00,69.6054613187699,71.46741794374168,65.73524977384662,True,1.0391466666666667,1.0,0.0,0.9230616582744553,328,ok,,sleep,300.0,sleep:300s:start sleep -> stop sleep | other:300s:started brushing teeth 2 mins ago,
P2,558,1772282340000,1772282640000,1772282490000,2026-02-28 04:41:30,69.99391507944208,73.8343064253883,65.07852809056261,True,1.0391733333333333,1.0,0.003076923076923077,0.9211282364657556,326,ok,,sleep,300.0,sleep:300s:start sleep -> stop sleep | other:300s:started brushing teeth 2 mins ago,
P2,559,1772282370000,1772282670000,1772282520000,2026-02-28 04:42:00,71.6638918538383,73.44339215452858,64.83221476510067,True,1.03912,1.0,0.0,0.9219456809269115,323,ok,,sleep,300.0,sleep:300s:start sleep -> stop sleep | other:300s:started brushing teeth 2 mins ago,
P2,560,1772282400000,1772282700000,1772282550000,2026-02-28 04:42:30,73.69460231209534,71.23355374865635,64.89418698098045,True,1.0391733333333333,1.0,0.0030959752321981426,0.9199917175245068,324,ok,,sleep,300.0,sleep:300s:start sleep -> stop sleep | other:300s:started brushing teeth 2 mins ago,
P2,561,1772282430000,1772282730000,1772282580000,2026-02-28 04:43:00,72.0952613427161,70.34937822902592,65.04796364295449,True,1.0391733333333333,1.0,0.0,0.9228131260842432,324,ok,,sleep,300.0,sleep:300s:start sleep -> stop sleep | other:300s:started brushing teeth 2 mins ago,
P2,562,1772282460000,1772282760000,1772282610000,2026-02-28 04:43:30,75.93381956762376,88.35025936564577,65.93936794703407,True,1.0391733333333333,1.0,0.0,0.9211084496627215,329,ok,,sleep,300.0,sleep:300s:start sleep -> stop sleep | other:300s:started brushing teeth 2 mins ago,
P2,563,1772282490000,1772282790000,1772282640000,2026-02-28 04:44:00,74.39668991211583,95.34135829275316,66.96697904516752,True,1.0391733333333333,1.0,0.003003003003003003,0.9153666986110526,334,ok,,sleep,300.0,sleep:300s:start sleep -> stop sleep | other:300s:started brushing teeth 2 mins ago,
P2,564,1772282520000,1772282820000,1772282670000,2026-02-28 04:44:30,77.44352781220648,99.73291661195744,67.39550696620225,True,1.0391733333333333,1.0,0.002967359050445104,0.9155269597731079,338,ok,,sleep,300.0,sleep:300s:start sleep -> stop sleep | other:300s:started brushing teeth 2 mins ago,
P2,565,1772282550000,1772282850000,1772282700000,2026-02-28 04:45:00,75.46976746091265,103.75564463285242,66.72472700475649,True,1.0391733333333333,1.0,0.0,0.9165559933928308,333,ok,,sleep,300.0,sleep:300s:start sleep -> stop sleep | other:300s:started brushing teeth 2 mins ago,
P2,566,1772282580000,1772282880000,1772282730000,2026-02-28 04:45:30,74.47504353870325,106.25373496741302,65.81499565246472,True,1.03912,1.0,0.0,0.915040644681565,329,ok,,sleep,300.0,sleep:300s:start sleep -> stop sleep | other:300s:started brushing teeth 2 mins ago,
P2,567,1772282610000,1772282910000,1772282760000,2026-02-28 04:46:00,75.52163012219876,101.77217525482452,66.5606329942929,True,1.0391733333333333,1.0,0.006024096385542169,0.9128558655311101,333,ok,,sleep,300.0,sleep:300s:start sleep -> stop sleep | other:300s:started brushing teeth 2 mins ago,
P2,568,1772282640000,1772282940000,1772282790000,2026-02-28 04:46:30,75.84680675702897,99.66347855959211,67.5657613344739,True,1.0391733333333333,1.0,0.0,0.9143478086928013,338,ok,,sleep,300.0,sleep:300s:start sleep -> stop sleep | other:300s:started brushing teeth 2 mins ago,
P2,569,1772282670000,1772282970000,1772282820000,2026-02-28 04:47:00,81.18374221480555,112.21794481354094,68.32754475020037,True,1.0391733333333333,1.0,0.011730205278592375,0.9107337593698919,342,ok,,sleep,300.0,sleep:300s:start sleep -> stop sleep | other:300s:started brushing teeth 2 mins ago,
P2,570,1772282700000,1772283000000,1772282850000,2026-02-28 04:47:30,80.63815415026502,104.75105331611276,67.80229360874522,True,1.0391466666666667,1.0,0.0,0.9120234626892819,338,ok,,sleep,300.0,sleep:300s:start sleep -> stop sleep | other:300s:started brushing teeth 2 mins ago,
P2,571,1772282730000,1772283030000,1772282880000,2026-02-28 04:48:00,77.76471585782576,104.34432515433666,68.12353066894636,True,1.0391466666666667,1.0,0.0029411764705882353,0.9123159227996942,341,ok,,sleep,300.0,sleep:300s:start sleep -> stop sleep | other:300s:started brushing teeth 2 mins ago,
P2,572,1772282760000,1772283060000,1772282910000,2026-02-28 04:48:30,75.16278850680969,93.62105640970607,67.50150673006094,True,1.0391733333333333,1.0,0.0,0.9143295103137233,337,ok,,sleep,300.0,sleep:300s:start sleep -> stop sleep | other:300s:started brushing teeth 2 mins ago,
P2,573,1772282790000,1772283090000,1772282940000,2026-02-28 04:49:00,78.24294190505593,87.78815447117383,66.90035052578868,True,1.03912,1.0,0.0029940119760479044,0.9157889439033859,335,ok,,sleep,300.0,sleep:300s:start sleep -> stop sleep | other:300s:started brushing teeth 2 mins ago,
P2,574,1772282820000,1772283120000,1772282970000,2026-02-28 04:49:30,77.76049680942334,85.57223198422223,66.68139548896342,True,1.0391733333333333,1.0,0.0,0.9119742826603611,333,ok,,sleep,300.0,sleep:300s:start sleep -> stop sleep | other:300s:started brushing teeth 2 mins ago,
P2,575,1772282850000,1772283150000,1772283000000,2026-02-28 04:50:00,77.55804278087476,83.29320172573107,67.49809723464769,True,1.0391466666666667,1.0,0.0,0.9100297432562883,338,ok,,sleep,300.0,sleep:300s:start sleep -> stop sleep | other:300s:started brushing teeth 2 mins ago,
P2,576,1772282880000,1772283180000,1772283030000,2026-02-28 04:50:30,78.05900467687053,74.08367200713722,68.84427505502174,True,1.0391733333333333,1.0,0.0,0.9115499217543614,343,ok,,sleep,300.0,sleep:300s:start sleep -> stop sleep | other:300s:started brushing teeth 2 mins ago,
P2,577,1772282910000,1772283210000,1772283060000,2026-02-28 04:51:00,76.11982268271395,73.88839660064163,68.97012631156854,True,1.03912,1.0,0.0,0.9141188417071378,345,ok,,sleep,300.0,sleep:300s:start sleep -> stop sleep | other:300s:started brushing teeth 2 mins ago,
P2,578,1772282940000,1772283240000,1772283090000,2026-02-28 04:51:30,73.81818380558431,78.57703606066892,67.94721897444462,True,1.0391466666666667,1.0,0.0,0.9153946299996404,340,ok,,sleep,300.0,sleep:300s:start sleep -> stop sleep | other:300s:started brushing teeth 2 mins ago,
P2,579,1772282970000,1772283270000,1772283120000,2026-02-28 04:52:00,70.27217494448689,75.16730855779718,67.8227618824003,True,1.0391733333333333,1.0,0.0,0.9166689205155745,338,ok,,sleep,300.0,sleep:300s:start sleep -> stop sleep | other:300s:started brushing teeth 2 mins ago,
P2,580,1772283000000,1772283300000,1772283150000,2026-02-28 04:52:30,68.07189575149458,70.72129623152014,68.30801187733852,True,1.0391466666666667,1.0,0.005847953216374269,0.9202720094292696,343,ok,,sleep,300.0,sleep:300s:start sleep -> stop sleep | other:300s:started brushing teeth 2 mins ago,
P2,581,1772283030000,1772283330000,1772283180000,2026-02-28 04:53:00,69.75722905847938,69.75525303243,68.1863895407308,True,1.0391733333333333,1.0,0.0,0.9172954844631317,340,ok,,sleep,300.0,sleep:300s:start sleep -> stop sleep | other:300s:started brushing teeth 2 mins ago,
P2,582,1772283060000,1772283360000,1772283210000,2026-02-28 04:53:30,68.14724542359383,70.00426562325396,68.34123855969003,True,1.0391733333333333,1.0,0.002932551319648094,0.919758041533635,342,ok,,sleep,300.0,sleep:300s:start sleep -> stop sleep | other:300s:started brushing teeth 2 mins ago,
P2,583,1772283090000,1772283390000,1772283240000,2026-02-28 04:54:00,66.89791759314426,71.00430063101581,68.5677624588159,True,1.0391733333333333,1.0,0.0029239766081871343,0.9212213264046698,343,ok,,sleep,300.0,sleep:300s:start sleep -> stop sleep | other:300s:started brushing teeth 2 mins ago,
P2,584,1772283120000,1772283420000,1772283270000,2026-02-28 04:54:30,69.77071890395189,74.83797033933561,68.86536119179237,True,1.0391466666666667,1.0,0.0,0.9268558303454789,344,ok,,sleep,300.0,sleep:300s:start sleep -> stop sleep | other:300s:started brushing teeth 2 mins ago,
P2,585,1772283150000,1772283450000,1772283300000,2026-02-28 04:55:00,71.17904284514422,75.69367433436531,68.63523275281311,True,1.0392,1.0,0.008746355685131196,0.9231955246174777,344,ok,,sleep,300.0,sleep:300s:start sleep -> stop sleep | other:300s:started brushing teeth 2 mins ago,
P2,586,1772283180000,1772283480000,1772283330000,2026-02-28 04:55:30,70.95068710026705,71.25986913724032,68.30838263377893,True,1.0391733333333333,1.0,0.002932551319648094,0.9257872065028232,342,ok,,sleep,300.0,sleep:300s:start sleep -> stop sleep | other:300s:started brushing teeth 2 mins ago,
P2,587,1772283210000,1772283510000,1772283360000,2026-02-28 04:56:00,71.4458457556466,73.27138089011845,68.00173849085621,True,1.0392,1.0,0.0,0.9238311523468421,340,ok,,sleep,300.0,sleep:300s:start sleep -> stop sleep | other:300s:started brushing teeth 2 mins ago,
P2,588,1772283240000,1772283540000,1772283390000,2026-02-28 04:56:30,71.353401585969,67.31199114478258,68.70781099324975,True,1.0392,1.0,0.0029239766081871343,0.9232290586689296,343,ok,,sleep,300.0,sleep:300s:start sleep -> stop sleep | other:300s:started brushing teeth 2 mins ago,
P2,589,1772283270000,1772283570000,1772283420000,2026-02-28 04:57:00,76.29037246096364,72.32357635421036,69.02761104441777,True,1.0392,1.0,0.005797101449275362,0.9236525361879477,346,ok,,sleep,300.0,sleep:300s:start sleep -> stop sleep | other:300s:started brushing teeth 2 mins ago,
P2,590,1772283300000,1772283600000,1772283450000,2026-02-28 04:57:30,74.54595505595645,68.47282264556945,68.94472361809045,True,1.0392,1.0,0.0029154518950437317,0.9223727570295546,344,ok,,sleep,300.0,sleep:300s:start sleep -> stop sleep | other:300s:started brushing teeth 2 mins ago,
P2,591,1772283330000,1772283630000,1772283480000,2026-02-28 04:58:00,74.9096033920345,69.64403572226341,68.87385210246497,True,1.0391733333333333,1.0,0.0,0.9269416814789204,343,ok,,sleep,300.0,sleep:300s:start sleep -> stop sleep | other:300s:started brushing teeth 2 mins ago,
P2,592,1772283360000,1772283660000,1772283510000,2026-02-28 04:58:30,75.63879387353468,73.35963436043313,68.23655338506823,True,1.0392,1.0,0.0,0.9240613000782649,341,ok,,sleep,300.0,sleep:300s:start sleep -> stop sleep | other:300s:started brushing teeth 2 mins ago,
P2,593,1772283390000,1772283690000,1772283540000,2026-02-28 04:59:00,75.63514101403538,72.15458107317356,67.99264582985126,True,1.0392266666666667,1.0,0.0,0.925036072873015,340,ok,,sleep,300.0,sleep:300s:start sleep -> stop sleep | other:300s:started brushing teeth 2 mins ago,
P2,594,1772283420000,1772283720000,1772283570000,2026-02-28 04:59:30,72.21330252762924,72.56063181169266,68.22742474916389,True,1.0392266666666667,1.0,0.008823529411764706,0.9245932796271611,341,ok,,sleep,300.0,sleep:300s:start sleep -> stop sleep | other:300s:started brushing teeth 2 mins ago,
P2,596,1772283480000,1772283780000,1772283630000,2026-02-28 05:00:30,70.24961814527907,71.73805547377262,68.23883592574009,True,1.0392266666666667,1.0,0.0,0.9285882163254938,341,ok,,sleep,300.0,sleep:300s:start sleep -> stop sleep | other:300s:started brushing teeth 2 mins ago,
P2,597,1772283510000,1772283810000,1772283660000,2026-02-28 05:01:00,70.81509336342936,72.82481723928127,67.89693593314763,True,1.0392266666666667,1.0,0.0,0.9289884570241295,339,ok,,sleep,300.0,sleep:300s:start sleep -> stop sleep | other:300s:started brushing teeth 2 mins ago,
P2,598,1772283540000,1772283840000,1772283690000,2026-02-28 05:01:30,65.42579097442444,71.59646253537659,67.98205917254973,True,1.0392,1.0,0.0,0.9312401454996085,339,ok,,sleep,300.0,sleep:300s:start sleep -> stop sleep | other:300s:started brushing teeth 2 mins ago,
P2,599,1772283570000,1772283870000,1772283720000,2026-02-28 05:02:00,68.91985855074623,72.88408073346545,68.1622260981135,True,1.0392266666666667,1.0,0.0,0.9282222802675845,341,ok,,sleep,300.0,sleep:300s:start sleep -> stop sleep | other:300s:started brushing teeth 2 mins ago,
P2,600,1772283600000,1772283900000,1772283750000,2026-02-28 05:02:30,69.73307285123295,90.94177791271426,69.59530131144903,True,1.0392533333333334,1.0,0.002890173410404624,0.9245833801957124,347,ok,,sleep,300.0,sleep:300s:start sleep -> stop sleep | other:300s:started brushing teeth 2 mins ago,
P2,601,1772283630000,1772283930000,1772283780000,2026-02-28 05:03:00,73.88635315007895,96.04842441499838,70.81669909924369,True,1.0392266666666667,1.0,0.0056657223796034,0.910805250658543,354,ok,,sleep,300.0,sleep:300s:start sleep -> stop sleep | other:300s:started brushing teeth 2 mins ago,
P2,602,1772283660000,1772283960000,1772283810000,2026-02-28 05:03:30,69.56906750275832,92.21557172307817,71.96449751455948,True,1.0392,1.0,0.011111111111111112,0.907617796827235,361,ok,,sleep,300.0,sleep:300s:start sleep -> stop sleep | other:300s:started brushing teeth 2 mins ago,
P2,603,1772283690000,1772283990000,1772283840000,2026-02-28 05:04:00,70.87760830555742,91.78372759964536,72.87790775490537,True,1.0392266666666667,1.0,0.0027548209366391185,0.9085212450653062,364,ok,,sleep,300.0,sleep:300s:start sleep -> stop sleep | other:300s:started brushing teeth 2 mins ago,
P2,604,1772283720000,1772284020000,1772283870000,2026-02-28 05:04:30,70.96185901013071,94.07768043332132,72.06602697443468,True,1.0392,1.0,0.002793296089385475,0.9098218354096612,359,ok,,sleep,300.0,sleep:300s:start sleep -> stop sleep | other:300s:started brushing teeth 2 mins ago,
P2,605,1772283750000,1772284050000,1772283900000,2026-02-28 05:05:00,72.53008212714552,95.4833798517682,72.04803202134757,True,1.0392266666666667,1.0,0.005555555555555556,0.9041457396404773,361,ok,,sleep,300.0,sleep:300s:start sleep -> stop sleep | other:300s:started brushing teeth 2 mins ago,
P2,606,1772283780000,1772284080000,1772283930000,2026-02-28 05:05:30,74.32602870742771,97.18540458173398,71.99115192546168,True,1.0392,1.0,0.002793296089385475,0.9062270025030591,359,ok,,sleep,300.0,sleep:300s:start sleep -> stop sleep | other:300s:started brushing teeth 2 mins ago,
P2,607,1772283810000,1772284110000,1772283960000,2026-02-28 05:06:00,75.42448664456104,91.64549960991629,72.59843572431312,True,1.0392,1.0,0.0027624309392265192,0.9054115432939824,363,ok,,sleep,300.0,sleep:300s:start sleep -> stop sleep | other:300s:started brushing teeth 2 mins ago,
P2,608,1772283840000,1772284140000,1772283990000,2026-02-28 05:06:30,75.87084166782793,90.40894196701986,73.37322513853803,True,1.0391733333333333,1.0,0.0027397260273972603,0.9001612564982059,366,ok,,sleep,300.0,sleep:300s:start sleep -> stop sleep | other:300s:started brushing teeth 2 mins ago,
P2,609,1772283870000,1772284170000,1772284020000,2026-02-28 05:07:00,73.83156690063343,90.64770650435331,74.29072436802687,True,1.03912,1.0,0.005405405405405406,0.9003850055452343,371,ok,,sleep,300.0,sleep:300s:start sleep -> stop sleep | other:300s:started brushing teeth 2 mins ago,
P2,610,1772283900000,1772284200000,1772284050000,2026-02-28 05:07:30,72.6199338647492,83.97037322537784,73.34669338677355,True,1.0391466666666667,1.0,0.00273224043715847,0.896937407904124,367,ok,,sleep,300.0,sleep:300s:start sleep -> stop sleep | other:300s:started brushing teeth 2 mins ago,
P2,612,1772283960000,1772284260000,1772284110000,2026-02-28 05:08:30,69.79342535097574,77.47194370979068,72.35193907205131,True,1.03912,1.0,0.002770083102493075,0.9098239524390797,362,ok,,sleep,300.0,sleep:300s:start sleep -> stop sleep | other:300s:started brushing teeth 2 mins ago,
P2,613,1772283990000,1772284290000,1772284140000,2026-02-28 05:09:00,66.41828730770531,77.35276883482763,72.60172957028894,True,1.0390933333333334,1.0,0.0,0.9084545957643247,362,ok,,sleep,300.0,sleep:300s:start sleep -> stop sleep | other:300s:started brushing teeth 2 mins ago,
P2,614,1772284020000,1772284320000,1772284170000,2026-02-28 05:09:30,66.41581219325424,74.063180158777,73.82721347531046,True,1.03912,1.0,0.0,0.9057153175512097,368,ok,,sleep,300.0,sleep:300s:start sleep -> stop sleep | other:300s:started brushing teeth 2 mins ago,
P2,615,1772284050000,1772284350000,1772284200000,2026-02-28 05:10:00,66.50028017138446,72.7669053567494,74.07802885706278,True,1.0390933333333334,1.0,0.002702702702702703,0.9010968555111822,371,ok,,sleep,300.0,sleep:300s:start sleep -> stop sleep | other:300s:started brushing teeth 2 mins ago,
P2,616,1772284080000,1772284380000,1772284230000,2026-02-28 05:10:30,66.81365908742318,74.2746175781293,74.24500852814288,True,1.0390933333333334,1.0,0.002702702702702703,0.8983971204477281,371,ok,,sleep,300.0,sleep:300s:start sleep -> stop sleep | other:300s:started brushing teeth 2 mins ago,
P2,617,1772284110000,1772284410000,1772284260000,2026-02-28 05:11:00,68.23290796770814,74.80194134567212,74.30005741064633,True,1.0390933333333334,1.0,0.0026954177897574125,0.9009798226558708,372,ok,,sleep,300.0,sleep:300s:start sleep -> stop sleep | other:300s:started brushing teeth 2 mins ago,
P2,618,1772284140000,1772284440000,1772284290000,2026-02-28 05:11:30,64.9805351267223,75.991774621716,73.52351951278148,True,1.03912,1.0,0.0,0.9074530761182907,368,ok,,sleep,300.0,sleep:300s:start sleep -> stop sleep | other:300s:started brushing teeth 2 mins ago,
P2,619,1772284170000,1772284470000,1772284320000,2026-02-28 05:12:00,67.2266481554913,76.888632473415,72.4201572781255,True,1.03912,1.0,0.0,0.904384959917817,362,ok,,sleep,300.0,sleep:300s:start sleep -> stop sleep | other:300s:started brushing teeth 2 mins ago,
P2,620,1772284200000,1772284500000,1772284350000,2026-02-28 05:12:30,66.71096567414139,79.56581490870293,71.76505963716548,True,1.0390933333333334,1.0,0.0,0.9077660076193755,359,ok,,sleep,300.0,sleep:300s:start sleep -> stop sleep | other:300s:started brushing teeth 2 mins ago,
P2,621,1772284230000,1772284530000,1772284380000,2026-02-28 05:13:00,67.22591720208786,81.92762255716882,71.37606095034418,True,1.03912,1.0,0.0,0.9026799836360471,357,ok,,sleep,300.0,sleep:300s:start sleep -> stop sleep | other:300s:started brushing teeth 2 mins ago,
P2,622,1772284260000,1772284560000,1772284410000,2026-02-28 05:13:30,66.42392291800161,86.330534073323,70.34704542409219,True,1.0391466666666667,1.0,0.002857142857142857,0.9034017444218082,351,ok,,sleep,300.0,sleep:300s:start sleep -> stop sleep | other:300s:started brushing teeth 2 mins ago,
P2,623,1772284290000,1772284590000,1772284440000,2026-02-28 05:14:00,67.42133851836574,88.74521829324775,69.91087033676415,True,1.03912,1.0,0.0,0.9034836884136368,349,ok,,sleep,300.0,sleep:300s:start sleep -> stop sleep | other:300s:started brushing teeth 2 mins ago,
P2,624,1772284320000,1772284620000,1772284470000,2026-02-28 05:14:30,66.39576538318323,84.75077186651092,68.58719705654944,True,1.0391466666666667,1.0,0.0029154518950437317,0.903651454845039,344,ok,,sleep,300.0,sleep:300s:start sleep -> stop sleep | other:300s:started brushing teeth 2 mins ago,
P2,625,1772284350000,1772284650000,1772284500000,2026-02-28 05:15:00,63.284490092099254,86.27464020730126,68.77597533181391,True,1.0391466666666667,1.0,0.0,0.9051492241624467,343,ok,,sleep,300.0,sleep:300s:start sleep -> stop sleep | other:300s:started brushing teeth 2 mins ago,
P2,626,1772284380000,1772284680000,1772284530000,2026-02-28 05:15:30,63.82847717568809,90.11084727922754,70.09111845399019,True,1.0391466666666667,1.0,0.0,0.9026725265908964,351,ok,,sleep,300.0,sleep:300s:start sleep -> stop sleep | other:300s:started brushing teeth 2 mins ago,
P2,627,1772284410000,1772284710000,1772284560000,2026-02-28 05:16:00,63.92542350360256,92.37803177275117,69.92119674101777,True,1.03912,1.0,0.0,0.9015324231638817,350,ok,,sleep,300.0,sleep:300s:start sleep -> stop sleep | other:300s:started brushing teeth 2 mins ago,
P2,628,1772284440000,1772284740000,1772284590000,2026-02-28 05:16:30,63.44496164310242,103.48348666334546,68.89302499966524,True,1.0391466666666667,1.0,0.0,0.9021794777245016,344,ok,,sleep,300.0,sleep:300s:start sleep -> stop sleep | other:300s:started brushing teeth 2 mins ago,
P2,629,1772284470000,1772284770000,1772284620000,2026-02-28 05:17:00,64.44889216652632,120.09086807744151,67.49924666019352,True,1.0391466666666667,1.0,0.0,0.9046961635347065,337,ok,,sleep,300.0,sleep:300s:start sleep -> stop sleep | other:300s:started brushing teeth 2 mins ago,
P2,630,1772284500000,1772284800000,1772284650000,2026-02-28 05:17:30,68.03029628129818,126.89274446701204,66.5103817816477,True,1.03912,1.0,0.0030211480362537764,0.9044923077812238,332,ok,,sleep,300.0,sleep:300s:start sleep -> stop sleep | other:300s:started brushing teeth 2 mins ago,
P2,631,1772284530000,1772284830000,1772284680000,2026-02-28 05:18:00,67.42042603064628,137.35984137188112,65.30143489553774,True,1.03912,1.0,0.006134969325153374,0.9082567150031193,327,ok,,sleep,300.0,sleep:300s:start sleep -> stop sleep | other:300s:started brushing teeth 2 mins ago,
P2,632,1772284560000,1772284860000,1772284710000,2026-02-28 05:18:30,71.65821655609355,146.92635004126592,64.44489058422003,True,1.03912,1.0,0.006230529595015576,0.9069143693902336,322,ok,,sleep,300.0,sleep:300s:start sleep -> stop sleep | other:300s:started brushing teeth 2 mins ago,
P2,633,1772284590000,1772284890000,1772284740000,2026-02-28 05:19:00,74.04009375919892,144.34932418762452,62.408026755852845,True,1.0391466666666667,1.0,0.003215434083601286,0.9106654887812201,312,ok,,sleep,300.0,sleep:300s:start sleep -> stop sleep | other:300s:started brushing teeth 2 mins ago,
P2,635,1772284650000,1772284950000,1772284800000,2026-02-28 05:20:00,76.9110157768449,134.95917463545473,60.142336863911254,True,1.0391466666666667,1.0,0.01,0.9208181392122083,301,ok,,sleep,300.0,sleep:300s:start sleep -> stop sleep | other:300s:started brushing teeth 2 mins ago,
P2,636,1772284680000,1772284980000,1772284830000,2026-02-28 05:20:30,74.89435481771403,100.49789696507915,58.7256729400918,True,1.03912,1.0,0.006825938566552901,0.9256522674667239,294,ok,,sleep,300.0,sleep:300s:start sleep -> stop sleep | other:300s:started brushing teeth 2 mins ago,
P2,637,1772284710000,1772285010000,1772284860000,2026-02-28 05:21:00,80.66854798585594,87.1364812059179,57.94379987928375,True,1.0391466666666667,1.0,0.003472222222222222,0.9253729680225727,289,ok,,sleep,300.0,sleep:300s:start sleep -> stop sleep | other:300s:started brushing teeth 2 mins ago,
P2,638,1772284740000,1772285040000,1772284890000,2026-02-28 05:21:30,82.04360290588035,89.0177247792542,58.12355445312238,True,1.0390933333333334,1.0,0.0034602076124567475,0.9243093630060337,290,ok,,sleep,300.0,sleep:300s:start sleep -> stop sleep | other:300s:started brushing teeth 2 mins ago,
P2,639,1772284770000,1772285070000,1772284920000,2026-02-28 05:22:00,80.56980297037428,87.97407801686465,58.7625764615436,True,1.0391466666666667,1.0,0.006825938566552901,0.9228934807986803,294,ok,,sleep,300.0,sleep:300s:start sleep -> stop sleep | other:300s:started brushing teeth 2 mins ago,
P2,640,1772284800000,1772285100000,1772284950000,2026-02-28 05:22:30,77.55224917016496,93.95743717237076,59.60264900662252,True,1.0391466666666667,1.0,0.0,0.9197568407660127,298,ok,,sleep,300.0,sleep:300s:start sleep -> stop sleep | other:300s:started brushing teeth 2 mins ago,
P2,641,1772284830000,1772285130000,1772284980000,2026-02-28 05:23:00,75.2505759468183,104.91580476847855,61.139675520153446,True,1.0391466666666667,1.0,0.0032679738562091504,0.9119496809861878,307,ok,,sleep,300.0,sleep:300s:start sleep -> stop sleep | other:300s:started brushing teeth 2 mins ago,
P2,642,1772284860000,1772285160000,1772285010000,2026-02-28 05:23:30,74.76434203810584,98.20682373231504,61.89710610932475,True,1.0391466666666667,1.0,0.0,0.9101658727264308,309,ok,,sleep,300.0,sleep:300s:start sleep -> stop sleep | other:300s:started brushing teeth 2 mins ago,
P2,643,1772284890000,1772285190000,1772285040000,2026-02-28 05:24:00,77.3970653996912,93.00861881892008,62.98530342919985,True,1.0391466666666667,1.0,0.0031746031746031746,0.9048026182548318,316,ok,,sleep,300.0,sleep:300s:start sleep -> stop sleep | other:300s:started brushing teeth 2 mins ago,
P2,644,1772284920000,1772285220000,1772285070000,2026-02-28 05:24:30,77.97857544125887,84.12183811665805,63.7305491147418,True,1.0391466666666667,1.0,0.0,0.9050007370599465,318,ok,,sleep,300.0,sleep:300s:start sleep -> stop sleep | other:300s:started brushing teeth 2 mins ago,
P2,645,1772284950000,1772285250000,1772285100000,2026-02-28 05:25:00,75.67638923634284,83.6855577503971,64.62013927446166,True,1.0390933333333334,1.0,0.006211180124223602,0.9049753209129174,323,ok,,sleep,300.0,sleep:300s:start sleep -> stop sleep | other:300s:started brushing teeth 2 mins ago,
P2,646,1772284980000,1772285280000,1772285130000,2026-02-28 05:25:30,78.08432941378187,82.88878278468371,64.30503155153417,True,1.03912,1.0,0.0,0.8994328913111158,322,ok,,sleep,300.0,sleep:300s:start sleep -> stop sleep | other:300s:started brushing teeth 2 mins ago,
P2,647,1772285010000,1772285310000,1772285160000,2026-02-28 05:26:00,78.38556763602782,79.3588580145483,64.87915256613068,True,1.03912,1.0,0.0030864197530864196,0.9034770212506561,325,ok,,sleep,300.0,sleep:300s:start sleep -> stop sleep | other:300s:started brushing teeth 2 mins ago,
P2,648,1772285040000,1772285340000,1772285190000,2026-02-28 05:26:30,77.30106796389771,80.17331372668919,64.85577596733191,True,1.03912,1.0,0.0030864197530864196,0.9013813506141085,325,ok,,sleep,300.0,sleep:300s:start sleep -> stop sleep | other:300s:started brushing teeth 2 mins ago,
P2,649,1772285070000,1772285370000,1772285220000,2026-02-28 05:27:00,75.3001013489218,82.46662789165113,64.90818030050083,True,1.0390933333333334,1.0,0.006172839506172839,0.9003117656834532,325,ok,,sleep,300.0,sleep:300s:start sleep -> stop sleep | other:300s:started brushing teeth 2 mins ago,
P2,650,1772285100000,1772285400000,1772285250000,2026-02-28 05:27:30,75.9095110639572,85.85687382240002,65.02150659914777,True,1.0390666666666666,1.0,0.0030864197530864196,0.8989996414830399,325,ok,,sleep,300.0,sleep:300s:start sleep -> stop sleep | other:300s:started brushing teeth 2 mins ago,
P2,651,1772285130000,1772285430000,1772285280000,2026-02-28 05:28:00,76.38885367607156,80.91763495762383,64.87871951300912,True,1.03904,1.0,0.0030864197530864196,0.9027400364098732,325,ok,,sleep,300.0,sleep:300s:start sleep -> stop sleep | other:300s:started brushing teeth 2 mins ago,
P2,652,1772285160000,1772285460000,1772285310000,2026-02-28 05:28:30,76.38309832010174,80.24419692037131,64.99150831115688,True,1.0390133333333333,1.0,0.006172839506172839,0.9052408826817644,325,ok,,sleep,300.0,sleep:300s:start sleep -> stop sleep | other:300s:started brushing teeth 2 mins ago,
P2,653,1772285190000,1772285490000,1772285340000,2026-02-28 05:29:00,76.05691501098144,79.67353044136712,65.0637624872375,True,1.0390133333333333,1.0,0.006153846153846154,0.9046439217840316,326,ok,,sleep,300.0,sleep:300s:start sleep -> stop sleep | other:300s:started brushing teeth 2 mins ago,
P2,654,1772285220000,1772285520000,1772285370000,2026-02-28 05:29:30,73.97943670517317,80.8297312336547,65.68991147598067,True,1.0390133333333333,1.0,0.0030581039755351682,0.905384604962068,328,ok,,sleep,300.0,sleep:300s:start sleep -> stop sleep | other:300s:started brushing teeth 2 mins ago,
P2,655,1772285250000,1772285550000,1772285400000,2026-02-28 05:30:00,73.75735379786752,80.8268437359623,65.56259523618574,True,1.0390133333333333,1.0,0.0030581039755351682,0.9005056514033039,328,ok,,sleep,300.0,sleep:300s:start sleep -> stop sleep | other:300s:started brushing teeth 2 mins ago,
P2,656,1772285280000,1772285580000,1772285430000,2026-02-28 05:30:30,71.47486645635938,83.2578556962562,66.11989741397734,True,1.0389866666666667,1.0,0.0030303030303030303,0.9080158008743628,331,ok,,sleep,300.0,sleep:300s:start sleep -> stop sleep | other:300s:started brushing teeth 2 mins ago,
P2,657,1772285310000,1772285610000,1772285460000,2026-02-28 05:31:00,72.89032857656768,82.67485244990253,66.51618960110261,True,1.0389866666666667,1.0,0.009009009009009009,0.9064298070463132,334,ok,,sleep,300.0,sleep:300s:start sleep -> stop sleep | other:300s:started brushing teeth 2 mins ago,
P2,658,1772285340000,1772285640000,1772285490000,2026-02-28 05:31:30,71.84200215245447,76.82628387902885,67.04673197366307,True,1.0389866666666667,1.0,0.005988023952095809,0.9029167028433226,335,ok,,sleep,300.0,sleep:300s:start sleep -> stop sleep | other:300s:started brushing teeth 2 mins ago,
P2,659,1772285370000,1772285670000,1772285520000,2026-02-28 05:32:00,74.56469120887033,71.57950240543319,67.71375911531374,True,1.03896,1.0,0.008875739644970414,0.9030378170695432,339,ok,,sleep,300.0,sleep:300s:start sleep -> stop sleep | other:300s:started brushing teeth 2 mins ago,
P2,660,1772285400000,1772285700000,1772285550000,2026-02-28 05:32:30,75.90916402801412,68.98027344077163,67.87919239112297,True,1.0390133333333333,1.0,0.0,0.9050943836297862,340,ok,,sleep,300.0,sleep:300s:start sleep -> stop sleep | other:300s:started brushing teeth 2 mins ago,
P2,661,1772285430000,1772285730000,1772285580000,2026-02-28 05:33:00,77.92644591825889,72.06427038733163,68.10897435897435,True,1.0390133333333333,1.0,0.0029411764705882353,0.9011355278958645,341,ok,,sleep,300.0,sleep:300s:start sleep -> stop sleep | other:300s:started brushing teeth 2 mins ago,
P2,662,1772285460000,1772285760000,1772285610000,2026-02-28 05:33:30,74.96440360317806,67.89224231491316,68.97658004491498,True,1.0390133333333333,1.0,0.0,0.9050957519278737,345,ok,,sleep,300.0,sleep:300s:start sleep -> stop sleep | other:300s:started brushing teeth 2 mins ago,
P2,663,1772285490000,1772285790000,1772285640000,2026-02-28 05:34:00,74.35875530020603,68.85216618124679,69.14109607396489,True,1.0389866666666667,1.0,0.0029069767441860465,0.9080946669271978,345,ok,,sleep,300.0,sleep:300s:start sleep -> stop sleep | other:300s:started brushing teeth 2 mins ago,
P2,664,1772285520000,1772285820000,1772285670000,2026-02-28 05:34:30,75.90663415765808,73.74658010640391,68.4623490640123,True,1.0390133333333333,1.0,0.0,0.9087506156765067,341,ok,,sleep,300.0,sleep:300s:start sleep -> stop sleep | other:300s:started brushing teeth 2 mins ago,
P2,666,1772285580000,1772285880000,1772285730000,2026-02-28 05:35:30,76.68959588918864,74.21275310768807,68.38463852401485,True,1.0390133333333333,1.0,0.0,0.9105712813530457,342,ok,,sleep,300.0,sleep:300s:start sleep -> stop sleep | other:300s:started brushing teeth 2 mins ago,
P2,667,1772285610000,1772285910000,1772285760000,2026-02-28 05:36:00,76.32203241252782,84.49462721700557,68.88702928870293,True,1.0390133333333333,1.0,0.0,0.9111694042457286,344,ok,,sleep,300.0,sleep:300s:start sleep -> stop sleep | other:300s:started brushing teeth 2 mins ago,
P2,668,1772285640000,1772285940000,1772285790000,2026-02-28 05:36:30,76.64271174193861,85.63636032915002,68.75814373058033,True,1.0390133333333333,1.0,0.0029154518950437317,0.9146261500504868,344,ok,,sleep,300.0,sleep:300s:start sleep -> stop sleep | other:300s:started brushing teeth 2 mins ago,
P2,670,1772285700000,1772286000000,1772285850000,2026-02-28 05:37:30,71.8791469391915,85.1558738822519,68.46564670923182,True,1.0389866666666667,1.0,0.002932551319648094,0.9167607427750645,342,ok,,sleep,300.0,sleep:300s:start sleep -> stop sleep | other:300s:started brushing teeth 2 mins ago,
P2,671,1772285730000,1772286030000,1772285880000,2026-02-28 05:38:00,70.87333480088839,88.21423784495289,67.84975648809126,True,1.0390133333333333,1.0,0.0058997050147492625,0.9179004244225816,340,ok,,sleep,300.0,sleep:300s:start sleep -> stop sleep | other:300s:started brushing teeth 2 mins ago,
P2,672,1772285760000,1772286060000,1772285910000,2026-02-28 05:38:30,72.79267689488971,93.64035927785639,67.56124617420244,True,1.03904,1.0,0.002967359050445104,0.9130664224097665,338,ok,,sleep,300.0,sleep:300s:start sleep -> stop sleep | other:300s:started brushing teeth 2 mins ago,
P2,673,1772285790000,1772286090000,1772285940000,2026-02-28 05:39:00,75.76892114689707,98.48541755562466,68.26280177763542,True,1.03904,1.0,0.002932551319648094,0.9055246669064884,342,ok,,sleep,300.0,sleep:300s:start sleep -> stop sleep | other:300s:started brushing teeth 2 mins ago,
P2,674,1772285820000,1772286120000,1772285970000,2026-02-28 05:39:30,75.88505962343628,93.72262282477224,68.96551724137932,True,1.0390133333333333,1.0,0.0029069767441860465,0.9072092650248069,345,ok,,sleep,300.0,sleep:300s:start sleep -> stop sleep | other:300s:started brushing teeth 2 mins ago,
P2,675,1772285850000,1772286150000,1772286000000,2026-02-28 05:40:00,72.25911788113015,93.53441260682938,68.67966841536182,True,1.03904,1.0,0.0029154518950437317,0.9073230559638711,344,ok,,sleep,300.0,sleep:300s:start sleep -> stop sleep | other:300s:started brushing teeth 2 mins ago,
P2,676,1772285880000,1772286180000,1772286030000,2026-02-28 05:40:30,71.69796538584067,93.19206946765931,68.65861411315957,True,1.03904,1.0,0.0,0.9063422564817214,343,ok,,sleep,300.0,sleep:300s:start sleep -> stop sleep | other:300s:started brushing teeth 2 mins ago,
P2,677,1772285910000,1772286210000,1772286060000,2026-02-28 05:41:00,70.31047874839787,87.7306384990974,68.27309236947791,True,1.03904,1.0,0.0,0.9061704337523917,341,ok,,sleep,300.0,sleep:300s:start sleep -> stop sleep | other:300s:started brushing teeth 2 mins ago,
P2,678,1772285940000,1772286240000,1772286090000,2026-02-28 05:41:30,70.88192335725329,87.45807541909284,68.37778223380789,True,1.0390666666666666,1.0,0.0,0.9063277375869128,342,ok,,sleep,300.0,sleep:300s:start sleep -> stop sleep | other:300s:started brushing teeth 2 mins ago,
P2,679,1772285970000,1772286270000,1772286120000,2026-02-28 05:42:00,70.52429025679159,88.46276191934912,68.25481798715204,True,1.0390666666666666,1.0,0.0,0.9053602200408852,341,ok,,sleep,300.0,sleep:300s:start sleep -> stop sleep | other:300s:started brushing teeth 2 mins ago,
P2,680,1772286000000,1772286300000,1772286150000,2026-02-28 05:42:30,70.08420503790991,93.96932794202219,67.12218649517685,True,1.0390666666666666,1.0,0.0029940119760479044,0.9064981930438679,335,ok,,sleep,300.0,sleep:300s:start sleep -> stop sleep | other:300s:started brushing teeth 2 mins ago,
P2,681,1772286030000,1772286330000,1772286180000,2026-02-28 05:43:00,69.11639117243395,93.00041683060604,66.71802257427069,True,1.0390666666666666,1.0,0.0,0.9079063084659569,333,ok,,sleep,300.0,sleep:300s:start sleep -> stop sleep | other:300s:started brushing teeth 2 mins ago,
P2,682,1772286060000,1772286360000,1772286210000,2026-02-28 05:43:30,67.62260770756131,87.96648609700586,66.02227499247466,True,1.0390666666666666,1.0,0.0,0.9138928468343819,330,ok,,sleep,300.0,sleep:300s:start sleep -> stop sleep | other:300s:started brushing teeth 2 mins ago,
P2,683,1772286090000,1772286390000,1772286240000,2026-02-28 05:44:00,63.12169061493012,76.5879593435712,64.90809710090564,True,1.0390666666666666,1.0,0.0030959752321981426,0.9216855237945213,324,ok,,sleep,300.0,sleep:300s:start sleep -> stop sleep | other:300s:started brushing teeth 2 mins ago,
P2,684,1772286120000,1772286420000,1772286270000,2026-02-28 05:44:30,60.59713309377724,74.14778912187093,64.2884408044091,True,1.0390666666666666,1.0,0.0,0.923824470185602,321,ok,,sleep,300.0,sleep:300s:start sleep -> stop sleep | other:300s:started brushing teeth 2 mins ago,
P2,685,1772286150000,1772286450000,1772286300000,2026-02-28 05:45:00,64.69049244737678,77.34875824399839,64.49588388070265,True,1.0390933333333334,1.0,0.003105590062111801,0.9231622989649065,323,ok,,sleep,300.0,sleep:300s:start sleep -> stop sleep | other:300s:started brushing teeth 2 mins ago,
P2,686,1772286180000,1772286480000,1772286330000,2026-02-28 05:45:30,61.388135210756225,70.43650667631637,64.0630857387672,True,1.0390933333333334,1.0,0.0,0.9277896489588586,320,ok,,sleep,300.0,sleep:300s:start sleep -> stop sleep | other:300s:started brushing teeth 2 mins ago,
P2,687,1772286210000,1772286510000,1772286360000,2026-02-28 05:46:00,65.5068638109718,66.73609284341435,63.44956830198782,True,1.0390666666666666,1.0,0.0,0.9277276561236274,317,ok,,sleep,300.0,sleep:300s:start sleep -> stop sleep | other:300s:started brushing teeth 2 mins ago,
P2,688,1772286240000,1772286540000,1772286390000,2026-02-28 05:46:30,65.2616037427592,68.18425095515622,62.88634247942297,True,1.0390666666666666,1.0,0.003194888178913738,0.9263581523815078,314,ok,,sleep,300.0,sleep:300s:start sleep -> stop sleep | other:300s:started brushing teeth 2 mins ago,
P2,689,1772286270000,1772286570000,1772286420000,2026-02-28 05:47:00,65.65379434559826,71.80891957969897,62.393076381201574,True,1.0390933333333334,1.0,0.0,0.9305204235210016,311,ok,,sleep,300.0,sleep:300s:start sleep -> stop sleep | other:300s:started brushing teeth 2 mins ago,
P2,690,1772286300000,1772286600000,1772286450000,2026-02-28 05:47:30,68.7984721738992,74.43897162723533,62.152065386645994,True,1.0390933333333334,1.0,0.0032258064516129032,0.926055748728883,311,ok,,sleep,300.0,sleep:300s:start sleep -> stop sleep | other:300s:started brushing teeth 2 mins ago,
P2,691,1772286330000,1772286630000,1772286480000,2026-02-28 05:48:00,67.43227054690588,77.7936769061012,61.72798134085776,True,1.0390666666666666,1.0,0.0,0.9265489839758027,308,ok,,sleep,300.0,sleep:300s:start sleep -> stop sleep | other:300s:started brushing teeth 2 mins ago,
P2,692,1772286360000,1772286660000,1772286510000,2026-02-28 05:48:30,67.33074712341102,81.45865768090829,61.21183428796234,True,1.0390666666666666,1.0,0.006535947712418301,0.9283706595145146,307,ok,,sleep,300.0,sleep:300s:start sleep -> stop sleep | other:300s:started brushing teeth 2 mins ago,
P2,693,1772286390000,1772286690000,1772286540000,2026-02-28 05:49:00,68.16922464990174,79.99569414827536,60.589037797929535,True,1.0390933333333334,1.0,0.006622516556291391,0.9260786081867282,303,ok,,sleep,300.0,sleep:300s:start sleep -> stop sleep | other:300s:started brushing teeth 2 mins ago,
P2,694,1772286420000,1772286720000,1772286570000,2026-02-28 05:49:30,71.01201497371457,90.16694584095612,60.884832867128196,True,1.0390933333333334,1.0,0.006578947368421052,0.9254599034177416,305,ok,,sleep,300.0,sleep:300s:start sleep -> stop sleep | other:300s:started brushing teeth 2 mins ago,
P2,695,1772286450000,1772286750000,1772286600000,2026-02-28 05:50:00,69.94566490929914,98.50529268604532,61.018037788363756,True,1.03904,1.0,0.0,0.928649229290128,305,ok,,sleep,300.0,sleep:300s:start sleep -> stop sleep | other:300s:started brushing teeth 2 mins ago,
P2,696,1772286480000,1772286780000,1772286630000,2026-02-28 05:50:30,73.60922415563624,99.16848089488266,60.76243825159259,True,1.0390933333333334,1.0,0.0033003300330033004,0.9260430333877429,304,ok,,sleep,300.0,sleep:300s:start sleep -> stop sleep | other:300s:started brushing teeth 2 mins ago,
P2,697,1772286510000,1772286810000,1772286660000,2026-02-28 05:51:00,71.07277913514709,101.10127571924285,60.896622641257466,True,1.0390933333333334,1.0,0.003289473684210526,0.924926221778736,305,ok,,sleep,300.0,sleep:300s:start sleep -> stop sleep | other:300s:started brushing teeth 2 mins ago,
P2,698,1772286540000,1772286840000,1772286690000,2026-02-28 05:51:30,68.0876002769624,102.86388672471017,61.51701769786969,True,1.0390933333333334,1.0,0.0032679738562091504,0.9242892784029126,307,ok,,sleep,300.0,sleep:300s:start sleep -> stop sleep | other:300s:started brushing teeth 2 mins ago,
P2,699,1772286570000,1772286870000,1772286720000,2026-02-28 05:52:00,70.17395966727697,112.09327888108241,62.84173119265441,True,1.0390666666666666,1.0,0.009584664536741214,0.9192123217542392,314,ok,,sleep,300.0,sleep:300s:start sleep -> stop sleep | other:300s:started brushing teeth 2 mins ago,
P2,700,1772286600000,1772286900000,1772286750000,2026-02-28 05:52:30,69.44034694210197,111.48271105430561,63.290715352519236,True,1.03912,1.0,0.012698412698412698,0.9197815249774066,316,ok,,sleep,300.0,sleep:300s:start sleep -> stop sleep | other:300s:started brushing teeth 2 mins ago,
P2,702,1772286660000,1772286960000,1772286810000,2026-02-28 05:53:30,77.81354671230487,142.633165780847,62.01996413948136,True,1.0390933333333334,1.0,0.016181229773462782,0.9163902485635689,310,ok,,sleep,300.0,sleep:300s:start sleep -> stop sleep | other:300s:started brushing teeth 2 mins ago,
P2,703,1772286690000,1772286990000,1772286840000,2026-02-28 05:54:00,78.4982823243213,159.70983881856043,61.315682253852266,True,1.03912,1.0,0.016339869281045753,0.9221200738524541,307,ok,,sleep,300.0,sleep:300s:start sleep -> stop sleep | other:300s:started brushing teeth 2 mins ago,
P2,704,1772286720000,1772287020000,1772286870000,2026-02-28 05:54:30,76.15470427393733,164.00988037676322,59.43059069188451,True,1.03912,1.0,0.013513513513513514,0.9222084514912154,297,ok,,sleep,300.0,sleep:300s:start sleep -> stop sleep | other:300s:started brushing teeth 2 mins ago,
P2,705,1772286750000,1772287050000,1772286900000,2026-02-28 05:55:00,83.47932200729234,161.99641366403384,57.75887514422948,True,1.03912,1.0,0.017421602787456445,0.9211713260271112,288,ok,,sleep,300.0,sleep:300s:start sleep -> stop sleep | other:300s:started brushing teeth 2 mins ago,
P2,706,1772286780000,1772287080000,1772286930000,2026-02-28 05:55:30,85.93637723280894,172.74149461879054,56.37281219800279,True,1.0390666666666666,1.0,0.014285714285714285,0.9240649278753661,281,ok,,sleep,300.0,sleep:300s:start sleep -> stop sleep | other:300s:started brushing teeth 2 mins ago,
P2,707,1772286810000,1772287110000,1772286960000,2026-02-28 05:56:00,86.80836542460817,172.96008494504818,54.99026632147229,True,1.03912,1.0,0.014598540145985401,0.9239377208206125,275,ok,,sleep,300.0,sleep:300s:start sleep -> stop sleep | other:300s:started brushing teeth 2 mins ago,
P2,709,1772286870000,1772287170000,1772287020000,2026-02-28 05:57:00,86.416584559658,96.38364573111276,51.00435745888527,True,1.0390933333333334,1.0,0.011811023622047244,0.9380730607927503,255,ok,,sleep,300.0,sleep:300s:start sleep -> stop sleep | other:300s:started brushing teeth 2 mins ago,
P2,710,1772286900000,1772287200000,1772287050000,2026-02-28 05:57:30,86.15786336344954,60.44377386627002,49.82325085039685,True,1.0390666666666666,1.0,0.008032128514056224,0.9393563078522816,250,ok,,sleep,300.0,sleep:300s:start sleep -> stop sleep | other:300s:started brushing teeth 2 mins ago,
P2,711,1772286930000,1772287230000,1772287080000,2026-02-28 05:58:00,80.90094724603738,57.773190694011795,49.501961968004835,True,1.0390933333333334,1.0,0.0040650406504065045,0.9447532748224104,247,ok,,sleep,300.0,sleep:300s:start sleep -> stop sleep | other:300s:started brushing teeth 2 mins ago,
P2,712,1772286960000,1772287260000,1772287110000,2026-02-28 05:58:30,80.56460680997174,66.46675437477269,49.63308872581722,True,1.0390933333333334,1.0,0.012096774193548387,0.9440031026906573,249,ok,,sleep,300.0,sleep:300s:start sleep -> stop sleep | other:300s:started brushing teeth 2 mins ago,
P2,713,1772286990000,1772287290000,1772287140000,2026-02-28 05:59:00,80.64487052317962,69.99503144739207,49.51219836822701,True,1.03904,1.0,0.012096774193548387,0.9431121753541026,249,ok,,sleep,300.0,sleep:300s:start sleep -> stop sleep | other:300s:started brushing teeth 2 mins ago,
P2,714,1772287020000,1772287320000,1772287170000,2026-02-28 05:59:30,86.11063029850905,85.04232919655912,49.43790239183374,True,1.0390666666666666,1.0,0.012145748987854251,0.9410274579782945,248,ok,,sleep,300.0,sleep:300s:start sleep -> stop sleep | other:300s:started brushing teeth 2 mins ago,
P2,715,1772287050000,1772287350000,1772287200000,2026-02-28 06:00:00,75.1190002431533,53.237933296271315,49.01304336181268,True,1.0390666666666666,1.0,0.004098360655737705,0.9445167946680846,245,ok,,sleep,300.0,sleep:300s:start sleep -> stop sleep | other:300s:started brushing teeth 2 mins ago,
P2,716,1772287080000,1772287380000,1772287230000,2026-02-28 06:00:30,77.04212946131588,53.09469163137323,49.089628809978876,True,1.0390666666666666,1.0,0.004098360655737705,0.9443317694384991,245,ok,,sleep,300.0,sleep:300s:start sleep -> stop sleep | other:300s:started brushing teeth 2 mins ago,
P2,718,1772287140000,1772287440000,1772287290000,2026-02-28 06:01:30,73.8210926430127,51.80296046482721,48.89762353525123,True,1.0390666666666666,1.0,0.0,0.9429007355244967,244,ok,,sleep,300.0,sleep:300s:start sleep -> stop sleep | other:300s:started brushing teeth 2 mins ago,
P2,719,1772287170000,1772287470000,1772287320000,2026-02-28 06:02:00,75.78252922367523,50.68529587332893,48.82295817566889,True,1.0390666666666666,1.0,0.00411522633744856,0.9435189298832511,244,ok,,sleep,300.0,sleep:300s:start sleep -> stop sleep | other:300s:started brushing teeth 2 mins ago,
P2,720,1772287200000,1772287500000,1772287350000,2026-02-28 06:02:30,75.45447004108058,51.63045465072543,48.89048531289911,True,1.03904,1.0,0.00816326530612245,0.943245857123919,246,ok,,sleep,300.0,sleep:300s:start sleep -> stop sleep | other:300s:started brushing teeth 2 mins ago,
P2,721,1772287230000,1772287530000,1772287380000,2026-02-28 06:03:00,81.03156640531121,65.00625391331275,49.084097420246685,True,1.03904,1.0,0.004081632653061225,0.9419991069245356,246,ok,,sleep,300.0,sleep:300s:start sleep -> stop sleep | other:300s:started brushing teeth 2 mins ago,
P2,722,1772287260000,1772287560000,1772287410000,2026-02-28 06:03:30,80.41129680397212,157.2521391677264,51.52374485761073,True,1.03904,1.0,0.011627906976744186,0.9335709264090842,259,ok,,sleep,300.0,sleep:300s:start sleep -> stop sleep | other:300s:started brushing teeth 2 mins ago,
P2,723,1772287290000,1772287590000,1772287440000,2026-02-28 06:04:00,78.41089628818445,184.28049545264503,53.64550095724314,True,1.03904,1.0,0.011152416356877323,0.9256225659559429,270,ok,,sleep,300.0,sleep:300s:start sleep -> stop sleep | other:300s:started brushing teeth 2 mins ago,
P2,724,1772287320000,1772287620000,1772287470000,2026-02-28 06:04:30,81.74407539886842,186.99701118199218,55.44033184428845,True,1.0390133333333333,1.0,0.014388489208633094,0.9206197520314064,279,ok,,sleep,300.0,sleep:300s:start sleep -> stop sleep | other:300s:started brushing teeth 2 mins ago,
P2,725,1772287350000,1772287650000,1772287500000,2026-02-28 06:05:00,75.31616574610683,181.70170640921802,56.432583336102894,True,1.03904,1.0,0.01060070671378092,0.9189690104505943,284,ok,,sleep,300.0,sleep:300s:start sleep -> stop sleep | other:300s:started brushing teeth 2 mins ago,
P2,726,1772287380000,1772287680000,1772287530000,2026-02-28 06:05:30,78.22785451629248,176.35474629221744,57.79614692353843,True,1.0390666666666666,1.0,0.006920415224913495,0.9148820470144671,290,ok,,sleep,300.0,sleep:300s:start sleep -> stop sleep | other:300s:started brushing teeth 2 mins ago,
P2,727,1772287410000,1772287710000,1772287560000,2026-02-28 06:06:00,76.4727491066733,162.9762903990921,59.06729547616355,True,1.0390666666666666,1.0,0.006756756756756757,0.9150011820404734,297,ok,,sleep,300.0,sleep:300s:start sleep -> stop sleep | other:300s:started brushing teeth 2 mins ago,
P2,728,1772287440000,1772287740000,1772287590000,2026-02-28 06:06:30,77.47713641240664,150.51036012508703,60.0271218889598,True,1.03904,1.0,0.009966777408637873,0.9137300604854497,302,ok,,sleep,300.0,sleep:300s:start sleep -> stop sleep | other:300s:started brushing teeth 2 mins ago,
P2,729,1772287470000,1772287770000,1772287620000,2026-02-28 06:07:00,75.38204334598787,134.31041046853795,61.18083000659793,True,1.0390666666666666,1.0,0.00980392156862745,0.9145202112181087,307,ok,,sleep,300.0,sleep:300s:start sleep -> stop sleep | other:300s:started brushing teeth 2 mins ago,
P2,730,1772287500000,1772287800000,1772287650000,2026-02-28 06:07:30,77.32530330781489,132.8087639856602,63.59119753391865,True,1.0390666666666666,1.0,0.012618296529968454,0.9094485645020876,318,ok,,sleep,300.0,sleep:300s:start sleep -> stop sleep | other:300s:started brushing teeth 2 mins ago,
P2,731,1772287530000,1772287830000,1772287680000,2026-02-28 06:08:00,74.30606145686077,104.84654338257053,65.29489524776008,True,1.03904,1.0,0.012269938650306749,0.9054951622581988,327,ok,,sleep,300.0,sleep:300s:start sleep -> stop sleep | other:300s:started brushing teeth 2 mins ago,
P2,732,1772287560000,1772287860000,1772287710000,2026-02-28 06:08:30,75.25218246490986,96.10678516180782,64.54026751473202,True,1.0390933333333334,1.0,0.003105590062111801,0.9073401028885695,323,ok,,sleep,300.0,sleep:300s:start sleep -> stop sleep | other:300s:started brushing teeth 2 mins ago,
P2,733,1772287590000,1772287890000,1772287740000,2026-02-28 06:09:00,76.44417308563212,92.74274067697084,64.24111833080161,True,1.0390933333333334,1.0,0.00625,0.9098484636071497,321,ok,,sleep,300.0,sleep:300s:start sleep -> stop sleep | other:300s:started brushing teeth 2 mins ago,
P2,734,1772287620000,1772287920000,1772287770000,2026-02-28 06:09:30,75.53382193065377,92.77364771703984,64.41717791411043,True,1.0390933333333334,1.0,0.003105590062111801,0.9087497458335814,323,ok,,sleep,300.0,sleep:300s:start sleep -> stop sleep | other:300s:started brushing teeth 2 mins ago,
P2,735,1772287650000,1772287950000,1772287800000,2026-02-28 06:10:00,75.58928985471911,91.10874001500903,64.91042361541074,True,1.0390933333333334,1.0,0.009230769230769232,0.9084768263052229,326,ok,,sleep,300.0,sleep:300s:start sleep -> stop sleep | other:300s:started brushing teeth 2 mins ago,
P2,736,1772287680000,1772287980000,1772287830000,2026-02-28 06:10:30,75.29418053402946,94.79066590975626,65.13435636266166,True,1.0390933333333334,1.0,0.0,0.9097464547310563,325,ok,,sleep,300.0,sleep:300s:start sleep -> stop sleep | other:300s:started brushing teeth 2 mins ago,
P2,737,1772287710000,1772288010000,1772287860000,2026-02-28 06:11:00,75.58217127990314,92.35107951552527,65.53422454518042,True,1.0390933333333334,1.0,0.0,0.9103212669787689,327,ok,,sleep,300.0,sleep:300s:start sleep -> stop sleep | other:300s:started brushing teeth 2 mins ago,
P2,738,1772287740000,1772288040000,1772287890000,2026-02-28 06:11:30,77.93277115291015,88.49250222870522,66.00837179349575,True,1.0390933333333334,1.0,0.0,0.909747574879336,329,ok,,sleep,300.0,sleep:300s:start sleep -> stop sleep | other:300s:started brushing teeth 2 mins ago,
P2,739,1772287770000,1772288070000,1772287920000,2026-02-28 06:12:00,79.88059270504377,89.29033564268516,66.31760321637036,True,1.0390933333333334,1.0,0.0030211480362537764,0.9105410016649518,332,ok,,sleep,300.0,sleep:300s:start sleep -> stop sleep | other:300s:started brushing teeth 2 mins ago,
P2,740,1772287800000,1772288100000,1772287950000,2026-02-28 06:12:30,77.69450519226989,76.79402417727056,64.7474781326452,True,1.0390933333333334,1.0,0.0,0.9134826902119271,323,ok,,sleep,300.0,sleep:300s:start sleep -> stop sleep | other:300s:started brushing teeth 2 mins ago,
P2,741,1772287830000,1772288130000,1772287980000,2026-02-28 06:13:00,75.15758444761248,78.74706986587539,64.42764434334649,True,1.0390933333333334,1.0,0.0,0.923488093897681,322,ok,,sleep,300.0,sleep:300s:start sleep -> stop sleep | other:300s:started brushing teeth 2 mins ago,
P2,742,1772287860000,1772288160000,1772288010000,2026-02-28 06:13:30,77.32674181678678,80.61420953415222,64.43540400931403,True,1.03904,1.0,0.0,0.9250102558671256,322,ok,,sleep,300.0,sleep:300s:start sleep -> stop sleep | other:300s:started brushing teeth 2 mins ago,
P2,743,1772287890000,1772288190000,1772288040000,2026-02-28 06:14:00,75.26151935947279,89.84288279960516,65.14549159790198,True,1.0390666666666666,1.0,0.003076923076923077,0.9237381350807983,326,ok,,sleep,300.0,sleep:300s:start sleep -> stop sleep | other:300s:started brushing teeth 2 mins ago,
P2,745,1772287950000,1772288250000,1772288100000,2026-02-28 06:15:00,74.8679891907825,100.62854890144862,66.2814753319095,True,1.03904,1.0,0.0,0.9216940257126377,331,ok,,sleep,300.0,sleep:300s:start sleep -> stop sleep | other:300s:started brushing teeth 2 mins ago,
P2,746,1772287980000,1772288280000,1772288130000,2026-02-28 06:15:30,73.86285977662024,100.24207296270913,66.63990365315134,True,1.03904,1.0,0.0,0.9221366419908802,333,ok,,sleep,300.0,sleep:300s:start sleep -> stop sleep | other:300s:started brushing teeth 2 mins ago,
P2,747,1772288010000,1772288310000,1772288160000,2026-02-28 06:16:00,74.74090166001733,104.95071109439901,67.65392774212545,True,1.03904,1.0,0.0,0.9176475237255896,338,ok,,sleep,300.0,sleep:300s:start sleep -> stop sleep | other:300s:started brushing teeth 2 mins ago,
P2,748,1772288040000,1772288340000,1772288190000,2026-02-28 06:16:30,74.14735269733816,104.41898132551766,68.55218585259276,True,1.0390133333333333,1.0,0.0,0.9162658011251575,343,ok,,sleep,300.0,sleep:300s:start sleep -> stop sleep | other:300s:started brushing teeth 2 mins ago,
P2,749,1772288070000,1772288370000,1772288220000,2026-02-28 06:17:00,73.43260737633491,100.72346824951858,69.19354193608596,True,1.0390133333333333,1.0,0.005780346820809248,0.9164707297188746,347,ok,,sleep,300.0,sleep:300s:start sleep -> stop sleep | other:300s:started brushing teeth 2 mins ago,
P2,750,1772288100000,1772288400000,1772288250000,2026-02-28 06:17:30,73.10960432811987,93.16624358947797,70.49916883082203,True,1.03904,1.0,0.002840909090909091,0.9119473123045829,353,ok,,sleep,300.0,sleep:300s:start sleep -> stop sleep | other:300s:started brushing teeth 2 mins ago,
P2,751,1772288130000,1772288430000,1772288280000,2026-02-28 06:18:00,73.14323074208461,84.66730250029262,71.39122390701041,True,1.03904,1.0,0.0,0.9109982343201942,356,ok,,sleep,300.0,sleep:300s:start sleep -> stop sleep | other:300s:started brushing teeth 2 mins ago,
P2,752,1772288160000,1772288460000,1772288310000,2026-02-28 06:18:30,72.38559988028013,88.92574583803635,72.00080447826232,True,1.03904,1.0,0.0,0.9116167354368764,359,ok,,sleep,300.0,sleep:300s:start sleep -> stop sleep | other:300s:started brushing teeth 2 mins ago,
P2,753,1772288190000,1772288490000,1772288340000,2026-02-28 06:19:00,75.30687219636731,102.29744532041444,71.03235023845137,True,1.0390133333333333,1.0,0.0056657223796034,0.9092899704529975,354,ok,,sleep,300.0,sleep:300s:start sleep -> stop sleep | other:300s:started brushing teeth 2 mins ago,
P2,754,1772288220000,1772288520000,1772288370000,2026-02-28 06:19:30,75.25051341653723,104.07641087715278,69.92257615131139,True,1.0390666666666666,1.0,0.0028735632183908046,0.9099163052832653,349,ok,,sleep,300.0,sleep:300s:start sleep -> stop sleep | other:300s:started brushing teeth 2 mins ago,
P2,755,1772288250000,1772288550000,1772288400000,2026-02-28 06:20:00,77.20722937796418,109.0174075029005,69.1758554814492,True,1.0390666666666666,1.0,0.0,0.9147125983522243,345,ok,,sleep,300.0,sleep:300s:start sleep -> stop sleep | other:300s:started brushing teeth 2 mins ago,
P2,756,1772288280000,1772288580000,1772288430000,2026-02-28 06:20:30,80.83243379325639,108.45127957475064,68.6899885852414,True,1.03904,1.0,0.0,0.9156174537152588,342,ok,,sleep,300.0,sleep:300s:start sleep -> stop sleep | other:300s:started brushing teeth 2 mins ago,
P2,757,1772288310000,1772288610000,1772288460000,2026-02-28 06:21:00,75.10821128052199,107.48950262481299,68.58747242462731,True,1.0390933333333334,1.0,0.005847953216374269,0.9173249057814263,343,ok,,sleep,300.0,sleep:300s:start sleep -> stop sleep | other:300s:started brushing teeth 2 mins ago,
P2,758,1772288340000,1772288640000,1772288490000,2026-02-28 06:21:30,75.71781980019048,110.77342817285565,68.3389558769498,True,1.0390933333333334,1.0,0.005865102639296188,0.9185015007043045,342,ok,,sleep,300.0,sleep:300s:start sleep -> stop sleep | other:300s:started brushing teeth 2 mins ago,
P2,760,1772288400000,1772288700000,1772288550000,2026-02-28 06:22:30,73.7762601104938,107.53764961745878,66.50641025641026,True,1.03904,1.0,0.0,0.9205730533146774,333,ok,,sleep,300.0,sleep:300s:start sleep -> stop sleep | other:300s:started brushing teeth 2 mins ago,
P2,761,1772288430000,1772288730000,1772288580000,2026-02-28 06:23:00,71.96371139383903,107.63518801736305,66.25521267723103,True,1.0390933333333334,1.0,0.0030211480362537764,0.9213150242858569,332,ok,,sleep,300.0,sleep:300s:start sleep -> stop sleep | other:300s:started brushing teeth 2 mins ago,
P2,762,1772288460000,1772288760000,1772288610000,2026-02-28 06:23:30,73.5046483790878,104.70297350771261,66.42718095887936,True,1.0390933333333334,1.0,0.0,0.9077955274670799,332,ok,,sleep,300.0,sleep:300s:start sleep -> stop sleep | other:300s:started brushing teeth 2 mins ago,
P2,763,1772288490000,1772288790000,1772288640000,2026-02-28 06:24:00,72.29588239158883,99.93440622881778,67.3696347292143,True,1.0390933333333334,1.0,0.0,0.9055919185782764,336,ok,,sleep,300.0,sleep:300s:start sleep -> stop sleep | other:300s:started brushing teeth 2 mins ago,
P2,764,1772288520000,1772288820000,1772288670000,2026-02-28 06:24:30,72.18989508498369,95.22624940460302,67.56034321456256,True,1.0390666666666666,1.0,0.005934718100890208,0.9011184856493365,338,ok,,sleep,300.0,sleep:300s:start sleep -> stop sleep | other:300s:started brushing teeth 2 mins ago,
P2,765,1772288550000,1772288850000,1772288700000,2026-02-28 06:25:00,73.02513668754955,97.58117068105533,68.41665273365658,True,1.0390933333333334,1.0,0.0,0.9007345009384627,342,ok,,sleep,300.0,sleep:300s:start sleep -> stop sleep | other:300s:started brushing teeth 2 mins ago,
P2,766,1772288580000,1772288880000,1772288730000,2026-02-28 06:25:30,70.44577822422376,98.58829661649223,68.2461410821697,True,1.0390933333333334,1.0,0.0058823529411764705,0.9005115904054336,341,ok,,sleep,300.0,sleep:300s:start sleep -> stop sleep | other:300s:started brushing teeth 2 mins ago,
P2,767,1772288610000,1772288910000,1772288760000,2026-02-28 06:26:00,72.17687650142184,99.58776334889936,66.77240074102704,True,1.03904,1.0,0.0029940119760479044,0.8986764411157895,335,ok,,sleep,300.0,sleep:300s:start sleep -> stop sleep | other:300s:started brushing teeth 2 mins ago,
P2,768,1772288640000,1772288940000,1772288790000,2026-02-28 06:26:30,75.33545183398253,102.43730388276138,66.58396754618299,True,1.0390666666666666,1.0,0.0,0.898373984852375,332,ok,,sleep,300.0,sleep:300s:start sleep -> stop sleep | other:300s:started brushing teeth 2 mins ago,
P2,769,1772288670000,1772288970000,1772288820000,2026-02-28 06:27:00,76.79122974898146,106.07936963444973,65.9566053797532,True,1.0390933333333334,1.0,0.003048780487804878,0.8998492809075428,329,ok,,sleep,300.0,sleep:300s:start sleep -> stop sleep | other:300s:started brushing teeth 2 mins ago,
P2,770,1772288700000,1772289000000,1772288850000,2026-02-28 06:27:30,75.44785752354382,107.76756724202932,65.79695221028278,True,1.0390933333333334,1.0,0.003048780487804878,0.9010104106901784,329,ok,,sleep,300.0,sleep:300s:start sleep -> stop sleep | other:300s:started brushing teeth 2 mins ago,
P2,771,1772288730000,1772289030000,1772288880000,2026-02-28 06:28:00,73.66832203753948,105.72859985271958,64.86183494931835,True,1.0390933333333334,1.0,0.0030864197530864196,0.9039157017985437,325,ok,,sleep,300.0,sleep:300s:start sleep -> stop sleep | other:300s:started brushing teeth 2 mins ago,
P2,772,1772288760000,1772289060000,1772288910000,2026-02-28 06:28:30,77.73075222374888,100.14948922928805,63.396953201278635,True,1.0390933333333334,1.0,0.0031645569620253164,0.910502051815713,317,ok,,sleep,300.0,sleep:300s:start sleep -> stop sleep | other:300s:started brushing teeth 2 mins ago,
P2,773,1772288790000,1772289090000,1772288940000,2026-02-28 06:29:00,75.617929073805,96.27123551810521,62.10060297682246,True,1.0390933333333334,1.0,0.00967741935483871,0.9108468391550817,311,ok,,sleep,300.0,sleep:300s:start sleep -> stop sleep | other:300s:started brushing teeth 2 mins ago,
P2,774,1772288820000,1772289120000,1772288970000,2026-02-28 06:29:30,73.1298447526616,100.19824639195448,62.339640795381655,True,1.0390933333333334,1.0,0.006430868167202572,0.9116613320665669,312,ok,,sleep,300.0,sleep:300s:start sleep -> stop sleep | other:300s:started brushing teeth 2 mins ago,
P2,775,1772288850000,1772289150000,1772289000000,2026-02-28 06:30:00,71.81634282511324,90.35942566468432,61.98347107438016,True,1.0390933333333334,1.0,0.012861736334405145,0.9060775958733578,312,ok,,sleep,300.0,sleep:300s:start sleep -> stop sleep | other:300s:started brushing teeth 2 mins ago,
P2,776,1772288880000,1772289180000,1772289030000,2026-02-28 06:30:30,72.45283465269911,109.19188888874174,63.68448808752946,True,1.0390933333333334,1.0,0.012578616352201259,0.9017145828159862,319,ok,,sleep,300.0,sleep:300s:start sleep -> stop sleep | other:300s:started brushing teeth 2 mins ago,
P2,777,1772288910000,1772289210000,1772289060000,2026-02-28 06:31:00,71.33843872349726,114.80637715526767,65.0329500280142,True,1.03912,1.0,0.015384615384615385,0.8999353303200147,326,ok,,sleep,300.0,sleep:300s:start sleep -> stop sleep | other:300s:started brushing teeth 2 mins ago,
P2,778,1772288940000,1772289240000,1772289090000,2026-02-28 06:31:30,70.35672044272039,116.24730171715277,65.16754495353796,True,1.0390933333333334,1.0,0.009259259259259259,0.8985544236043537,325,ok,,sleep,300.0,sleep:300s:start sleep -> stop sleep | other:300s:started brushing teeth 2 mins ago,
P2,779,1772288970000,1772289270000,1772289120000,2026-02-28 06:32:00,72.91293016067442,115.69534842830608,65.3734575740966,True,1.0390933333333334,1.0,0.006134969325153374,0.8981169891885539,327,ok,,sleep,300.0,sleep:300s:start sleep -> stop sleep | other:300s:started brushing teeth 2 mins ago,
P2,780,1772289000000,1772289300000,1772289150000,2026-02-28 06:32:30,76.15475954010768,111.58801903605976,65.80399237636674,True,1.0390933333333334,1.0,0.006097560975609756,0.8972628070425736,329,ok,,sleep,300.0,sleep:300s:start sleep -> stop sleep | other:300s:started brushing teeth 2 mins ago,
P2,781,1772289030000,1772289330000,1772289180000,2026-02-28 06:33:00,76.75469154893423,107.86367757089324,66.29079562346828,True,1.0390666666666666,1.0,0.006060606060606061,0.897189786299661,331,ok,,sleep,300.0,sleep:300s:start sleep -> stop sleep | other:300s:started brushing teeth 2 mins ago,
P2,784,1772289120000,1772289420000,1772289270000,2026-02-28 06:34:30,78.43424402541373,97.26001809199427,69.60091464026155,True,1.0390666666666666,1.0,0.005763688760806916,0.8991808917268133,348,ok,,sleep,300.0,sleep:300s:start sleep -> stop sleep | other:300s:started brushing teeth 2 mins ago,
P2,785,1772289150000,1772289450000,1772289300000,2026-02-28 06:35:00,79.80523842888788,97.93856494200028,69.72736866008576,True,1.0390666666666666,1.0,0.005747126436781609,0.9026958339279513,349,ok,,sleep,300.0,sleep:300s:start sleep -> stop sleep | other:300s:started brushing teeth 2 mins ago,
P2,786,1772289180000,1772289480000,1772289330000,2026-02-28 06:35:30,80.71391975431042,94.36282112935854,68.69846780385218,True,1.0390933333333334,1.0,0.0,0.9080098041221056,344,ok,,sleep,300.0,sleep:300s:start sleep -> stop sleep | other:300s:started brushing teeth 2 mins ago,
P2,787,1772289210000,1772289510000,1772289360000,2026-02-28 06:36:00,79.85052211697142,91.2781133659359,68.33804284655002,True,1.0390666666666666,1.0,0.0,0.9081826017772744,342,ok,,sleep,300.0,sleep:300s:start sleep -> stop sleep | other:300s:started brushing teeth 2 mins ago,
P2,788,1772289240000,1772289540000,1772289390000,2026-02-28 06:36:30,76.65834238832684,89.08439039533971,69.00332981184557,True,1.0390666666666666,1.0,0.005813953488372093,0.9142143545771593,345,ok,,sleep,300.0,sleep:300s:start sleep -> stop sleep | other:300s:started brushing teeth 2 mins ago,
P2,789,1772289270000,1772289570000,1772289420000,2026-02-28 06:37:00,73.50577028979394,86.02631106120589,69.7020421827921,True,1.0390933333333334,1.0,0.002881844380403458,0.9142374868337294,348,ok,,sleep,300.0,sleep:300s:start sleep -> stop sleep | other:300s:started brushing teeth 2 mins ago,
P2,790,1772289300000,1772289600000,1772289450000,2026-02-28 06:37:30,71.96475327746018,82.76766291013674,70.15743782105523,True,1.0390933333333334,1.0,0.005698005698005698,0.913275455252285,352,ok,,sleep,300.0,sleep:300s:start sleep -> stop sleep | other:300s:started brushing teeth 2 mins ago,
P2,791,1772289330000,1772289630000,1772289480000,2026-02-28 06:38:00,71.96681775056375,79.94252147591256,70.48334303901684,True,1.0390933333333334,1.0,0.005698005698005698,0.9139322631725453,352,ok,,sleep,300.0,sleep:300s:start sleep -> stop sleep | other:300s:started brushing teeth 2 mins ago,
P2,792,1772289360000,1772289660000,1772289510000,2026-02-28 06:38:30,71.67588621535451,76.43565935129126,70.28206535562725,True,1.0390666666666666,1.0,0.0,0.9129644651062614,351,ok,,sleep,300.0,sleep:300s:start sleep -> stop sleep | other:300s:started brushing teeth 2 mins ago,
P2,793,1772289390000,1772289690000,1772289540000,2026-02-28 06:39:00,70.94861557404202,75.21236554209845,70.02012072434607,True,1.0390933333333334,1.0,0.0,0.9166188665766176,349,ok,,sleep,300.0,sleep:300s:start sleep -> stop sleep | other:300s:started brushing teeth 2 mins ago,
P2,794,1772289420000,1772289720000,1772289570000,2026-02-28 06:39:30,68.87136782526139,69.52624569613523,69.01625091954791,True,1.03912,1.0,0.0029069767441860465,0.9178317522313878,345,ok,,sleep,300.0,sleep:300s:start sleep -> stop sleep | other:300s:started brushing teeth 2 mins ago,
P2,795,1772289450000,1772289750000,1772289600000,2026-02-28 06:40:00,66.51695935889539,70.51819482429,68.43175554544725,True,1.0390933333333334,1.0,0.002932551319648094,0.9186666359998561,342,ok,,sleep,300.0,sleep:300s:start sleep -> stop sleep | other:300s:started brushing teeth 2 mins ago,
P2,796,1772289480000,1772289780000,1772289630000,2026-02-28 06:40:30,72.34323644715602,81.0649426989617,68.71544194246334,True,1.0390933333333334,1.0,0.008746355685131196,0.9147448678130984,344,ok,,sleep,300.0,sleep:300s:start sleep -> stop sleep | other:300s:started brushing teeth 2 mins ago,
P2,797,1772289510000,1772289810000,1772289660000,2026-02-28 06:41:00,70.32230222679141,80.09353591172291,67.49674533498013,True,1.03912,1.0,0.005934718100890208,0.9177657233744179,338,ok,,sleep,300.0,sleep:300s:start sleep -> stop sleep | other:300s:started brushing teeth 2 mins ago,
P2,798,1772289540000,1772289840000,1772289690000,2026-02-28 06:41:30,71.95092890444685,82.26897501362686,66.19992376978475,True,1.03912,1.0,0.0030303030303030303,0.9180292875601527,331,ok,,sleep,300.0,sleep:300s:start sleep -> stop sleep | other:300s:started brushing teeth 2 mins ago,
P2,799,1772289570000,1772289870000,1772289720000,2026-02-28 06:42:00,75.84716586438444,81.88549458789382,65.19333310976224,True,1.0390933333333334,1.0,0.0030864197530864196,0.9160121989800205,325,ok,,sleep,300.0,sleep:300s:start sleep -> stop sleep | other:300s:started brushing teeth 2 mins ago,
P2,800,1772289600000,1772289900000,1772289750000,2026-02-28 06:42:30,78.07984695169426,83.55292034658254,64.35015035081858,True,1.03912,1.0,0.003115264797507788,0.9150922784544343,322,ok,,sleep,300.0,sleep:300s:start sleep -> stop sleep | other:300s:started brushing teeth 2 mins ago,
P2,801,1772289630000,1772289930000,1772289780000,2026-02-28 06:43:00,75.79042996611082,83.43121390893336,63.71596305275602,True,1.03912,1.0,0.006289308176100629,0.9133684454800097,319,ok,,sleep,300.0,sleep:300s:start sleep -> stop sleep | other:300s:started brushing teeth 2 mins ago,
P2,802,1772289660000,1772289960000,1772289810000,2026-02-28 06:43:30,77.03797661060155,78.88910039394153,62.92711276779094,True,1.03912,1.0,0.009554140127388535,0.91302296135121,315,ok,,sleep,300.0,sleep:300s:start sleep -> stop sleep | other:300s:started brushing teeth 2 mins ago,
P2,803,1772289690000,1772289990000,1772289840000,2026-02-28 06:44:00,77.64579196314932,84.00155333891367,62.956972718645154,True,1.03912,1.0,0.006369426751592357,0.9031245910503469,315,ok,,sleep,300.0,sleep:300s:start sleep -> stop sleep | other:300s:started brushing teeth 2 mins ago,
P2,804,1772289720000,1772290020000,1772289870000,2026-02-28 06:44:30,77.3810161218561,90.26450308754988,63.40792431308082,True,1.03912,1.0,0.0,0.9002618201889421,316,ok,,sleep,300.0,sleep:300s:start sleep -> stop sleep | other:300s:started brushing teeth 2 mins ago,
P2,805,1772289750000,1772290050000,1772289900000,2026-02-28 06:45:00,78.59489317191291,95.73675815819502,64.14639050874723,True,1.0391466666666667,1.0,0.0,0.8999101963665834,320,ok,,sleep,300.0,sleep:300s:start sleep -> stop sleep | other:300s:started brushing teeth 2 mins ago,
P2,806,1772289780000,1772290080000,1772289930000,2026-02-28 06:45:30,80.62570763634388,94.99917684158811,63.504320157629174,True,1.03912,1.0,0.006289308176100629,0.9028858441457547,319,ok,,sleep,300.0,sleep:300s:start sleep -> stop sleep | other:300s:started brushing teeth 2 mins ago,
P2,807,1772289810000,1772290110000,1772289960000,2026-02-28 06:46:00,77.0699860360947,102.11313334027993,63.0268968285829,True,1.03912,1.0,0.006369426751592357,0.9006609135261362,315,ok,,sleep,300.0,sleep:300s:start sleep -> stop sleep | other:300s:started brushing teeth 2 mins ago,
P2,808,1772289840000,1772290140000,1772289990000,2026-02-28 06:46:30,76.20439408209579,106.50299097397136,62.69571411291948,True,1.0391466666666667,1.0,0.003215434083601286,0.9038400080454744,312,ok,,sleep,300.0,sleep:300s:start sleep -> stop sleep | other:300s:started brushing teeth 2 mins ago,
P2,809,1772289870000,1772290170000,1772290020000,2026-02-28 06:47:00,76.64924524166238,109.3564436960501,62.41443182733349,True,1.03912,1.0,0.0032258064516129032,0.9088847041999466,311,ok,,sleep,300.0,sleep:300s:start sleep -> stop sleep | other:300s:started brushing teeth 2 mins ago,
P2,810,1772289900000,1772290200000,1772290050000,2026-02-28 06:47:30,75.98194300904933,111.3716989605812,62.14417448480474,True,1.03912,1.0,0.0032258064516129032,0.9093473641657843,311,ok,,sleep,300.0,sleep:300s:start sleep -> stop sleep | other:300s:started brushing teeth 2 mins ago,
P2,811,1772289930000,1772290230000,1772290080000,2026-02-28 06:48:00,74.16839717875226,113.36872229166094,61.8921308576481,True,1.03912,1.0,0.003246753246753247,0.9098618132355154,309,ok,,sleep,300.0,sleep:300s:start sleep -> stop sleep | other:300s:started brushing teeth 2 mins ago,
P2,812,1772289960000,1772290260000,1772290110000,2026-02-28 06:48:30,75.30237292689422,115.23168955554593,61.491522234393585,True,1.03912,1.0,0.009836065573770493,0.9109237594488943,306,ok,,sleep,300.0,sleep:300s:start sleep -> stop sleep | other:300s:started brushing teeth 2 mins ago,
P2,813,1772289990000,1772290290000,1772290140000,2026-02-28 06:49:00,74.40511004855642,103.31729677410762,60.33910577445242,True,1.03912,1.0,0.0033333333333333335,0.9256703714654023,301,ok,,sleep,300.0,sleep:300s:start sleep -> stop sleep | other:300s:started brushing teeth 2 mins ago,
P2,814,1772290020000,1772290320000,1772290170000,2026-02-28 06:49:30,74.32773536774788,88.30836405719565,59.0775885663171,True,1.0390933333333334,1.0,0.006779661016949152,0.9276644291265621,296,ok,,sleep,300.0,sleep:300s:start sleep -> stop sleep | other:300s:started brushing teeth 2 mins ago,
P2,815,1772290050000,1772290350000,1772290200000,2026-02-28 06:50:00,73.1479337306204,61.24199087221962,57.88362978595116,True,1.03912,1.0,0.003472222222222222,0.9330948341695311,289,ok,,sleep,300.0,sleep:300s:start sleep -> stop sleep | other:300s:started brushing teeth 2 mins ago,
P2,816,1772290080000,1772290380000,1772290230000,2026-02-28 06:50:30,75.28409157613875,71.2170001552376,57.849364791288565,True,1.03912,1.0,0.010380622837370242,0.9305409817892921,290,ok,,sleep,300.0,sleep:300s:start sleep -> stop sleep | other:300s:started brushing teeth 2 mins ago,
P2,817,1772290110000,1772290410000,1772290260000,2026-02-28 06:51:00,73.52512797978963,53.44365302300084,57.87253357541452,True,1.03912,1.0,0.0034602076124567475,0.9324735001322403,290,ok,,sleep,300.0,sleep:300s:start sleep -> stop sleep | other:300s:started brushing teeth 2 mins ago,
P2,818,1772290140000,1772290440000,1772290290000,2026-02-28 06:51:30,77.61469821696367,65.2355394043352,58.27770360480641,True,1.0391466666666667,1.0,0.003436426116838488,0.9296526309131822,292,ok,,sleep,300.0,sleep:300s:start sleep -> stop sleep | other:300s:started brushing teeth 2 mins ago,
P2,819,1772290170000,1772290470000,1772290320000,2026-02-28 06:52:00,73.20877969020391,81.61783030969244,59.45964042987713,True,1.0391466666666667,1.0,0.0033783783783783786,0.9217995854118913,297,ok,,sleep,300.0,sleep:300s:start sleep -> stop sleep | other:300s:started brushing teeth 2 mins ago,
P2,820,1772290200000,1772290500000,1772290350000,2026-02-28 06:52:30,75.07294465962788,93.87354583183786,60.624249699879954,True,1.0391466666666667,1.0,0.0033003300330033004,0.9160723717342488,304,ok,,sleep,300.0,sleep:300s:start sleep -> stop sleep | other:300s:started brushing teeth 2 mins ago,
P2,821,1772290230000,1772290530000,1772290380000,2026-02-28 06:53:00,73.50203411884493,99.7461298158164,61.76896662732052,True,1.03912,1.0,0.0,0.915285453192614,308,ok,,sleep,300.0,sleep:300s:start sleep -> stop sleep | other:300s:started brushing teeth 2 mins ago,
P2,822,1772290260000,1772290560000,1772290410000,2026-02-28 06:53:30,74.92914401871026,98.21717838650407,62.250277003659804,True,1.0391733333333333,1.0,0.0,0.9162552848711953,310,ok,,sleep,300.0,sleep:300s:start sleep -> stop sleep | other:300s:started brushing teeth 2 mins ago,
P2,823,1772290290000,1772290590000,1772290440000,2026-02-28 06:54:00,75.653911841998,97.29603625412354,62.79288347320637,True,1.0391466666666667,1.0,0.0031847133757961785,0.9126361137793091,315,ok,,sleep,300.0,sleep:300s:start sleep -> stop sleep | other:300s:started brushing teeth 2 mins ago,
P2,824,1772290320000,1772290620000,1772290470000,2026-02-28 06:54:30,72.66519133635363,97.16840194959045,62.85657091382244,True,1.0391466666666667,1.0,0.0031847133757961785,0.909395841008682,315,ok,,sleep,300.0,sleep:300s:start sleep -> stop sleep | other:300s:started brushing teeth 2 mins ago,
P2,825,1772290350000,1772290650000,1772290500000,2026-02-28 06:55:00,73.34559920729343,97.99677789143529,63.02140311549897,True,1.0391466666666667,1.0,0.0,0.9138791995666347,314,ok,,sleep,300.0,sleep:300s:start sleep -> stop sleep | other:300s:started brushing teeth 2 mins ago,
P2,826,1772290380000,1772290680000,1772290530000,2026-02-28 06:55:30,71.75392810211206,97.3585123193834,63.05347496937689,True,1.0391466666666667,1.0,0.0,0.9134116118444889,315,ok,,sleep,300.0,sleep:300s:start sleep -> stop sleep | other:300s:started brushing teeth 2 mins ago,
P2,827,1772290410000,1772290710000,1772290560000,2026-02-28 06:56:00,72.87632489470589,95.79903534900275,63.2548208447321,True,1.03912,1.0,0.006329113924050633,0.9083948736507323,317,ok,,sleep,300.0,sleep:300s:start sleep -> stop sleep | other:300s:started brushing teeth 2 mins ago,
P2,828,1772290440000,1772290740000,1772290590000,2026-02-28 06:56:30,75.03524172014107,99.70833087614054,64.24711455067049,True,1.0390666666666666,1.0,0.006230529595015576,0.9052212927989672,322,ok,,sleep,300.0,sleep:300s:start sleep -> stop sleep | other:300s:started brushing teeth 2 mins ago,
P2,829,1772290470000,1772290770000,1772290620000,2026-02-28 06:57:00,71.92747670231387,94.88242293087627,63.24342715331194,True,1.0390933333333334,1.0,0.0031645569620253164,0.9085258912005367,317,ok,,sleep,300.0,sleep:300s:start sleep -> stop sleep | other:300s:started brushing teeth 2 mins ago,
P2,830,1772290500000,1772290800000,1772290650000,2026-02-28 06:57:30,73.15771289080881,92.37294919509004,63.10812525460288,True,1.0390666666666666,1.0,0.006349206349206349,0.912206555895482,316,ok,,sleep,300.0,sleep:300s:start sleep -> stop sleep | other:300s:started brushing teeth 2 mins ago,
P2,831,1772290530000,1772290830000,1772290680000,2026-02-28 06:58:00,70.57859180076333,78.00741961535827,62.597390437847345,True,1.0390666666666666,1.0,0.0,0.9184668535318771,313,ok,,sleep,300.0,sleep:300s:start sleep -> stop sleep | other:300s:started brushing teeth 2 mins ago,
P2,832,1772290560000,1772290860000,1772290710000,2026-02-28 06:58:30,71.57504578753114,78.82862836634152,62.61628023286054,True,1.03904,1.0,0.003194888178913738,0.9178360415080584,314,ok,,sleep,300.0,sleep:300s:start sleep -> stop sleep | other:300s:started brushing teeth 2 mins ago,
P2,833,1772290590000,1772290890000,1772290740000,2026-02-28 06:59:00,71.25417571111251,77.77056658717336,62.46412983996903,True,1.03904,1.0,0.003205128205128205,0.9199676860806737,313,ok,,sleep,300.0,sleep:300s:start sleep -> stop sleep | other:300s:started brushing teeth 2 mins ago,
P2,834,1772290620000,1772290920000,1772290770000,2026-02-28 06:59:30,71.93065528221659,74.26983413163201,63.00792615631584,True,1.03904,1.0,0.0,0.9225700618025615,315,ok,,sleep,300.0,sleep:300s:start sleep -> stop sleep | other:300s:started brushing teeth 2 mins ago,
P2,835,1772290650000,1772290950000,1772290800000,2026-02-28 07:00:00,69.69175301907302,79.38959823056187,64.00085334471126,True,1.0389866666666667,1.0,0.00625,0.9210254007830757,321,ok,,sleep,300.0,sleep:300s:start sleep -> stop sleep | other:300s:started brushing teeth 2 mins ago,
P2,836,1772290680000,1772290980000,1772290830000,2026-02-28 07:00:30,73.142230843212,87.80359344924406,65.5606636018389,True,1.0390133333333333,1.0,0.006097560975609756,0.9229820394703729,329,ok,,sleep,300.0,sleep:300s:start sleep -> stop sleep | other:300s:started brushing teeth 2 mins ago,
P2,837,1772290710000,1772291010000,1772290860000,2026-02-28 07:01:00,71.36187303509433,83.81772376068704,65.3642822293364,True,1.0390133333333333,1.0,0.003067484662576687,0.9236299943111517,327,ok,,sleep,300.0,sleep:300s:start sleep -> stop sleep | other:300s:started brushing teeth 2 mins ago,
P2,838,1772290740000,1772291040000,1772290890000,2026-02-28 07:01:30,76.01381044837831,97.11080868231356,64.77922251562657,True,1.03904,1.0,0.006191950464396285,0.9268767912031701,324,ok,,sleep,300.0,sleep:300s:start sleep -> stop sleep | other:300s:started brushing teeth 2 mins ago,
P2,839,1772290770000,1772291070000,1772290920000,2026-02-28 07:02:00,74.14871103372184,92.84872838998047,64.24412768520378,True,1.0390133333333333,1.0,0.0,0.9295243057029905,321,ok,,sleep,300.0,sleep:300s:start sleep -> stop sleep | other:300s:started brushing teeth 2 mins ago,
P2,840,1772290800000,1772291100000,1772290950000,2026-02-28 07:02:30,72.01657795257978,96.81663868612539,64.51396797749045,True,1.03904,1.0,0.0,0.9301184056828201,322,ok,,sleep,300.0,sleep:300s:start sleep -> stop sleep | other:300s:started brushing teeth 2 mins ago,
P2,841,1772290830000,1772291130000,1772290980000,2026-02-28 07:03:00,72.59824152758245,95.4351233747468,64.3785404865045,True,1.0390666666666666,1.0,0.009316770186335404,0.9290252231012146,323,ok,,sleep,300.0,sleep:300s:start sleep -> stop sleep | other:300s:started brushing teeth 2 mins ago,
P2,842,1772290860000,1772291160000,1772291010000,2026-02-28 07:03:30,71.05189312768425,98.08540495475252,64.60403442889901,True,1.03904,1.0,0.009259259259259259,0.9219903311314229,325,ok,,sleep,300.0,sleep:300s:start sleep -> stop sleep | other:300s:started brushing teeth 2 mins ago,
P2,843,1772290890000,1772291190000,1772291040000,2026-02-28 07:04:00,72.6158843963679,110.39659780583945,65.94107139299683,True,1.0390666666666666,1.0,0.012084592145015106,0.9160334531480231,332,ok,,sleep,300.0,sleep:300s:start sleep -> stop sleep | other:300s:started brushing teeth 2 mins ago,
P2,844,1772290920000,1772291220000,1772291070000,2026-02-28 07:04:30,76.68155564156062,113.23170725120247,65.62369101680153,True,1.0390933333333334,1.0,0.00911854103343465,0.9141833142092369,330,ok,,sleep,300.0,sleep:300s:start sleep -> stop sleep | other:300s:started brushing teeth 2 mins ago,
P2,846,1772290980000,1772291280000,1772291130000,2026-02-28 07:05:30,77.68946679424434,107.10890490272004,64.71586936981923,True,1.0390666666666666,1.0,0.009259259259259259,0.9127191499842099,325,ok,,sleep,300.0,sleep:300s:start sleep -> stop sleep | other:300s:started brushing teeth 2 mins ago,
P2,848,1772291040000,1772291340000,1772291190000,2026-02-28 07:06:30,73.52033231565048,100.01108548150616,65.32770400756496,True,1.0390933333333334,1.0,0.009174311926605505,0.9099193072661477,328,ok,,sleep,300.0,sleep:300s:start sleep -> stop sleep | other:300s:started brushing teeth 2 mins ago,
P2,849,1772291070000,1772291370000,1772291220000,2026-02-28 07:07:00,76.7213837968745,98.0207947848077,65.86147070599226,True,1.0390933333333334,1.0,0.0060790273556231,0.909795676651692,330,ok,,sleep,300.0,sleep:300s:start sleep -> stop sleep | other:300s:started brushing teeth 2 mins ago,
P2,850,1772291100000,1772291400000,1772291250000,2026-02-28 07:07:30,81.45916971265561,95.4394389497788,65.55629580279813,True,1.0390933333333334,1.0,0.006097560975609756,0.9072961785272241,329,ok,,sleep,300.0,sleep:300s:start sleep -> stop sleep | other:300s:started brushing teeth 2 mins ago,
P2,851,1772291130000,1772291430000,1772291280000,2026-02-28 07:08:00,81.07192082804765,101.69390759919327,64.97543367091146,True,1.0390933333333334,1.0,0.006172839506172839,0.9080223575237041,325,ok,,sleep,300.0,sleep:300s:start sleep -> stop sleep | other:300s:started brushing teeth 2 mins ago,
P2,852,1772291160000,1772291460000,1772291310000,2026-02-28 07:08:30,83.36530204410982,111.14704592966736,64.02536929993578,True,1.0390933333333334,1.0,0.006269592476489028,0.9111029448435054,320,ok,,sleep,300.0,sleep:300s:start sleep -> stop sleep | other:300s:started brushing teeth 2 mins ago,
P2,854,1772291220000,1772291520000,1772291370000,2026-02-28 07:09:30,81.5027707464247,101.460273398557,61.168192539879264,True,1.0390933333333334,1.0,0.0032679738562091504,0.9122738197223188,307,ok,,sleep,300.0,sleep:300s:start sleep -> stop sleep | other:300s:started brushing teeth 2 mins ago,
P2,856,1772291280000,1772291580000,1772291430000,2026-02-28 07:10:30,78.68804784540113,92.54686537695774,59.070938705529365,True,1.03912,1.0,0.0,0.9176446249799342,295,ok,,sleep,300.0,sleep:300s:start sleep -> stop sleep | other:300s:started brushing teeth 2 mins ago,
P2,857,1772291310000,1772291610000,1772291460000,2026-02-28 07:11:00,80.79134470542216,91.29549782294669,58.618929952728834,True,1.0390666666666666,1.0,0.0,0.9161395626698627,292,ok,,sleep,300.0,sleep:300s:start sleep -> stop sleep | other:300s:started brushing teeth 2 mins ago,
P2,858,1772291340000,1772291640000,1772291490000,2026-02-28 07:11:30,78.88654197764224,88.72746064102857,58.3489265809541,True,1.0390933333333334,1.0,0.0034482758620689655,0.9186405398302124,291,ok,,sleep,300.0,sleep:300s:start sleep -> stop sleep | other:300s:started brushing teeth 2 mins ago,
P2,859,1772291370000,1772291670000,1772291520000,2026-02-28 07:12:00,81.43829026908178,78.76945095280841,57.60768102413655,True,1.03912,1.0,0.003472222222222222,0.9193026421494492,289,ok,,sleep,300.0,sleep:300s:start sleep -> stop sleep | other:300s:started brushing teeth 2 mins ago,
P2,860,1772291400000,1772291700000,1772291550000,2026-02-28 07:12:30,79.25996368893712,60.94438841939057,56.60867999759963,True,1.0390933333333334,1.0,0.0035335689045936395,0.9188891207407184,284,ok,,sleep,300.0,sleep:300s:start sleep -> stop sleep | other:300s:started brushing teeth 2 mins ago,
P2,861,1772291430000,1772291730000,1772291580000,2026-02-28 07:13:00,75.91416767700564,59.6641132992824,56.60869739773967,True,1.03912,1.0,0.0035460992907801418,0.9225164928306863,283,ok,,sleep,300.0,sleep:300s:start sleep -> stop sleep | other:300s:started brushing teeth 2 mins ago,
P2,862,1772291460000,1772291760000,1772291610000,2026-02-28 07:13:30,73.00851222386919,57.7007655291833,56.63533695674081,True,1.03912,1.0,0.0035587188612099642,0.9223713719206492,282,ok,,sleep,300.0,sleep:300s:start sleep -> stop sleep | other:300s:started brushing teeth 2 mins ago,
P2,863,1772291490000,1772291790000,1772291640000,2026-02-28 07:14:00,76.62162383711676,64.91507215229512,57.227383470322074,True,1.0391466666666667,1.0,0.0035087719298245615,0.9197615243921506,286,ok,,sleep,300.0,sleep:300s:start sleep -> stop sleep | other:300s:started brushing teeth 2 mins ago,
P2,864,1772291520000,1772291820000,1772291670000,2026-02-28 07:14:30,77.21685117422983,67.51644047026618,57.43010328047711,True,1.0390933333333334,1.0,0.0034965034965034965,0.919640363203711,287,ok,,sleep,300.0,sleep:300s:start sleep -> stop sleep | other:300s:started brushing teeth 2 mins ago,
P2,865,1772291550000,1772291850000,1772291700000,2026-02-28 07:15:00,74.96196218515018,68.35096495788903,57.288735225536705,True,1.0391466666666667,1.0,0.0035087719298245615,0.9227038593339841,286,ok,,sleep,300.0,sleep:300s:start sleep -> stop sleep | other:300s:started brushing teeth 2 mins ago,
P2,866,1772291580000,1772291880000,1772291730000,2026-02-28 07:15:30,75.07469964186197,67.36824461699385,57.5013068478829,True,1.03912,1.0,0.006993006993006993,0.9211799918928135,287,ok,,sleep,300.0,sleep:300s:start sleep -> stop sleep | other:300s:started brushing teeth 2 mins ago,
P2,867,1772291610000,1772291910000,1772291760000,2026-02-28 07:16:00,78.40685612699502,77.26419931724811,57.46241168000535,True,1.0391466666666667,1.0,0.006993006993006993,0.9220689498253364,287,ok,,sleep,300.0,sleep:300s:start sleep -> stop sleep | other:300s:started brushing teeth 2 mins ago,
P2,868,1772291640000,1772291940000,1772291790000,2026-02-28 07:16:30,78.61971807804565,69.61164319967845,56.97967591137387,True,1.0391733333333333,1.0,0.007042253521126761,0.9197281461055069,285,ok,,sleep,300.0,sleep:300s:start sleep -> stop sleep | other:300s:started brushing teeth 2 mins ago,
P2,869,1772291670000,1772291970000,1772291820000,2026-02-28 07:17:00,72.52339524003862,67.77753465841127,56.613657121366785,True,1.0391466666666667,1.0,0.0035587188612099642,0.9209260911529182,282,ok,,sleep,300.0,sleep:300s:start sleep -> stop sleep | other:300s:started brushing teeth 2 mins ago,
P2,870,1772291700000,1772292000000,1772291850000,2026-02-28 07:17:30,74.17912682920215,66.99924272462798,56.43665771803094,True,1.0391733333333333,1.0,0.0071174377224199285,0.9218802798311962,282,ok,,sleep,300.0,sleep:300s:start sleep -> stop sleep | other:300s:started brushing teeth 2 mins ago,
P2,871,1772291730000,1772292030000,1772291880000,2026-02-28 07:18:00,74.46422539252895,68.03627173748785,56.1597971000879,True,1.03912,1.0,0.0035842293906810036,0.9219590243279275,280,ok,,sleep,300.0,sleep:300s:start sleep -> stop sleep | other:300s:started brushing teeth 2 mins ago,
P2,872,1772291760000,1772292060000,1772291910000,2026-02-28 07:18:30,74.2636536450206,69.01348624389546,56.00322320709106,True,1.0391733333333333,1.0,0.0,0.9225117827916084,279,ok,,sleep,300.0,sleep:300s:start sleep -> stop sleep | other:300s:started brushing teeth 2 mins ago,
P2,874,1772291820000,1772292120000,1772291970000,2026-02-28 07:19:30,77.22759992244367,55.38776907859396,55.0943950635422,True,1.0391733333333333,1.0,0.007272727272727273,0.9215262099430267,276,ok,,sleep,300.0,sleep:300s:start sleep -> stop sleep | other:300s:started brushing teeth 2 mins ago,
P2,875,1772291850000,1772292150000,1772292000000,2026-02-28 07:20:00,80.12164664352302,65.55954780644677,55.37452771725007,True,1.0391466666666667,1.0,0.007220216606498195,0.916531448397191,278,ok,,sleep,300.0,sleep:300s:start sleep -> stop sleep | other:300s:started brushing teeth 2 mins ago,
P2,876,1772291880000,1772292180000,1772292030000,2026-02-28 07:20:30,76.75411480301327,54.621742665330125,54.81388618450007,True,1.0391733333333333,1.0,0.0036496350364963502,0.9223636081493539,275,ok,,sleep,300.0,sleep:300s:start sleep -> stop sleep | other:300s:started brushing teeth 2 mins ago,
P2,877,1772291910000,1772292210000,1772292060000,2026-02-28 07:21:00,83.66723756684226,60.01561188975258,54.61847389558233,True,1.0391733333333333,1.0,0.007352941176470588,0.9175483330199798,273,ok,,sleep,300.0,sleep:300s:start sleep -> stop sleep | other:300s:started brushing teeth 2 mins ago,
P2,878,1772291940000,1772292240000,1772292090000,2026-02-28 07:21:30,80.79996711847637,59.68714469651743,54.43629086057371,True,1.0391466666666667,1.0,0.007352941176470588,0.9195484521751471,273,ok,,sleep,300.0,sleep:300s:start sleep -> stop sleep | other:300s:started brushing teeth 2 mins ago,
P2,879,1772291970000,1772292270000,1772292120000,2026-02-28 07:22:00,83.86280813468682,71.26819239123489,54.74050061825352,True,1.0391733333333333,1.0,0.003663003663003663,0.9227439226732506,274,ok,,other,300.0,sleep:285s:start sleep -> stop sleep | other:300s:started brushing teeth 2 mins ago,
P2,880,1772292000000,1772292300000,1772292150000,2026-02-28 07:22:30,84.02206870338935,76.57204474109844,55.01283632847664,True,1.0391733333333333,1.0,0.007272727272727273,0.9190117869614666,276,ok,,other,300.0,sleep:255s:start sleep -> stop sleep | other:300s:started brushing teeth 2 mins ago,
P2,881,1772292030000,1772292330000,1772292180000,2026-02-28 07:23:00,81.85210090985854,73.051117534635,54.95383877542864,True,1.0391733333333333,1.0,0.007272727272727273,0.9193218844238493,276,ok,,other,300.0,sleep:225s:start sleep -> stop sleep | other:300s:started brushing teeth 2 mins ago,
P2,882,1772292060000,1772292360000,1772292210000,2026-02-28 07:23:30,80.90627180582632,68.18875788615794,55.04403522818255,True,1.0391466666666667,1.0,0.0036363636363636364,0.9186764188646351,276,ok,,other,300.0,sleep:195s:start sleep -> stop sleep | other:300s:started brushing teeth 2 mins ago,
P2,883,1772292090000,1772292390000,1772292240000,2026-02-28 07:24:00,81.0583078737912,73.1215806191437,55.65601768133414,True,1.0391733333333333,1.0,0.0,0.9208664055348365,278,ok,,other,300.0,sleep:165s:start sleep -> stop sleep | other:300s:started brushing teeth 2 mins ago,
P2,884,1772292120000,1772292420000,1772292270000,2026-02-28 07:24:30,79.11656340477768,91.41628288194694,56.50849631292081,True,1.0391733333333333,1.0,0.0,0.9212454618209616,283,ok,,other,300.0,sleep:135s:start sleep -> stop sleep | other:300s:started brushing teeth 2 mins ago,
P2,885,1772292150000,1772292450000,1772292300000,2026-02-28 07:25:00,78.5497385956637,135.44490376817083,58.72756933115824,True,1.0391733333333333,1.0,0.003401360544217687,0.9198880050688245,295,ok,,other,300.0,sleep:105s:start sleep -> stop sleep | other:300s:started brushing teeth 2 mins ago,
P2,886,1772292180000,1772292480000,1772292330000,2026-02-28 07:25:30,78.82871656435836,139.53218142924436,60.23894782637797,True,1.0392,1.0,0.0,0.9102341191069695,301,ok,,other,300.0,sleep:75s:start sleep -> stop sleep | other:300s:started brushing teeth 2 mins ago,
P2,887,1772292210000,1772292510000,1772292360000,2026-02-28 07:26:00,77.7419821555489,135.09623259781347,61.0496537183576,True,1.0391733333333333,1.0,0.003278688524590164,0.9093536312925502,306,ok,,other,300.0,sleep:45s:start sleep -> stop sleep | other:300s:started brushing teeth 2 mins ago,
P2,888,1772292240000,1772292540000,1772292390000,2026-02-28 07:26:30,76.69672017267689,129.90831258040603,61.298486234550175,True,1.0391733333333333,1.0,0.006535947712418301,0.9113457487376841,307,ok,,other,300.0,sleep:15s:start sleep -> stop sleep | other:300s:started brushing teeth 2 mins ago,
P2,889,1772292270000,1772292570000,1772292420000,2026-02-28 07:27:00,77.41537950308425,128.01235961034234,61.59213660303935,True,1.0391466666666667,1.0,0.0,0.9098630694247463,307,ok,,other,300.0,other:300s:started brushing teeth 2 mins ago,
P2,890,1772292300000,1772292600000,1772292450000,2026-02-28 07:27:30,76.19245851673433,128.19857021472436,62.75857933763716,True,1.0391733333333333,1.0,0.006369426751592357,0.9047833333008531,315,ok,,other,300.0,other:300s:started brushing teeth 2 mins ago,
P2,891,1772292330000,1772292630000,1772292480000,2026-02-28 07:28:00,73.03260235189013,119.44499454176385,64.09483624673497,True,1.0391733333333333,1.0,0.0,0.9064129286261138,320,ok,,other,300.0,other:300s:started brushing teeth 2 mins ago,
P2,892,1772292360000,1772292660000,1772292510000,2026-02-28 07:28:30,76.13975636945524,122.02711798352236,64.16406812185176,True,1.0391733333333333,1.0,0.006230529595015576,0.9042365360074724,322,ok,,other,300.0,other:300s:started brushing teeth 2 mins ago,
P2,893,1772292390000,1772292690000,1772292540000,2026-02-28 07:29:00,75.27670475307093,128.34593764859585,63.54191026626132,True,1.0391466666666667,1.0,0.0031545741324921135,0.905200854736284,318,ok,,other,300.0,other:300s:started brushing teeth 2 mins ago,
P2,894,1772292420000,1772292720000,1772292570000,2026-02-28 07:29:30,75.88632404600443,133.33340088379606,63.570368587815345,True,1.0391733333333333,1.0,0.00946372239747634,0.9069078243498984,318,ok,,other,300.0,other:300s:started brushing teeth 2 mins ago,
P2,896,1772292480000,1772292780000,1772292630000,2026-02-28 07:30:30,79.17628741263918,100.3771375422942,60.96664215522428,True,1.03912,1.0,0.006578947368421052,0.9152587169635507,305,ok,,other,300.0,other:300s:started brushing teeth 2 mins ago,
P2,897,1772292510000,1772292810000,1772292660000,2026-02-28 07:31:00,78.39904606213501,103.15967058938207,61.43494478168654,True,1.0391466666666667,1.0,0.00974025974025974,0.9164672844420898,309,ok,,other,300.0,other:300s:started brushing teeth 2 mins ago,
P2,898,1772292540000,1772292840000,1772292690000,2026-02-28 07:31:30,78.6538994420232,104.186558762577,62.58706533982977,True,1.0391466666666667,1.0,0.006389776357827476,0.9132675334730311,314,ok,,other,300.0,other:300s:started brushing teeth 2 mins ago,
P2,899,1772292570000,1772292870000,1772292720000,2026-02-28 07:32:00,78.23383752145445,100.84254482456696,63.38296549372522,True,1.0391466666666667,1.0,0.006329113924050633,0.915144469315825,317,ok,,other,300.0,other:300s:started brushing teeth 2 mins ago,
P2,900,1772292600000,1772292900000,1772292750000,2026-02-28 07:32:30,80.62289450404806,98.70186935341236,62.793720627937205,True,1.0390933333333334,1.0,0.006369426751592357,0.9207430746213308,315,ok,,other,300.0,other:300s:started brushing teeth 2 mins ago,
P2,901,1772292630000,1772292930000,1772292780000,2026-02-28 07:33:00,80.33215833917586,96.56005856844872,62.07531805257045,True,1.0391466666666667,1.0,0.0064516129032258064,0.9192890824514346,311,ok,,other,300.0,other:300s:started brushing teeth 2 mins ago,
P2,902,1772292660000,1772292960000,1772292810000,2026-02-28 07:33:30,81.74128758001122,118.68702831046947,63.27213022846044,True,1.03912,1.0,0.0189873417721519,0.9156422756233678,317,ok,,other,300.0,other:300s:started brushing teeth 2 mins ago,
P2,903,1772292690000,1772292990000,1772292840000,2026-02-28 07:34:00,80.07017688775929,83.62123545674135,63.157047843810346,True,1.0390933333333334,1.0,0.006369426751592357,0.9185509244281787,315,ok,,other,300.0,other:300s:started brushing teeth 2 mins ago,
P2,904,1772292720000,1772293020000,1772292870000,2026-02-28 07:34:30,81.01096882560839,88.15584861327994,63.010501750291716,True,1.0390933333333334,1.0,0.006349206349206349,0.917852411361697,316,ok,,other,300.0,other:300s:started brushing teeth 2 mins ago,
P2,905,1772292750000,1772293050000,1772292900000,2026-02-28 07:35:00,79.78027149455698,87.98922508275795,62.92449061126648,True,1.0390933333333334,1.0,0.006349206349206349,0.9154340041872882,316,ok,,other,300.0,other:300s:started brushing teeth 2 mins ago,
P2,906,1772292780000,1772293080000,1772292930000,2026-02-28 07:35:30,76.5621382034835,97.60579283392893,64.0527950310559,True,1.0390666666666666,1.0,0.0,0.9127454908865753,320,ok,,other,300.0,other:300s:started brushing teeth 2 mins ago,
P2,907,1772292810000,1772293110000,1772292960000,2026-02-28 07:36:00,75.7678080466653,114.13864749156414,65.5367533586751,True,1.03904,1.0,0.0061162079510703364,0.9078537927057438,328,ok,,other,300.0,other:300s:started brushing teeth 2 mins ago,
P2,908,1772292840000,1772293140000,1772292990000,2026-02-28 07:36:30,76.13368078188253,127.1674684615308,66.78923616914591,True,1.03904,1.0,0.0,0.9089482446890874,334,ok,,other,300.0,other:300s:started brushing teeth 2 mins ago,
P2,909,1772292870000,1772293170000,1772293020000,2026-02-28 07:37:00,73.54152624936508,130.6610738730543,67.71511569668436,True,1.03904,1.0,0.0029585798816568047,0.9091323725131715,339,ok,,other,300.0,other:300s:started brushing teeth 2 mins ago,
P2,910,1772292900000,1772293200000,1772293050000,2026-02-28 07:37:30,71.47511205063827,135.657856119456,69.93241206535063,True,1.03904,1.0,0.0,0.9077060162076448,349,ok,,other,300.0,other:300s:started brushing teeth 2 mins ago,
P2,911,1772292930000,1772293230000,1772293080000,2026-02-28 07:38:00,70.8392192649836,134.35951335906054,72.14573438345458,True,1.0390133333333333,1.0,0.0,0.9100700766586785,361,ok,,other,300.0,other:300s:started brushing teeth 2 mins ago,
P2,912,1772292960000,1772293260000,1772293110000,2026-02-28 07:38:30,71.17618502749704,126.25395922594295,73.2195252067218,True,1.0390133333333333,1.0,0.00273224043715847,0.909576987731804,367,ok,,other,300.0,other:300s:started brushing teeth 2 mins ago,
P2,913,1772292990000,1772293290000,1772293140000,2026-02-28 07:39:00,71.9839321410444,114.93391616432999,74.38497062695903,True,1.0390133333333333,1.0,0.005390835579514825,0.9103682674950855,372,ok,,other,300.0,other:300s:started brushing teeth 2 mins ago,
P2,914,1772293020000,1772293320000,1772293170000,2026-02-28 07:39:30,71.79345925331032,98.99026392056116,76.39726578206675,True,1.0389866666666667,1.0,0.0,0.9089993973033792,381,ok,,other,300.0,other:300s:started brushing teeth 2 mins ago,
P2,915,1772293050000,1772293350000,1772293200000,2026-02-28 07:40:00,73.35695961063314,80.42109355612517,77.60539561372433,True,1.0390133333333333,1.0,0.002583979328165375,0.9089434855088884,388,ok,,other,300.0,other:300s:started brushing teeth 2 mins ago,
P2,916,1772293080000,1772293380000,1772293230000,2026-02-28 07:40:30,75.8359287073189,81.14549523266095,77.53957122821078,True,1.0390133333333333,1.0,0.002583979328165375,0.9099455933107367,388,ok,,other,300.0,other:300s:started brushing teeth 2 mins ago,
P2,917,1772293110000,1772293410000,1772293260000,2026-02-28 07:41:00,75.6517233516415,82.65024702331124,76.85824369882806,True,1.03904,1.0,0.0,0.9131152363512051,384,ok,,other,300.0,other:300s:started brushing teeth 2 mins ago,
P2,918,1772293140000,1772293440000,1772293290000,2026-02-28 07:41:30,74.81396616727893,90.4463100641335,77.44646788072845,True,1.0390133333333333,1.0,0.002583979328165375,0.9117663872836509,388,ok,,other,300.0,other:300s:started brushing teeth 2 mins ago,
P2,919,1772293170000,1772293470000,1772293320000,2026-02-28 07:42:00,73.59730167655844,104.1824253819545,79.91721191080252,True,1.03904,1.0,0.005012531328320802,0.9106998806044106,400,ok,,other,300.0,other:300s:started brushing teeth 2 mins ago,
P2,920,1772293200000,1772293500000,1772293350000,2026-02-28 07:42:30,74.12059964098538,105.79886251539384,79.62039568923917,True,1.03904,1.0,0.0,0.9138651208223696,397,ok,,other,300.0,other:300s:started brushing teeth 2 mins ago,
P2,921,1772293230000,1772293530000,1772293380000,2026-02-28 07:43:00,73.67719490346512,109.56750205132717,78.2399358031296,True,1.03904,1.0,0.0,0.9124805657734367,391,ok,,other,300.0,other:300s:started brushing teeth 2 mins ago,
P2,922,1772293260000,1772293560000,1772293410000,2026-02-28 07:43:30,72.05969388780481,113.64468997633718,77.68545399939934,True,1.0390666666666666,1.0,0.0,0.9114228730517848,389,ok,,other,300.0,other:300s:started brushing teeth 2 mins ago,
P2,923,1772293290000,1772293590000,1772293440000,2026-02-28 07:44:00,71.92619994370598,113.5605841206145,77.61577184573113,True,1.0390666666666666,1.0,0.0,0.9113587407971177,388,ok,,other,300.0,other:300s:started brushing teeth 2 mins ago,
P2,924,1772293320000,1772293620000,1772293470000,2026-02-28 07:44:30,71.32262380666226,112.46972897213246,77.07707707707708,True,1.0390933333333334,1.0,0.005194805194805195,0.9072800885686401,386,ok,,other,300.0,other:300s:started brushing teeth 2 mins ago,
P2,925,1772293350000,1772293650000,1772293500000,2026-02-28 07:45:00,71.60755620228328,118.1456531509938,76.45229256546604,True,1.0390666666666666,1.0,0.005249343832020997,0.9055236143951911,382,ok,,other,300.0,other:300s:started brushing teeth 2 mins ago,
P2,926,1772293380000,1772293680000,1772293530000,2026-02-28 07:45:30,69.95804701566496,129.06953452125322,75.28860632424293,True,1.0390933333333334,1.0,0.0026666666666666666,0.9072067040278812,376,ok,,other,300.0,other:300s:started brushing teeth 2 mins ago,
P2,927,1772293410000,1772293710000,1772293560000,2026-02-28 07:46:00,72.85831614720402,131.74690836032818,74.64134033374577,True,1.0390933333333334,1.0,0.002688172043010753,0.9045145836423727,373,ok,,other,300.0,other:300s:started brushing teeth 2 mins ago,
P2,928,1772293440000,1772293740000,1772293590000,2026-02-28 07:46:30,74.96894384634523,122.18182117146202,72.7892520553439,True,1.0390933333333334,1.0,0.005509641873278237,0.9057273853771689,364,ok,,other,300.0,other:300s:started brushing teeth 2 mins ago,
P2,929,1772293470000,1772293770000,1772293620000,2026-02-28 07:47:00,77.76364129878421,89.92314634797313,70.12256379344987,True,1.0390933333333334,1.0,0.0028653295128939827,0.9073752404124362,350,ok,,other,300.0,other:300s:started brushing teeth 2 mins ago,
P2,930,1772293500000,1772293800000,1772293650000,2026-02-28 07:47:30,77.44569876571546,80.42167439765079,68.96089535234393,True,1.0390933333333334,1.0,0.0029154518950437317,0.9079217790080354,344,ok,,other,300.0,other:300s:started brushing teeth 2 mins ago,
P2,931,1772293530000,1772293830000,1772293680000,2026-02-28 07:48:00,76.6609553628921,85.96461859245512,68.1016823936331,True,1.0390933333333334,1.0,0.0029585798816568047,0.9084598175421604,339,ok,,other,300.0,other:300s:started brushing teeth 2 mins ago,
P2,933,1772293590000,1772293890000,1772293740000,2026-02-28 07:49:00,74.44783886833903,90.0270285628669,67.24806844182113,True,1.0390933333333334,1.0,0.020710059171597635,0.9027725320959082,339,ok,,other,300.0,other:300s:started brushing teeth 2 mins ago,
P2,935,1772293650000,1772293950000,1772293800000,2026-02-28 07:50:00,74.05828535437226,99.23365885793179,64.58065627194087,True,1.0390933333333334,1.0,0.024615384615384615,0.8995619122250331,326,ok,,other,300.0,other:300s:started brushing teeth 2 mins ago,
P2,936,1772293680000,1772293980000,1772293830000,2026-02-28 07:50:30,75.34512260259451,110.96048734021862,63.68205263853987,True,1.0390666666666666,1.0,0.021806853582554516,0.8998744309766283,322,ok,,other,300.0,other:300s:started brushing teeth 2 mins ago,
P2,937,1772293710000,1772294010000,1772293860000,2026-02-28 07:51:00,72.93648448637191,115.39276924303991,62.228702077603636,True,1.0390666666666666,1.0,0.019169329073482427,0.9010542477517564,314,ok,,other,300.0,other:300s:started brushing teeth 2 mins ago,
P2,938,1772293740000,1772294040000,1772293890000,2026-02-28 07:51:30,69.22720966048718,117.11183415584611,60.733164409571756,True,1.0390933333333334,1.0,0.02287581699346405,0.8990435796009678,307,ok,,other,300.0,other:300s:started brushing teeth 2 mins ago,
P2,939,1772293770000,1772294070000,1772293920000,2026-02-28 07:52:00,69.39411808043297,105.07722036521696,59.35601699289316,True,1.0390666666666666,1.0,0.023411371237458192,0.8978929535998971,300,ok,,other,300.0,other:300s:started brushing teeth 2 mins ago,
P2,940,1772293800000,1772294100000,1772293950000,2026-02-28 07:52:30,70.7205281615478,95.24761749494984,57.80576468484933,True,1.0390933333333334,1.0,0.024054982817869417,0.8992037366815621,292,ok,,other,300.0,other:300s:started brushing teeth 2 mins ago,
P2,941,1772293830000,1772294130000,1772293980000,2026-02-28 07:53:00,69.4405214121122,94.98118857738372,57.0470688010177,True,1.0390666666666666,1.0,0.024390243902439025,0.9004437145455133,288,ok,,other,300.0,other:300s:started brushing teeth 2 mins ago,
P2,942,1772293860000,1772294160000,1772294010000,2026-02-28 07:53:30,67.66857070304432,85.91342565639518,56.33896280566707,True,1.0390933333333334,1.0,0.024734982332155476,0.9034403129766536,284,ok,,other,300.0,other:300s:started brushing teeth 2 mins ago,
P2,943,1772293890000,1772294190000,1772294040000,2026-02-28 07:54:00,70.22160301083824,70.27686497336667,54.7149012927147,True,1.0390666666666666,1.0,0.0,0.9122386410765431,274,ok,,other,300.0,other:300s:started brushing teeth 2 mins ago,
P2,944,1772293920000,1772294220000,1772294070000,2026-02-28 07:54:30,74.98329457248894,79.27669511888914,54.068738859918234,True,1.0390933333333334,1.0,0.014705882352941176,0.9156052553354309,273,ok,,other,300.0,other:300s:started brushing teeth 2 mins ago,
P2,945,1772293950000,1772294250000,1772294100000,2026-02-28 07:55:00,75.81407247276498,87.74547626787351,53.093459125355125,True,1.0390933333333334,1.0,0.011278195488721804,0.9156223652857993,267,ok,,other,300.0,other:300s:started brushing teeth 2 mins ago,
P2,946,1772293980000,1772294280000,1772294130000,2026-02-28 07:55:30,76.46512950707891,97.7674965576989,52.39182979627613,True,1.0390933333333334,1.0,0.015209125475285171,0.9155177150440346,264,ok,,other,300.0,other:300s:started brushing teeth 2 mins ago,
P2,948,1772294040000,1772294340000,1772294190000,2026-02-28 07:56:30,80.92144434970265,102.14375047238404,51.324898543805205,True,1.0390933333333334,1.0,0.011627906976744186,0.9178804676209693,259,ok,,other,300.0,other:300s:started brushing teeth 2 mins ago,
P2,949,1772294070000,1772294370000,1772294220000,2026-02-28 07:57:00,83.62161027616774,93.4301974523796,50.37112055754701,True,1.0390933333333334,1.0,0.007936507936507936,0.9220254821735773,253,ok,,other,300.0,other:300s:started brushing teeth 2 mins ago,
P2,950,1772294100000,1772294400000,1772294250000,2026-02-28 07:57:30,84.13303750608318,92.24410988656642,49.9747803233428,True,1.0390666666666666,1.0,0.01593625498007968,0.9238196552644642,252,ok,,other,300.0,other:300s:started brushing teeth 2 mins ago,
P2,951,1772294130000,1772294430000,1772294280000,2026-02-28 07:58:00,85.84978878726385,89.45675876450537,49.44047207676564,True,1.0390933333333334,1.0,0.020161290322580645,0.9223249400506066,249,ok,,other,300.0,other:300s:started brushing teeth 2 mins ago,
P2,952,1772294160000,1772294460000,1772294310000,2026-02-28 07:58:30,88.08795379225121,66.84490203296346,48.506544058447396,True,1.0390933333333334,1.0,0.012345679012345678,0.9232342453941971,244,ok,,other,300.0,other:300s:started brushing teeth 2 mins ago,
P2,954,1772294220000,1772294520000,1772294370000,2026-02-28 07:59:30,86.48356726805045,81.32037738422457,48.650480855504085,True,1.0390933333333334,1.0,0.01639344262295082,0.9260405977872552,245,ok,,other,300.0,other:300s:started brushing teeth 2 mins ago,
P2,955,1772294250000,1772294550000,1772294400000,2026-02-28 08:00:00,82.62354979297463,159.12126341437914,50.85284458099375,True,1.0390666666666666,1.0,0.01953125,0.9237449410798356,257,ok,,other,300.0,other:300s:started brushing teeth 2 mins ago,
P2,956,1772294280000,1772294580000,1772294430000,2026-02-28 08:00:30,81.67156344046047,167.34841257358178,52.311935607919054,True,1.0390933333333334,1.0,0.019011406844106463,0.9222437759397356,264,ok,,other,300.0,other:300s:started brushing teeth 2 mins ago,
P2,957,1772294310000,1772294610000,1772294460000,2026-02-28 08:01:00,79.10911358277156,185.5749605505185,54.23832841874925,True,1.0390666666666666,1.0,0.01107011070110701,0.920634119084793,272,ok,,other,300.0,other:300s:started brushing teeth 2 mins ago,
P2,958,1772294340000,1772294640000,1772294490000,2026-02-28 08:01:30,79.5567582156147,220.00326838647305,57.60452863283923,True,1.0390933333333334,1.0,0.01384083044982699,0.9148383888238236,290,ok,,other,300.0,other:300s:started brushing teeth 2 mins ago,
P2,959,1772294370000,1772294670000,1772294520000,2026-02-28 08:02:00,77.21313068169735,220.71750792047504,60.377007585318225,True,1.0390933333333334,1.0,0.0165016501650165,0.9134146961504234,304,ok,,other,300.0,other:300s:started brushing teeth 2 mins ago,
P2,960,1772294400000,1772294700000,1772294550000,2026-02-28 08:02:30,77.38548197506313,208.4124865772617,62.453857972344714,True,1.0390933333333334,1.0,0.012779552715654952,0.9061265096920137,314,ok,,other,300.0,other:300s:started brushing teeth 2 mins ago,
P2,961,1772294430000,1772294730000,1772294580000,2026-02-28 08:03:00,77.634980415075,192.41457063132833,65.09880950800961,True,1.0390933333333334,1.0,0.01834862385321101,0.9000399179545816,328,ok,,other,300.0,other:300s:started brushing teeth 2 mins ago,
P2,962,1772294460000,1772294760000,1772294610000,2026-02-28 08:03:30,75.23762553892769,170.26782737653002,67.52617138595136,True,1.0390933333333334,1.0,0.008875739644970414,0.8975636543201753,339,ok,,other,300.0,other:300s:started brushing teeth 2 mins ago,
P2,963,1772294490000,1772294790000,1772294640000,2026-02-28 08:04:00,78.20573349912877,131.95568082855206,69.9620376443464,True,1.0390933333333334,1.0,0.014204545454545454,0.8931399125569427,353,ok,,other,300.0,other:300s:started brushing teeth 2 mins ago,
P2,964,1772294520000,1772294820000,1772294670000,2026-02-28 08:04:30,73.40391306859269,102.28908716256079,71.72671720038736,True,1.0390933333333334,1.0,0.008379888268156424,0.8954960694997824,359,ok,,other,300.0,other:300s:started brushing teeth 2 mins ago,
P2,965,1772294550000,1772294850000,1772294700000,2026-02-28 08:05:00,74.90150836302416,94.53906618978678,71.3609893258352,True,1.03912,1.0,0.0056022408963585435,0.8975167329922754,358,ok,,other,300.0,other:300s:started brushing teeth 2 mins ago,
P2,967,1772294610000,1772294910000,1772294760000,2026-02-28 08:06:00,78.97667027415164,98.51954379997508,71.05247312115718,True,1.03912,1.0,0.002824858757062147,0.9003801994000076,355,ok,,other,300.0,other:300s:started brushing teeth 2 mins ago,
P2,968,1772294640000,1772294940000,1772294790000,2026-02-28 08:06:30,76.56741418486072,100.05297237014761,68.50915792496043,True,1.0390666666666666,1.0,0.005847953216374269,0.8984552660744745,343,ok,,other,300.0,other:300s:started brushing teeth 2 mins ago,
P2,969,1772294670000,1772294970000,1772294820000,2026-02-28 08:07:00,73.75529386758605,101.83939060278108,66.83391871550427,True,1.0390933333333334,1.0,0.0,0.9041229821112813,334,ok,,other,300.0,other:300s:started brushing teeth 2 mins ago,
P2,970,1772294700000,1772295000000,1772294850000,2026-02-28 08:07:30,72.05527949256941,103.4035190896582,65.99686112489772,True,1.03912,1.0,0.003048780487804878,0.9081697811474243,329,ok,,other,300.0,other:300s:started brushing teeth 2 mins ago,
P2,971,1772294730000,1772295030000,1772294880000,2026-02-28 08:08:00,75.03295226254693,97.50705523157708,64.55708891636314,True,1.0390933333333334,1.0,0.0,0.9136488331494532,323,ok,,other,300.0,other:300s:started brushing teeth 2 mins ago,
P2,972,1772294760000,1772295060000,1772294910000,2026-02-28 08:08:30,72.96375032000132,88.51971513316296,63.58269427488317,True,1.03912,1.0,0.006309148264984227,0.9152118994730916,318,ok,,other,300.0,other:300s:started brushing teeth 2 mins ago,
P2,974,1772294820000,1772295120000,1772294970000,2026-02-28 08:09:30,69.71824943447102,75.60563419423526,62.39726257170653,True,1.03912,1.0,0.0,0.9211912557947459,311,ok,,other,300.0,other:300s:started brushing teeth 2 mins ago,
P2,975,1772294850000,1772295150000,1772295000000,2026-02-28 08:10:00,61.8392343831237,67.83675498412924,61.895732065594785,True,1.0390933333333334,1.0,0.006472491909385114,0.9196993473934744,310,ok,,other,300.0,other:300s:started brushing teeth 2 mins ago,
P2,976,1772294880000,1772295180000,1772295030000,2026-02-28 08:10:30,62.94206042303533,61.45920543420478,61.194500546858755,True,1.0391466666666667,1.0,0.0,0.9227446184902672,305,ok,,other,300.0,other:300s:started brushing teeth 2 mins ago,
P2,977,1772294910000,1772295210000,1772295060000,2026-02-28 08:11:00,62.951078496149556,64.90062652706862,60.9116713975622,True,1.03912,1.0,0.0,0.9218096558787132,305,ok,,other,300.0,other:300s:started brushing teeth 2 mins ago,
P2,978,1772294940000,1772295240000,1772295090000,2026-02-28 08:11:30,64.68364309630779,65.7270468962471,60.92567068176824,True,1.0391466666666667,1.0,0.003278688524590164,0.9235115871905317,306,ok,,other,300.0,other:300s:started brushing teeth 2 mins ago,
P2,979,1772294970000,1772295270000,1772295120000,2026-02-28 08:12:00,69.11464705173638,70.40924858728442,60.737672056661765,True,1.03912,1.0,0.0,0.9253958869769259,304,ok,,other,300.0,other:300s:started brushing teeth 2 mins ago,
P2,980,1772295000000,1772295300000,1772295150000,2026-02-28 08:12:30,73.85819597433166,77.37546399662622,60.770156438026476,True,1.0391466666666667,1.0,0.0033003300330033004,0.9236286866474231,304,ok,,other,300.0,other:300s:started brushing teeth 2 mins ago,
P2,981,1772295030000,1772295330000,1772295180000,2026-02-28 08:13:00,69.7977143625245,71.33640922345272,60.49881473072685,True,1.0391733333333333,1.0,0.0,0.9240297385378567,303,ok,,other,300.0,other:300s:started brushing teeth 2 mins ago,
P2,982,1772295060000,1772295360000,1772295210000,2026-02-28 08:13:30,71.10198055466519,70.24435769642164,60.34598363953332,True,1.03912,1.0,0.0,0.9258119903628901,301,ok,,other,300.0,other:300s:started brushing teeth 2 mins ago,
P2,983,1772295090000,1772295390000,1772295240000,2026-02-28 08:14:00,73.43785022124385,66.12049884098553,59.83935742971888,True,1.0391733333333333,1.0,0.0,0.9290348154584647,299,ok,,other,300.0,other:300s:started brushing teeth 2 mins ago,
P2,984,1772295120000,1772295420000,1772295270000,2026-02-28 08:14:30,74.83251569608899,64.95842416189659,59.59985819113427,True,1.0391733333333333,1.0,0.003367003367003367,0.9253373775828386,298,ok,,other,300.0,other:300s:started brushing teeth 2 mins ago,
P2,985,1772295150000,1772295450000,1772295300000,2026-02-28 08:15:00,76.13137619062174,63.28122741031589,59.26914733856166,True,1.0391733333333333,1.0,0.0,0.9259246613086306,297,ok,,other,300.0,other:300s:started brushing teeth 2 mins ago,
P2,986,1772295180000,1772295480000,1772295330000,2026-02-28 08:15:30,74.8075990174013,64.32315652509789,59.08468805287579,True,1.0391466666666667,1.0,0.0,0.9284552231818356,296,ok,,other,300.0,other:300s:started brushing teeth 2 mins ago,
P2,987,1772295210000,1772295510000,1772295360000,2026-02-28 08:16:00,72.63626649879765,63.845570630987055,59.18148990236726,True,1.0392,1.0,0.003389830508474576,0.9277053539167095,296,ok,,other,300.0,other:300s:started brushing teeth 2 mins ago,
P2,988,1772295240000,1772295540000,1772295390000,2026-02-28 08:16:30,73.1338350090384,64.57860281414749,59.09455128205128,True,1.0391733333333333,1.0,0.003389830508474576,0.9295009842334188,296,ok,,other,300.0,other:300s:started brushing teeth 2 mins ago,
P2,989,1772295270000,1772295570000,1772295420000,2026-02-28 08:17:00,71.28172799366406,62.5407531815886,59.15937722763702,True,1.0392,1.0,0.0033783783783783786,0.9289394368304474,297,ok,,other,300.0,other:300s:started brushing teeth 2 mins ago,
P2,990,1772295300000,1772295600000,1772295450000,2026-02-28 08:17:30,68.74299964360007,62.799928442382004,59.19013497750375,True,1.0392,1.0,0.006756756756756757,0.9341418743332248,297,ok,,other,300.0,other:300s:started brushing teeth 2 mins ago,
P2,991,1772295330000,1772295630000,1772295480000,2026-02-28 08:18:00,66.22342985768739,61.0830439654262,58.94145950280674,True,1.0391733333333333,1.0,0.003401360544217687,0.9344940516937954,295,ok,,other,300.0,other:300s:started brushing teeth 2 mins ago,
P2,992,1772295360000,1772295660000,1772295510000,2026-02-28 08:18:30,66.7784273682358,65.00146750664705,59.00060204695966,True,1.0392,1.0,0.0,0.9362442050439921,295,ok,,other,300.0,other:300s:started brushing teeth 2 mins ago,
P2,993,1772295390000,1772295690000,1772295540000,2026-02-28 08:19:00,64.33116113918167,61.56166344692371,58.86239413778605,True,1.0391733333333333,1.0,0.006802721088435374,0.9351565201426044,295,ok,,other,300.0,other:300s:started brushing teeth 2 mins ago,
P2,994,1772295420000,1772295720000,1772295570000,2026-02-28 08:19:30,64.03038368122013,61.315777212239496,58.661238046768275,True,1.0392,1.0,0.0,0.9382653329356061,293,ok,,other,300.0,other:300s:started brushing teeth 2 mins ago,
P2,995,1772295450000,1772295750000,1772295600000,2026-02-28 08:20:00,66.78849787407906,59.92753771047009,58.433734939759034,True,1.0392,1.0,0.0,0.9381561291745631,292,ok,,other,300.0,other:300s:started brushing teeth 2 mins ago,
P2,996,1772295480000,1772295780000,1772295630000,2026-02-28 08:20:30,64.3045555312294,57.88403360280845,58.52971740806544,True,1.0392,1.0,0.0,0.9380454493922566,292,ok,,other,300.0,other:300s:started brushing teeth 2 mins ago,
P2,997,1772295510000,1772295810000,1772295660000,2026-02-28 08:21:00,67.76490383510348,58.66531471006006,58.78615616117706,True,1.0391733333333333,1.0,0.0034129692832764505,0.9366418772835565,294,ok,,other,300.0,other:300s:started brushing teeth 2 mins ago,
P2,998,1772295540000,1772295840000,1772295690000,2026-02-28 08:21:30,64.14701544455272,55.24451169601739,58.942247290126836,True,1.0392266666666667,1.0,0.0,0.9386665105902834,295,ok,,other,300.0,other:300s:started brushing teeth 2 mins ago,
P2,999,1772295570000,1772295870000,1772295720000,2026-02-28 08:22:00,62.812754889996256,53.151430830517235,59.2448788325077,True,1.0392,1.0,0.0,0.9374920379911036,296,ok,,other,300.0,other:300s:started brushing teeth 2 mins ago,
P2,1000,1772295600000,1772295900000,1772295750000,2026-02-28 08:22:30,64.06469943959556,53.18541519302079,59.14866029955288,True,1.0391733333333333,1.0,0.003389830508474576,0.9388454144874734,296,ok,,other,300.0,other:300s:started brushing teeth 2 mins ago,
P2,1001,1772295630000,1772295930000,1772295780000,2026-02-28 08:23:00,65.16411908487203,66.78972264686118,59.8758427341299,True,1.0392266666666667,1.0,0.006688963210702341,0.9359692768032606,300,ok,,other,300.0,other:300s:started brushing teeth 2 mins ago,
P2,1002,1772295660000,1772295960000,1772295810000,2026-02-28 08:23:30,66.22633094396068,78.6917096144355,60.62836684846254,True,1.0392266666666667,1.0,0.0033112582781456954,0.9298136494069192,303,ok,,other,300.0,other:300s:started brushing teeth 2 mins ago,
P2,1003,1772295690000,1772295990000,1772295840000,2026-02-28 08:24:00,67.77976440666129,111.09369993711852,62.56893612754437,True,1.0392,1.0,0.00641025641025641,0.9141827998410433,313,ok,,other,300.0,other:300s:started brushing teeth 2 mins ago,
P2,1004,1772295720000,1772296020000,1772295870000,2026-02-28 08:24:30,68.5494594520423,112.8527410664022,63.85328469596064,True,1.0391733333333333,1.0,0.006289308176100629,0.9100761838286666,319,ok,,other,300.0,other:300s:started brushing teeth 2 mins ago,
P2,1005,1772295750000,1772296050000,1772295900000,2026-02-28 08:25:00,69.74105544666509,111.47430486786621,65.04900358269897,True,1.0392266666666667,1.0,0.009230769230769232,0.9042196738601624,326,ok,,other,300.0,other:300s:started brushing teeth 2 mins ago,
P2,1006,1772295780000,1772296080000,1772295930000,2026-02-28 08:25:30,72.16797674502091,114.97599030152206,66.88358640636298,True,1.0392,1.0,0.006006006006006006,0.8968505018011071,334,ok,,other,300.0,other:300s:started brushing teeth 2 mins ago,
P2,1007,1772295810000,1772296110000,1772295960000,2026-02-28 08:26:00,72.06076340969756,126.01462660655832,69.28637701668079,True,1.0392,1.0,0.008670520231213872,0.8900176236157376,347,ok,,other,300.0,other:300s:started brushing teeth 2 mins ago,
P2,1008,1772295840000,1772296140000,1772295990000,2026-02-28 08:26:30,74.52155083237021,140.83321718427007,73.15948768314927,True,1.0392,1.0,0.005479452054794521,0.8835469480566568,366,ok,,other,300.0,other:300s:started brushing teeth 2 mins ago,
P2,1010,1772295900000,1772296200000,1772296050000,2026-02-28 08:27:30,75.6052829432772,127.0000875363216,80.97274184927846,True,1.0391733333333333,1.0,0.0024752475247524753,0.8638670618142839,405,ok,,other,300.0,other:300s:started brushing teeth 2 mins ago,
P2,1011,1772295930000,1772296230000,1772296080000,2026-02-28 08:28:00,77.00056193601147,115.43532133108052,83.48069800807448,True,1.03912,1.0,0.007194244604316547,0.8604890521239628,418,ok,,other,300.0,other:300s:started brushing teeth 2 mins ago,
P2,1012,1772295960000,1772296260000,1772296110000,2026-02-28 08:28:30,75.00184124724,112.01841653003186,84.59760876117754,True,1.0391466666666667,1.0,0.004750593824228029,0.8635454520851715,422,ok,,other,300.0,other:300s:started brushing teeth 2 mins ago,
P2,1013,1772295990000,1772296290000,1772296140000,2026-02-28 08:29:00,76.56667885366069,129.81488247457574,82.93561277971524,True,1.0391466666666667,1.0,0.0,0.8913656478823955,414,ok,,other,300.0,other:300s:started brushing teeth 2 mins ago,
P2,1014,1772296020000,1772296320000,1772296170000,2026-02-28 08:29:30,80.34208189268014,146.90122830423988,81.82419830335118,True,1.03912,1.0,0.0024509803921568627,0.8932901722399944,409,ok,,other,300.0,other:300s:started brushing teeth 2 mins ago,
P2,1015,1772296050000,1772296350000,1772296200000,2026-02-28 08:30:00,79.64011089696945,155.4588393639695,81.09304571796523,True,1.0390933333333334,1.0,0.0,0.892377964335724,404,ok,,other,300.0,other:300s:started brushing teeth 2 mins ago,
P2,1016,1772296080000,1772296380000,1772296230000,2026-02-28 08:30:30,80.3835111248538,171.54282281347713,79.39955755465402,True,1.03912,1.0,0.0025252525252525255,0.8909363228217156,397,ok,,other,300.0,other:300s:started brushing teeth 2 mins ago,
P2,1017,1772296110000,1772296410000,1772296260000,2026-02-28 08:31:00,81.38212415467,189.94369830713924,76.47413966592876,True,1.0390933333333334,1.0,0.0,0.8941555130042182,381,ok,,other,300.0,other:300s:started brushing teeth 2 mins ago,
P2,1018,1772296140000,1772296440000,1772296290000,2026-02-28 08:31:30,81.9600173526363,190.4108510904476,72.59053708954174,True,1.03904,1.0,0.002770083102493075,0.8972514850368595,362,ok,,other,300.0,other:300s:started brushing teeth 2 mins ago,
P2,1019,1772296170000,1772296470000,1772296320000,2026-02-28 08:32:00,84.20714730839128,186.51319513388083,68.34628785848298,True,1.0390933333333334,1.0,0.0,0.8993045427264869,341,ok,,other,300.0,other:300s:started brushing teeth 2 mins ago,
P2,1020,1772296200000,1772296500000,1772296350000,2026-02-28 08:32:30,82.40145629781065,161.70756772971137,64.3781127786877,True,1.0390933333333334,1.0,0.003115264797507788,0.9081643728158045,322,ok,,other,300.0,other:300s:started brushing teeth 2 mins ago,
P2,1021,1772296230000,1772296530000,1772296380000,2026-02-28 08:33:00,83.71010440172303,120.50877011895193,61.27163759333043,True,1.0390933333333334,1.0,0.0,0.9123231373446026,306,ok,,other,300.0,other:300s:started brushing teeth 2 mins ago,
P2,1022,1772296260000,1772296560000,1772296410000,2026-02-28 08:33:30,86.56252761120528,76.69658826438865,59.275873117590514,True,1.0390666666666666,1.0,0.0033783783783783786,0.9104734101437472,297,ok,,other,300.0,other:300s:started brushing teeth 2 mins ago,
P2,1023,1772296290000,1772296590000,1772296440000,2026-02-28 08:34:00,82.99076802146013,74.24211549842892,58.96431388803466,True,1.0390933333333334,1.0,0.003401360544217687,0.9100672794478342,295,ok,,other,300.0,other:300s:started brushing teeth 2 mins ago,
P2,1024,1772296320000,1772296620000,1772296470000,2026-02-28 08:34:30,80.00102040165564,72.78425194227613,59.11231339545136,True,1.03912,1.0,0.003389830508474576,0.9130608388623163,296,ok,,other,300.0,other:300s:started brushing teeth 2 mins ago,
P2,1025,1772296350000,1772296650000,1772296500000,2026-02-28 08:35:00,77.93892602850126,72.33208706919454,59.05708851890161,True,1.0390933333333334,1.0,0.003389830508474576,0.9146778631982392,296,ok,,other,300.0,other:300s:started brushing teeth 2 mins ago,
P2,1026,1772296380000,1772296680000,1772296530000,2026-02-28 08:35:30,77.35148156745463,72.09558652385144,59.063788892003366,True,1.0390933333333334,1.0,0.0,0.9164330502695999,296,ok,,other,300.0,other:300s:started brushing teeth 2 mins ago,
P2,1027,1772296410000,1772296710000,1772296560000,2026-02-28 08:36:00,78.03801914728764,73.08984469900999,59.61860153897625,True,1.03912,1.0,0.0,0.9155070067401068,298,ok,,other,300.0,other:300s:started brushing teeth 2 mins ago,
P2,1028,1772296440000,1772296740000,1772296590000,2026-02-28 08:36:30,73.04895038631543,70.07688958211796,59.50745518512314,True,1.03912,1.0,0.0,0.9143325617686333,297,ok,,other,300.0,other:300s:started brushing teeth 2 mins ago,
P2,1029,1772296470000,1772296770000,1772296620000,2026-02-28 08:37:00,74.63944654045721,69.05719991267154,59.96189712223002,True,1.0390933333333334,1.0,0.0,0.9134161880037311,300,ok,,other,300.0,other:300s:started brushing teeth 2 mins ago,
P2,1030,1772296500000,1772296800000,1772296650000,2026-02-28 08:37:30,77.7162319533706,70.29001746467237,59.980806142034545,True,1.03912,1.0,0.006666666666666667,0.9113623366665684,301,ok,,other,300.0,other:300s:started brushing teeth 2 mins ago,
P2,1031,1772296530000,1772296830000,1772296680000,2026-02-28 08:38:00,73.93395518792248,68.7763258773177,59.54489257192501,True,1.0391466666666667,1.0,0.003367003367003367,0.9119927112145492,298,ok,,other,300.0,other:300s:started brushing teeth 2 mins ago,
P2,1032,1772296560000,1772296860000,1772296710000,2026-02-28 08:38:30,72.5879011256732,66.88661925295169,59.42621579479218,True,1.0391466666666667,1.0,0.006756756756756757,0.9139276503427587,297,ok,,other,300.0,other:300s:started brushing teeth 2 mins ago,
P2,1033,1772296590000,1772296890000,1772296740000,2026-02-28 08:39:00,74.0345061988537,67.26397919721147,59.54966816599052,True,1.0391466666666667,1.0,0.003367003367003367,0.9165000933144938,298,ok,,other,300.0,other:300s:started brushing teeth 2 mins ago,
P2,1034,1772296620000,1772296920000,1772296770000,2026-02-28 08:39:30,74.68546289169626,68.62987487665376,59.26074728806749,True,1.0391466666666667,1.0,0.006779661016949152,0.916558090136136,296,ok,,other,300.0,other:300s:started brushing teeth 2 mins ago,
P2,1035,1772296650000,1772296950000,1772296800000,2026-02-28 08:40:00,77.9085078359247,74.88937390183038,59.18974044498954,True,1.0391466666666667,1.0,0.013513513513513514,0.9150063508601366,297,ok,,other,300.0,other:300s:started brushing teeth 2 mins ago,
P2,1036,1772296680000,1772296980000,1772296830000,2026-02-28 08:40:30,76.60535850957785,72.16198006089658,59.14470738406635,True,1.0391466666666667,1.0,0.013559322033898305,0.9140569480110834,296,ok,,other,300.0,other:300s:started brushing teeth 2 mins ago,
P2,1037,1772296710000,1772297010000,1772296860000,2026-02-28 08:41:00,78.42861479745527,69.61881884762056,58.87322631932572,True,1.0391733333333333,1.0,0.013559322033898305,0.9159972098426655,296,ok,,other,300.0,other:300s:started brushing teeth 2 mins ago,
P2,1038,1772296740000,1772297040000,1772296890000,2026-02-28 08:41:30,77.25150173652254,72.74862428788653,58.5512073272273,True,1.0391733333333333,1.0,0.010238907849829351,0.9169629174677375,294,ok,,other,300.0,other:300s:started brushing teeth 2 mins ago,
P2,1039,1772296770000,1772297070000,1772296920000,2026-02-28 08:42:00,76.27228899781045,73.34278408115212,58.33144017853563,True,1.0391733333333333,1.0,0.003436426116838488,0.9173941209119524,292,ok,,other,300.0,other:300s:started brushing teeth 2 mins ago,
P2,1040,1772296800000,1772297100000,1772296950000,2026-02-28 08:42:30,75.57459163200052,72.34099660668552,58.61413698043519,True,1.0391733333333333,1.0,0.00684931506849315,0.9144946748189716,293,ok,,other,300.0,other:300s:started brushing teeth 2 mins ago,
P2,1041,1772296830000,1772297130000,1772296980000,2026-02-28 08:43:00,76.09339052527922,73.69814377384839,59.04014730016411,True,1.0392,1.0,0.003389830508474576,0.9137303312396641,296,ok,,other,300.0,other:300s:started brushing teeth 2 mins ago,
P2,1042,1772296860000,1772297160000,1772297010000,2026-02-28 08:43:30,75.06609700070278,87.2899285286202,59.636558348114185,True,1.0391733333333333,1.0,0.003367003367003367,0.9128842860390065,298,ok,,other,300.0,other:300s:started brushing teeth 2 mins ago,
P2,1043,1772296890000,1772297190000,1772297040000,2026-02-28 08:44:00,75.9764729195758,141.69438778600917,62.46246246246246,True,1.0391733333333333,1.0,0.00641025641025641,0.9096124579431772,313,ok,,other,300.0,other:300s:started brushing teeth 2 mins ago,
P2,1044,1772296920000,1772297220000,1772297070000,2026-02-28 08:44:30,74.80123404987792,162.70625106007907,65.33284344834497,True,1.0392,1.0,0.003067484662576687,0.9109807734212962,327,ok,,other,300.0,other:300s:started brushing teeth 2 mins ago,
P2,1045,1772296950000,1772297250000,1772297100000,2026-02-28 08:45:00,72.92117997828876,163.16429398218997,66.83666621929943,True,1.0392,1.0,0.0030120481927710845,0.911213208016288,333,ok,,other,300.0,other:300s:started brushing teeth 2 mins ago,
P2,1046,1772296980000,1772297280000,1772297130000,2026-02-28 08:45:30,71.85628421645075,165.56271115372047,69.1230390094368,True,1.0391733333333333,1.0,0.005797101449275362,0.9080863396651278,346,ok,,other,300.0,other:300s:started brushing teeth 2 mins ago,
P2,1047,1772297010000,1772297310000,1772297160000,2026-02-28 08:46:00,72.48374271342836,162.2407780873195,71.43334893987024,True,1.0391466666666667,1.0,0.0028089887640449437,0.9123825541105675,357,ok,,other,300.0,other:300s:started brushing teeth 2 mins ago,
P2,1048,1772297040000,1772297340000,1772297190000,2026-02-28 08:46:30,72.39578144664728,148.420412290663,72.76736493936053,True,1.0391733333333333,1.0,0.0027548209366391185,0.9121507410424163,364,ok,,other,300.0,other:300s:started brushing teeth 2 mins ago,
P2,1050,1772297100000,1772297400000,1772297250000,2026-02-28 08:47:30,73.20701987899002,136.05088749007703,73.50781145680331,True,1.0391466666666667,1.0,0.005449591280653951,0.9148622493367747,368,ok,,other,300.0,other:300s:started brushing teeth 2 mins ago,
P2,1051,1772297130000,1772297430000,1772297280000,2026-02-28 08:48:00,77.30466343637354,138.81335987043445,73.4086414373345,True,1.03912,1.0,0.0027397260273972603,0.9166153289561323,366,ok,,other,300.0,other:300s:started brushing teeth 2 mins ago,
P2,1052,1772297160000,1772297460000,1772297310000,2026-02-28 08:48:30,73.69846004970952,134.1461429328003,73.45464276157345,True,1.0391466666666667,1.0,0.00273224043715847,0.9186934057785552,367,ok,,other,300.0,other:300s:started brushing teeth 2 mins ago,
P2,1053,1772297190000,1772297490000,1772297340000,2026-02-28 08:49:00,72.19316810562313,129.60935218845586,71.38035436202138,True,1.03912,1.0,0.008426966292134831,0.919654263180123,357,ok,,other,300.0,other:300s:started brushing teeth 2 mins ago,
P2,1054,1772297220000,1772297520000,1772297370000,2026-02-28 08:49:30,73.70265050622434,117.68014481136937,69.75672009781977,True,1.0390666666666666,1.0,0.0028735632183908046,0.9199542179911482,349,ok,,other,300.0,other:300s:started brushing teeth 2 mins ago,
P2,1055,1772297250000,1772297550000,1772297400000,2026-02-28 08:50:00,77.1231301749171,123.74101740112043,70.43803653973146,True,1.03912,1.0,0.002840909090909091,0.9181637089344553,353,ok,,other,300.0,other:300s:started brushing teeth 2 mins ago,
P2,1056,1772297280000,1772297580000,1772297430000,2026-02-28 08:50:30,77.6273147803014,119.55897639746378,69.12442396313364,True,1.03912,1.0,0.0,0.9180185722971267,346,ok,,other,300.0,other:300s:started brushing teeth 2 mins ago,
P2,1202,1772301660000,1772301960000,1772301810000,2026-02-28 10:03:30,60.87819557224571,76.20414251314855,72.99074378171143,True,1.0374933333333334,1.0,0.0027548209366391185,0.9260338117702916,364,ok,,other,300.0,other:300s:started brushing teeth 2 mins ago,
P2,1203,1772301690000,1772301990000,1772301840000,2026-02-28 10:04:00,61.26313141456476,76.04513754247145,72.71537506176466,True,1.0376,1.0,0.0027548209366391185,0.9275704699392501,364,ok,,other,300.0,other:300s:started brushing teeth 2 mins ago,
P2,1204,1772301720000,1772302020000,1772301870000,2026-02-28 10:04:30,64.24398914174827,57.18856320414638,71.2831636909728,True,1.03768,1.0,0.0028089887640449437,0.9302985186904948,357,ok,,other,300.0,other:300s:started brushing teeth 2 mins ago,
P2,1205,1772301750000,1772302050000,1772301900000,2026-02-28 10:05:00,63.49928417635187,60.42108282337646,70.90251740760579,True,1.0377066666666668,1.0,0.0028328611898017,0.9323131434887628,354,ok,,other,300.0,other:300s:started brushing teeth 2 mins ago,
P2,1206,1772301780000,1772302080000,1772301930000,2026-02-28 10:05:30,62.86177115487021,59.9813715823876,70.78877005347594,True,1.0378133333333333,1.0,0.0,0.9338115151762154,354,ok,,other,300.0,other:300s:started brushing teeth 2 mins ago,
P2,1207,1772301810000,1772302110000,1772301960000,2026-02-28 10:06:00,61.79529990953269,59.846827835376956,70.80533547287133,True,1.0378666666666667,1.0,0.0028328611898017,0.9364663643437239,354,ok,,other,300.0,other:300s:started brushing teeth 2 mins ago,
P2,1208,1772301840000,1772302140000,1772301990000,2026-02-28 10:06:30,60.97366616512448,56.860249793237145,70.09579759003972,True,1.03792,1.0,0.002857142857142857,0.943282782114261,351,ok,,other,300.0,other:300s:started brushing teeth 2 mins ago,
P2,1209,1772301870000,1772302170000,1772302020000,2026-02-28 10:07:00,61.735472553699395,58.77808655871216,70.33034557379678,True,1.0379733333333334,1.0,0.002849002849002849,0.9367615739280792,352,ok,,other,300.0,other:300s:started brushing teeth 2 mins ago,
P2,1210,1772301900000,1772302200000,1772302050000,2026-02-28 10:07:30,61.63252535648837,62.358036040024494,70.70464287144975,True,1.038,1.0,0.0,0.9369256987787647,354,ok,,other,300.0,other:300s:started brushing teeth 2 mins ago,
P2,1211,1772301930000,1772302230000,1772302080000,2026-02-28 10:08:00,58.83489997055705,62.102276117257695,70.70369875817866,True,1.0380533333333333,1.0,0.0,0.9357173342534401,354,ok,,other,300.0,other:300s:started brushing teeth 2 mins ago,
P2,1212,1772301960000,1772302260000,1772302110000,2026-02-28 10:08:30,61.880899430161115,64.13301094758528,70.43007156711926,True,1.0380533333333333,1.0,0.0,0.9356671202054218,352,ok,,other,300.0,other:300s:started brushing teeth 2 mins ago,
P2,1213,1772301990000,1772302290000,1772302140000,2026-02-28 10:09:00,60.61400392041733,61.956295492317096,70.13759562695105,True,1.0381333333333334,1.0,0.0,0.936041881632046,350,ok,,other,300.0,other:300s:started brushing teeth 2 mins ago,
P2,1214,1772302020000,1772302320000,1772302170000,2026-02-28 10:09:30,64.0827724056763,69.37531945031606,70.16043352465972,True,1.03816,1.0,0.0,0.9326389989998092,351,ok,,other,300.0,other:300s:started brushing teeth 2 mins ago,
P2,1215,1772302050000,1772302350000,1772302200000,2026-02-28 10:10:00,65.81924422737491,75.61703711004418,69.6850157191774,True,1.0381866666666666,1.0,0.0028735632183908046,0.9322233293904063,349,ok,,other,300.0,other:300s:started brushing teeth 2 mins ago,
P2,1216,1772302080000,1772302380000,1772302230000,2026-02-28 10:10:30,67.76227929848947,81.53810643550536,70.52930372349307,True,1.03824,1.0,0.0,0.9319354199895309,353,ok,,other,300.0,other:300s:started brushing teeth 2 mins ago,
P2,1218,1772302140000,1772302440000,1772302290000,2026-02-28 10:11:30,67.47365571003273,98.29837619498484,73.04836443909291,True,1.0382666666666667,1.0,0.0,0.9220653710700046,365,ok,,other,300.0,other:300s:started brushing teeth 2 mins ago,
P2,1219,1772302170000,1772302470000,1772302320000,2026-02-28 10:12:00,67.61550672228447,98.99627699238879,72.96782599979954,True,1.0382933333333333,1.0,0.0,0.922816605653846,365,ok,,other,300.0,other:300s:started brushing teeth 2 mins ago,
P2,1220,1772302200000,1772302500000,1772302350000,2026-02-28 10:12:30,67.6072536103985,127.90260722895167,76.01436049660042,True,1.03832,1.0,0.005277044854881266,0.900360857193351,380,ok,,other,300.0,other:300s:started brushing teeth 2 mins ago,
P2,1221,1772302230000,1772302530000,1772302380000,2026-02-28 10:13:00,68.73242569168801,170.6014433109951,82.40876888116563,True,1.0383466666666668,1.0,0.004866180048661801,0.8736978086898295,412,ok,,other,300.0,other:300s:started brushing teeth 2 mins ago,
P2,1222,1772302260000,1772302560000,1772302410000,2026-02-28 10:13:30,66.54308425960033,190.10725860835538,89.7398147652444,True,1.0383733333333334,1.0,0.0044742729306487695,0.8472851860351706,448,ok,,other,300.0,other:300s:started brushing teeth 2 mins ago,
P2,1223,1772302290000,1772302590000,1772302440000,2026-02-28 10:14:00,66.26334790606467,195.94690642359484,97.56651351640133,True,1.03832,1.0,0.006160164271047228,0.6551768835135805,488,ok,,other,300.0,other:300s:started brushing teeth 2 mins ago,
P2,1224,1772302320000,1772302620000,1772302470000,2026-02-28 10:14:30,64.79318473236908,189.3357095295029,105.12307826052067,True,1.0383466666666668,1.0,0.007633587786259542,0.5398405655428169,525,ok,,other,300.0,other:300s:started brushing teeth 2 mins ago,
P2,1225,1772302350000,1772302650000,1772302500000,2026-02-28 10:15:00,64.63608374240174,164.2521370020989,113.60600555674289,True,1.0383466666666668,1.0,0.010582010582010581,0.4573864674612852,568,ok,,other,300.0,other:300s:started brushing teeth 2 mins ago,
P2,1226,1772302380000,1772302680000,1772302530000,2026-02-28 10:15:30,60.339815489719,148.53902942065858,120.336381232063,True,1.0382933333333333,1.0,0.009983361064891847,0.41138151786910326,602,ok,,other,300.0,other:300s:started brushing teeth 2 mins ago,
P2,1227,1772302410000,1772302710000,1772302560000,2026-02-28 10:16:00,60.56745876798344,131.3811272331,127.2291864556437,True,1.0382933333333333,1.0,0.00946372239747634,0.3992914544790096,635,ok,,other,300.0,other:300s:started brushing teeth 2 mins ago,
P2,1228,1772302440000,1772302740000,1772302590000,2026-02-28 10:16:30,60.6909244108794,112.40744594024488,134.1464230967474,True,1.0382666666666667,1.0,0.010479041916167664,0.4383833940758085,669,ok,,other,300.0,other:300s:started brushing teeth 2 mins ago,
P2,1229,1772302470000,1772302770000,1772302620000,2026-02-28 10:17:00,59.41988661598996,62.33776491190538,142.2747981776037,True,1.0382133333333334,1.0,0.012640449438202247,0.47173793591696234,713,ok,,other,300.0,other:300s:started brushing teeth 2 mins ago,
P2,1230,1772302500000,1772302800000,1772302650000,2026-02-28 10:17:30,59.14497350710762,39.7981583030955,147.3375150140131,True,1.0381866666666666,1.0,0.010869565217391304,0.47145163169581406,737,ok,,other,300.0,other:300s:started brushing teeth 2 mins ago,
P2,1231,1772302530000,1772302830000,1772302680000,2026-02-28 10:18:00,58.461992367173835,37.47966234246953,149.97894680559546,True,1.03816,1.0,0.012032085561497326,0.47056093997309756,749,ok,,other,300.0,other:300s:started brushing teeth 2 mins ago,
P2,1244,1772302920000,1772303220000,1772303070000,2026-02-28 10:24:30,58.117092025859044,82.43315189417142,133.41536650772738,True,1.038,1.0,0.006015037593984963,0.6906146005873592,666,ok,,other,300.0,other:300s:started brushing teeth 2 mins ago,
P2,1245,1772302950000,1772303250000,1772303100000,2026-02-28 10:25:00,57.781728426074366,92.02068761863796,126.41717668305408,True,1.03808,1.0,0.0031746031746031746,0.7627544243918118,631,ok,,other,300.0,other:300s:started brushing teeth 2 mins ago,
P2,1246,1772302980000,1772303280000,1772303130000,2026-02-28 10:25:30,58.527263185744474,99.07420106168657,119.87571414252781,True,1.03808,1.0,0.0016722408026755853,0.834797593991737,599,ok,,other,300.0,other:300s:started brushing teeth 2 mins ago,
P2,1247,1772303010000,1772303310000,1772303160000,2026-02-28 10:26:00,59.0038735408076,98.88465649714736,114.57338772675985,True,1.0381066666666667,1.0,0.0017482517482517483,0.8845375004012174,573,ok,,other,300.0,other:300s:started brushing teeth 2 mins ago,
P2,1248,1772303040000,1772303340000,1772303190000,2026-02-28 10:26:30,58.995816987464025,96.96069174424517,109.67158782765894,True,1.0381066666666667,1.0,0.003663003663003663,0.9162832047836243,547,ok,,other,300.0,other:300s:started brushing teeth 2 mins ago,
P2,1249,1772303070000,1772303370000,1772303220000,2026-02-28 10:27:00,59.74060821375623,88.85203985232792,104.2627421101175,True,1.0381866666666666,1.0,0.0038461538461538464,0.927293150774316,521,ok,,other,300.0,other:300s:started brushing teeth 2 mins ago,
P2,1250,1772303100000,1772303400000,1772303250000,2026-02-28 10:27:30,61.48059412379862,79.1664590010107,100.14382713984679,True,1.0382133333333334,1.0,0.002004008016032064,0.9353987215880457,500,ok,,other,300.0,other:300s:started brushing teeth 2 mins ago,
P2,1251,1772303130000,1772303430000,1772303280000,2026-02-28 10:28:00,62.717842124384504,79.1066128431086,97.8805910276125,True,1.03824,1.0,0.004098360655737705,0.9346488083245377,489,ok,,other,300.0,other:300s:started brushing teeth 2 mins ago,
P2,1252,1772303160000,1772303460000,1772303310000,2026-02-28 10:28:30,64.3637716106571,71.35115910381215,94.26267866454519,True,1.0382933333333333,1.0,0.002127659574468085,0.935950685058629,471,ok,,other,300.0,other:300s:started brushing teeth 2 mins ago,
P2,1253,1772303190000,1772303490000,1772303340000,2026-02-28 10:29:00,65.60299352454808,48.70502419364927,91.08844674803545,True,1.03832,1.0,0.0022026431718061676,0.9300748243540816,455,ok,,other,300.0,other:300s:started brushing teeth 2 mins ago,
P2,1254,1772303220000,1772303520000,1772303370000,2026-02-28 10:29:30,67.36316170991053,48.94512204160797,90.40975062144175,True,1.0383733333333334,1.0,0.0022172949002217295,0.9329250215276705,452,ok,,other,300.0,other:300s:started brushing teeth 2 mins ago,
P2,1255,1772303250000,1772303550000,1772303400000,2026-02-28 10:30:00,68.73785607031148,49.624912694239704,89.89888877765542,True,1.0383733333333334,1.0,0.004454342984409799,0.9284586989228327,450,ok,,other,300.0,other:300s:started brushing teeth 2 mins ago,
P2,1256,1772303280000,1772303580000,1772303430000,2026-02-28 10:30:30,68.40795169810652,52.18033209877357,89.10891089108911,True,1.0384266666666666,1.0,0.0045045045045045045,0.9299075834002098,445,ok,,other,300.0,other:300s:started brushing teeth 2 mins ago,
P2,1257,1772303310000,1772303610000,1772303460000,2026-02-28 10:31:00,66.15472385691346,48.81319742542227,88.16500311288736,True,1.0384533333333332,1.0,0.004555808656036446,0.9283478329149686,440,ok,,other,300.0,other:300s:started brushing teeth 2 mins ago,
P2,1258,1772303340000,1772303640000,1772303490000,2026-02-28 10:31:30,65.33821675564263,46.16345431288011,87.50208576672784,True,1.0385066666666667,1.0,0.002288329519450801,0.9276549766471971,438,ok,,other,300.0,other:300s:started brushing teeth 2 mins ago,
P2,1259,1772303370000,1772303670000,1772303520000,2026-02-28 10:32:00,62.92553526594547,45.188336592518375,87.38350536125866,True,1.0385066666666667,1.0,0.0022935779816513763,0.9260969040049736,437,ok,,other,300.0,other:300s:started brushing teeth 2 mins ago,
P2,1260,1772303400000,1772303700000,1772303550000,2026-02-28 10:32:30,64.15598739991101,46.061762900987524,86.57314629258518,True,1.0385333333333333,1.0,0.0,0.9249056364436855,433,ok,,other,300.0,other:300s:started brushing teeth 2 mins ago,
P2,1261,1772303430000,1772303730000,1772303580000,2026-02-28 10:33:00,61.33342667066855,45.448773312868035,85.98694123556002,True,1.03856,1.0,0.002336448598130841,0.9235680365383713,429,ok,,other,300.0,other:300s:started brushing teeth 2 mins ago,
P2,1262,1772303460000,1772303760000,1772303610000,2026-02-28 10:33:30,64.87631900894102,47.24962917711482,85.8719277712757,True,1.0385333333333333,1.0,0.0,0.9238900553577996,429,ok,,other,300.0,other:300s:started brushing teeth 2 mins ago,
P2,1263,1772303490000,1772303790000,1772303640000,2026-02-28 10:34:00,65.34848527932294,47.35011400553755,85.21303258145363,True,1.0385866666666668,1.0,0.002352941176470588,0.9218229055379954,426,ok,,other,300.0,other:300s:started brushing teeth 2 mins ago,
P2,1264,1772303520000,1772303820000,1772303670000,2026-02-28 10:34:30,65.5439509122516,48.815903390350265,84.58043826830573,True,1.0386133333333334,1.0,0.0,0.9220709667995449,423,ok,,other,300.0,other:300s:started brushing teeth 2 mins ago,
P2,1265,1772303550000,1772303850000,1772303700000,2026-02-28 10:35:00,65.76942469628561,49.3645627592443,83.95391551177158,True,1.0385866666666668,1.0,0.0,0.9179419007370474,420,ok,,other,300.0,other:300s:started brushing teeth 2 mins ago,
P2,1266,1772303580000,1772303880000,1772303730000,2026-02-28 10:35:30,64.23794197706245,50.758927224560146,83.74627683019675,True,1.0385866666666668,1.0,0.0,0.9226850123950443,419,ok,,other,300.0,other:300s:started brushing teeth 2 mins ago,
P2,1267,1772303610000,1772303910000,1772303760000,2026-02-28 10:36:00,65.3283789899097,51.23916901795599,83.15633390774656,True,1.0386133333333334,1.0,0.0024096385542168677,0.9231247186679569,416,ok,,other,300.0,other:300s:started brushing teeth 2 mins ago,
P2,1268,1772303640000,1772303940000,1772303790000,2026-02-28 10:36:30,64.76767389298858,50.0880162172321,82.59106065364543,True,1.0386133333333334,1.0,0.0,0.9237292235815557,413,ok,,other,300.0,other:300s:started brushing teeth 2 mins ago,
P2,1269,1772303670000,1772303970000,1772303820000,2026-02-28 10:37:00,64.68135172995144,47.27847294924937,82.15445036668937,True,1.0386133333333334,1.0,0.0024390243902439024,0.9230146675042095,411,ok,,other,300.0,other:300s:started brushing teeth 2 mins ago,
P2,1270,1772303700000,1772304000000,1772303850000,2026-02-28 10:37:30,63.424727657526226,47.1229006377379,81.96392785571142,True,1.03864,1.0,0.0,0.9223888447869945,410,ok,,other,300.0,other:300s:started brushing teeth 2 mins ago,
P2,1271,1772303730000,1772304030000,1772303880000,2026-02-28 10:38:00,63.384834581325215,47.72236914692167,82.04613841524575,True,1.03864,1.0,0.0,0.9231058627035665,410,ok,,other,300.0,other:300s:started brushing teeth 2 mins ago,
P2,1272,1772303760000,1772304060000,1772303910000,2026-02-28 10:38:30,62.63401318647191,48.704547428527164,82.14665890056037,True,1.0386666666666666,1.0,0.0,0.9262747583572403,410,ok,,other,300.0,other:300s:started brushing teeth 2 mins ago,
P2,1273,1772303790000,1772304090000,1772303940000,2026-02-28 10:39:00,62.60685730738359,48.576575897471756,82.2121072366706,True,1.03864,1.0,0.0024390243902439024,0.9211908510178571,411,ok,,other,300.0,other:300s:started brushing teeth 2 mins ago,
P2,1274,1772303820000,1772304120000,1772303970000,2026-02-28 10:39:30,62.486259990907854,51.77181997735042,83.0047450377598,True,1.0386666666666666,1.0,0.0,0.917276144129542,415,ok,,other,300.0,other:300s:started brushing teeth 2 mins ago,
P2,1275,1772303850000,1772304150000,1772304000000,2026-02-28 10:40:00,61.32548693424148,52.093389464404225,83.70770391236724,True,1.0386933333333332,1.0,0.0023923444976076554,0.91318152412529,419,ok,,other,300.0,other:300s:started brushing teeth 2 mins ago,
P2,1276,1772303880000,1772304180000,1772304030000,2026-02-28 10:40:30,62.52858858349437,77.15089555426967,82.45340680357633,True,1.0386666666666666,1.0,0.0024330900243309003,0.9106857515642274,412,ok,,other,300.0,other:300s:started brushing teeth 2 mins ago,
P2,1277,1772303910000,1772304210000,1772304060000,2026-02-28 10:41:00,61.83033471737102,80.8167841112855,83.01507537688443,True,1.0386933333333332,1.0,0.0,0.9118988698456734,414,ok,,other,300.0,other:300s:started brushing teeth 2 mins ago,
P2,1278,1772303940000,1772304240000,1772304090000,2026-02-28 10:41:30,64.89542401736936,83.92191528592983,82.70324523251924,True,1.0386933333333332,1.0,0.0,0.9123010940267431,413,ok,,other,300.0,other:300s:started brushing teeth 2 mins ago,
P2,1279,1772303970000,1772304270000,1772304120000,2026-02-28 10:42:00,65.13030173720648,84.6678821799435,82.74200026777346,True,1.0386933333333332,1.0,0.0,0.9116100758782942,413,ok,,other,300.0,other:300s:started brushing teeth 2 mins ago,
P2,1280,1772304000000,1772304300000,1772304150000,2026-02-28 10:42:30,64.3069330827717,84.7927226166386,83.26144092450293,True,1.0386666666666666,1.0,0.0024096385542168677,0.9070793282012393,416,ok,,other,300.0,other:300s:started brushing teeth 2 mins ago,
P2,1281,1772304030000,1772304330000,1772304180000,2026-02-28 10:43:00,63.2981346182796,85.27974491100645,83.62578963200642,True,1.03872,1.0,0.0,0.9061089508785526,418,ok,,other,300.0,other:300s:started brushing teeth 2 mins ago,
P2,1282,1772304060000,1772304360000,1772304210000,2026-02-28 10:43:30,61.92319517142719,85.70106387397173,84.1852074564041,True,1.03872,1.0,0.0,0.9003613902478701,421,ok,,other,300.0,other:300s:started brushing teeth 2 mins ago,
P2,1284,1772304120000,1772304420000,1772304270000,2026-02-28 10:44:30,63.7058366895733,125.78223546806134,90.88781140277545,True,1.0386666666666666,1.0,0.002207505518763797,0.8323353160416285,454,ok,,other,300.0,other:300s:started brushing teeth 2 mins ago,
P2,1285,1772304150000,1772304450000,1772304300000,2026-02-28 10:45:00,64.3789773114273,144.9859389516408,95.95672932456345,True,1.0386933333333332,1.0,0.0020876826722338203,0.7710802624398794,480,ok,,other,300.0,other:300s:started brushing teeth 2 mins ago,
P2,1286,1772304180000,1772304480000,1772304330000,2026-02-28 10:45:30,63.45457870787732,135.81729916575125,103.90826117481863,True,1.0386933333333332,1.0,0.005791505791505791,0.7034210693978971,519,ok,,other,300.0,other:300s:started brushing teeth 2 mins ago,
P2,1287,1772304210000,1772304510000,1772304360000,2026-02-28 10:46:00,62.84653747603978,139.97548563274364,110.33166245052428,True,1.03864,1.0,0.010889292196007259,0.6280696008560632,552,ok,,other,300.0,other:300s:started brushing teeth 2 mins ago,
P2,1288,1772304240000,1772304540000,1772304390000,2026-02-28 10:46:30,64.06305654334028,128.33624613260986,117.29853076584331,True,1.03864,1.0,0.010238907849829351,0.5785129343617249,587,ok,,other,300.0,other:300s:started brushing teeth 2 mins ago,
P2,1289,1772304270000,1772304570000,1772304420000,2026-02-28 10:47:00,64.32996312640134,116.56975832639249,123.76138323905805,True,1.0386133333333334,1.0,0.009724473257698542,0.5554379950675545,618,ok,,other,300.0,other:300s:started brushing teeth 2 mins ago,
P2,1290,1772304300000,1772304600000,1772304450000,2026-02-28 10:47:30,64.60197957547084,101.25842219457492,130.12135288723485,True,1.03856,1.0,0.010802469135802469,0.5449735844056682,649,ok,,other,300.0,other:300s:started brushing teeth 2 mins ago,
P2,1291,1772304330000,1772304630000,1772304480000,2026-02-28 10:48:00,66.44144848433217,81.4782996154354,136.35633384207566,True,1.0385066666666667,1.0,0.011782032400589101,0.5468343680334093,680,ok,,other,300.0,other:300s:started brushing teeth 2 mins ago,
P2,1293,1772304390000,1772304690000,1772304540000,2026-02-28 10:49:00,64.51933137994439,46.508396207890215,145.25027585515096,True,1.0384266666666666,1.0,0.013812154696132596,0.5512199115794504,725,ok,,other,300.0,other:300s:started brushing teeth 2 mins ago,
P2,1294,1772304420000,1772304720000,1772304570000,2026-02-28 10:49:30,62.06780102532424,38.45546800471408,148.1852817325045,True,1.0384,1.0,0.012178619756427604,0.555189938454711,740,ok,,other,300.0,other:300s:started brushing teeth 2 mins ago,
P2,1295,1772304450000,1772304750000,1772304600000,2026-02-28 10:50:00,61.90167566120024,36.887023562930224,149.47403573217565,True,1.03832,1.0,0.0160857908847185,0.5516190056551471,747,ok,,other,300.0,other:300s:started brushing teeth 2 mins ago,
P2,1296,1772304480000,1772304780000,1772304630000,2026-02-28 10:50:30,61.39685901728813,36.59404631848048,150.0702200227379,True,1.0382933333333333,1.0,0.016042780748663103,0.5590728252929087,749,ok,,other,300.0,other:300s:started brushing teeth 2 mins ago,
P2,1297,1772304510000,1772304810000,1772304660000,2026-02-28 10:51:00,60.66636223396301,36.24936059042287,149.60246199857139,True,1.0382666666666667,1.0,0.013386880856760375,0.5682206007620227,748,ok,,other,300.0,other:300s:started brushing teeth 2 mins ago,
P2,1298,1772304540000,1772304840000,1772304690000,2026-02-28 10:51:30,58.81557407423133,34.984103329540474,150.20180857970936,True,1.0381866666666666,1.0,0.016042780748663103,0.5720735900487758,749,ok,,other,300.0,other:300s:started brushing teeth 2 mins ago,
P2,1299,1772304570000,1772304870000,1772304720000,2026-02-28 10:52:00,56.20879443137498,33.90359683071451,150.39001142964085,True,1.0381866666666666,1.0,0.014666666666666666,0.5792956783446936,751,ok,,other,300.0,other:300s:started brushing teeth 2 mins ago,
P2,1300,1772304600000,1772304900000,1772304750000,2026-02-28 10:52:30,57.156406991573725,34.172310822152504,150.84347983070225,True,1.03816,1.0,0.014627659574468085,0.5794476929480032,753,ok,,other,300.0,other:300s:started brushing teeth 2 mins ago,
