participant,window_idx,t0_ms,t1_ms,center_ms,center_time,ecg_rmssd_ms,ecg_sdnn_ms,ecg_hr_bpm,ecg_label_qc_pass,ecg_valid_sample_ratio,ecg_valid_ibi_ratio,ecg_ibi_correction_ratio,ecg_qrs_sqi,ecg_peak_count,ecg_label_qc_reason,accel_motion_mean_mag,activity_category,activity_overlap_sec,activity_raw,activity_point_events
P2,557,1772109510000,1772109810000,1772109660000,2026-02-26 04:41:00,63.60262448540662,82.99994158649042,73.93403401629821,True,1.03856,1.0,0.0,0.9305308253842433,370,ok,,sleep,300.0,sleep:300s:start sleeping -> stop sleeping,
P2,558,1772109540000,1772109840000,1772109690000,2026-02-26 04:41:30,61.96096373415543,78.01242325980934,74.68392240589952,True,1.0386133333333334,1.0,0.0,0.9328535010089434,373,ok,,sleep,300.0,sleep:300s:start sleeping -> stop sleeping,
P2,559,1772109570000,1772109870000,1772109720000,2026-02-26 04:42:00,63.12029717493968,77.64396622259162,75.06261910781967,True,1.03864,1.0,0.0,0.9340212550375341,375,ok,,sleep,300.0,sleep:300s:start sleeping -> stop sleeping,
P2,560,1772109600000,1772109900000,1772109750000,2026-02-26 04:42:30,65.09204756179427,72.95284333377913,76.15719606343639,True,1.0386933333333332,1.0,0.0,0.932737269719155,381,ok,,sleep,300.0,sleep:300s:start sleeping -> stop sleeping,
P2,561,1772109630000,1772109930000,1772109780000,2026-02-26 04:43:00,65.38129155551805,67.64910316576636,76.41273821208767,True,1.0386933333333332,1.0,0.0,0.9361859193936142,382,ok,,sleep,300.0,sleep:300s:start sleeping -> stop sleeping,
P2,562,1772109660000,1772109960000,1772109810000,2026-02-26 04:43:30,65.42450426565406,66.75589641277728,77.1653005201027,True,1.0387466666666667,1.0,0.0,0.941518496575577,385,ok,,sleep,300.0,sleep:300s:start sleeping -> stop sleeping,
P2,563,1772109690000,1772109990000,1772109840000,2026-02-26 04:44:00,67.5248072557846,68.36595224033603,76.95614273267664,True,1.0387733333333333,1.0,0.0,0.9411662542645769,384,ok,,sleep,300.0,sleep:300s:start sleeping -> stop sleeping,
P2,564,1772109720000,1772110020000,1772109870000,2026-02-26 04:44:30,69.27272081298503,69.09023982848719,77.01953129977426,True,1.0387733333333333,1.0,0.0,0.9390835031519922,385,ok,,sleep,300.0,sleep:300s:start sleeping -> stop sleeping,
P2,565,1772109750000,1772110050000,1772109900000,2026-02-26 04:45:00,68.72886326195528,71.48557100709432,76.40760653739511,True,1.0388,1.0,0.0,0.9399968370441811,381,ok,,sleep,300.0,sleep:300s:start sleeping -> stop sleeping,
P2,566,1772109780000,1772110080000,1772109930000,2026-02-26 04:45:30,69.9897952866927,71.70338930134926,76.67677244787599,True,1.0388266666666666,1.0,0.002617801047120419,0.9382198464266898,383,ok,,sleep,300.0,sleep:300s:start sleeping -> stop sleeping,
P2,567,1772109810000,1772110110000,1772109960000,2026-02-26 04:46:00,69.18356995405672,71.81124701691316,75.59488221170965,True,1.0388533333333334,1.0,0.0026455026455026454,0.9427782253820965,379,ok,,sleep,300.0,sleep:300s:start sleeping -> stop sleeping,
P2,568,1772109840000,1772110140000,1772109990000,2026-02-26 04:46:30,70.75974840161723,71.68737499835945,75.68570342916306,True,1.0388533333333334,1.0,0.0,0.9431200070300005,378,ok,,sleep,300.0,sleep:300s:start sleeping -> stop sleeping,
P2,569,1772109870000,1772110170000,1772110020000,2026-02-26 04:47:00,70.63630746431099,70.58492050947764,75.5040294739295,True,1.03888,1.0,0.002652519893899204,0.9414192912897584,378,ok,,sleep,300.0,sleep:300s:start sleeping -> stop sleeping,
P2,570,1772109900000,1772110200000,1772110050000,2026-02-26 04:47:30,69.44301991802014,70.43610127840863,74.78472575839902,True,1.03888,1.0,0.0,0.9426893578077752,374,ok,,sleep,300.0,sleep:300s:start sleeping -> stop sleeping,
P2,571,1772109930000,1772110230000,1772110080000,2026-02-26 04:48:00,72.96752029730686,70.57821065428357,74.29484231194533,True,1.0389066666666666,1.0,0.0,0.9377514125254199,372,ok,,sleep,300.0,sleep:300s:start sleeping -> stop sleeping,
P2,572,1772109960000,1772110260000,1772110110000,2026-02-26 04:48:30,71.59202601071303,63.175168514109686,73.36194339862854,True,1.0389066666666666,1.0,0.0,0.9419259669102211,366,ok,,sleep,300.0,sleep:300s:start sleeping -> stop sleeping,
P2,573,1772109990000,1772110290000,1772110140000,2026-02-26 04:49:00,70.88129524279582,73.29710513214903,74.19750139453845,True,1.0389066666666666,1.0,0.002702702702702703,0.9395312607553729,371,ok,,sleep,300.0,sleep:300s:start sleeping -> stop sleeping,
P2,574,1772110020000,1772110320000,1772110170000,2026-02-26 04:49:30,71.69476660063992,74.30254090755649,73.91428629593749,True,1.0389333333333333,1.0,0.0,0.9375447229669063,370,ok,,sleep,300.0,sleep:300s:start sleeping -> stop sleeping,
P2,575,1772110050000,1772110350000,1772110200000,2026-02-26 04:50:00,72.41563173718728,75.56285493942383,74.04792825936225,True,1.03896,1.0,0.0,0.9360284278009487,369,ok,,sleep,300.0,sleep:300s:start sleeping -> stop sleeping,
P2,576,1772110080000,1772110380000,1772110230000,2026-02-26 04:50:30,72.12658792424165,74.96356156875977,73.85118149684477,True,1.03896,1.0,0.0,0.9359173954958065,368,ok,,sleep,300.0,sleep:300s:start sleeping -> stop sleeping,
P2,577,1772110110000,1772110410000,1772110260000,2026-02-26 04:51:00,69.77608174070014,71.0696742717802,74.39150849159489,True,1.03896,1.0,0.005390835579514825,0.9355104775456808,372,ok,,sleep,300.0,sleep:300s:start sleeping -> stop sleeping,
P2,578,1772110140000,1772110440000,1772110290000,2026-02-26 04:51:30,68.30985546390116,70.54551831409573,74.56948652697893,True,1.03896,1.0,0.0,0.9394450367086672,373,ok,,sleep,300.0,sleep:300s:start sleeping -> stop sleeping,
P2,579,1772110170000,1772110470000,1772110320000,2026-02-26 04:52:00,65.99924999628585,69.0542906068637,74.7974477923904,True,1.0389866666666667,1.0,0.002680965147453083,0.9390132265569842,374,ok,,sleep,300.0,sleep:300s:start sleeping -> stop sleeping,
P2,580,1772110200000,1772110500000,1772110350000,2026-02-26 04:52:30,66.02370180377953,68.61412334011294,75.34537893317805,True,1.0389866666666667,1.0,0.0026595744680851063,0.9393412670413482,377,ok,,sleep,300.0,sleep:300s:start sleeping -> stop sleeping,
P2,581,1772110230000,1772110530000,1772110380000,2026-02-26 04:53:00,60.991349091005574,66.31568717206164,75.55371731991943,True,1.0389866666666667,1.0,0.0,0.941057671658595,377,ok,,sleep,300.0,sleep:300s:start sleeping -> stop sleeping,
P2,582,1772110260000,1772110560000,1772110410000,2026-02-26 04:53:30,59.67710357028831,64.25166870141646,75.26202724679422,True,1.0390133333333333,1.0,0.0,0.9430079995413527,376,ok,,sleep,300.0,sleep:300s:start sleeping -> stop sleeping,
P2,583,1772110290000,1772110590000,1772110440000,2026-02-26 04:54:00,57.76511903718535,53.75883966877262,74.20331708882338,True,1.0390133333333333,1.0,0.002702702702702703,0.9442476982362527,371,ok,,sleep,300.0,sleep:300s:start sleeping -> stop sleeping,
P2,584,1772110320000,1772110620000,1772110470000,2026-02-26 04:54:30,56.22524446250655,50.391067941666954,74.43975087543086,True,1.0390133333333333,1.0,0.005376344086021506,0.9454440316711247,373,ok,,sleep,300.0,sleep:300s:start sleeping -> stop sleeping,
P2,585,1772110350000,1772110650000,1772110500000,2026-02-26 04:55:00,57.265367437520275,48.29957063508529,74.37167467623479,True,1.0390133333333333,1.0,0.0026954177897574125,0.9486187561626139,372,ok,,sleep,300.0,sleep:300s:start sleeping -> stop sleeping,
P2,586,1772110380000,1772110680000,1772110530000,2026-02-26 04:55:30,52.695401666397494,51.278668962198374,73.35681493617585,True,1.0390133333333333,1.0,0.005449591280653951,0.9458573385158934,368,ok,,sleep,300.0,sleep:300s:start sleeping -> stop sleeping,
P2,587,1772110410000,1772110710000,1772110560000,2026-02-26 04:56:00,55.69288231758589,52.11604585012138,73.15529245990365,True,1.0390133333333333,1.0,0.00546448087431694,0.9467889991453662,367,ok,,sleep,300.0,sleep:300s:start sleeping -> stop sleeping,
P2,588,1772110440000,1772110740000,1772110590000,2026-02-26 04:56:30,54.58668869130222,51.4688361483218,72.70336000263656,True,1.03904,1.0,0.0027548209366391185,0.9488227595729287,364,ok,,sleep,300.0,sleep:300s:start sleeping -> stop sleeping,
P2,589,1772110470000,1772110770000,1772110620000,2026-02-26 04:57:00,59.04106235987525,55.38510700354285,72.61717380841317,True,1.0390133333333333,1.0,0.0027624309392265192,0.9460820209116935,363,ok,,sleep,300.0,sleep:300s:start sleeping -> stop sleeping,
P2,590,1772110500000,1772110800000,1772110650000,2026-02-26 04:57:30,59.85113144496261,52.86968494120679,71.8187839906981,True,1.03904,1.0,0.002793296089385475,0.9434887598006128,359,ok,,sleep,300.0,sleep:300s:start sleeping -> stop sleeping,
P2,591,1772110530000,1772110830000,1772110680000,2026-02-26 04:58:00,62.35115346810803,52.03104268707064,71.3430207422693,True,1.03904,1.0,0.0056022408963585435,0.9409793759822969,358,ok,,sleep,300.0,sleep:300s:start sleeping -> stop sleeping,
P2,592,1772110560000,1772110860000,1772110710000,2026-02-26 04:58:30,62.61108175007112,51.975260985376806,71.29277572365669,True,1.03904,1.0,0.005633802816901409,0.940114569249478,356,ok,,sleep,300.0,sleep:300s:start sleeping -> stop sleeping,
P2,593,1772110590000,1772110890000,1772110740000,2026-02-26 04:59:00,63.64537108933108,52.27988217972428,71.29011068830681,True,1.03904,1.0,0.0056179775280898875,0.9403897823338745,357,ok,,sleep,300.0,sleep:300s:start sleeping -> stop sleeping,
P2,594,1772110620000,1772110920000,1772110770000,2026-02-26 04:59:30,62.12038230828969,53.0675812926561,71.28633343931457,True,1.0390666666666666,1.0,0.0,0.9440249623794132,356,ok,,sleep,300.0,sleep:300s:start sleeping -> stop sleeping,
P2,595,1772110650000,1772110950000,1772110800000,2026-02-26 05:00:00,60.754595175536174,54.21052888469491,71.51695408218933,True,1.03904,1.0,0.0,0.9434079299625795,358,ok,,sleep,300.0,sleep:300s:start sleeping -> stop sleeping,
P2,596,1772110680000,1772110980000,1772110830000,2026-02-26 05:00:30,61.73415220835104,52.574243064468796,71.9265224716341,True,1.0390666666666666,1.0,0.0,0.943493039253676,359,ok,,sleep,300.0,sleep:300s:start sleeping -> stop sleeping,
P2,597,1772110710000,1772111010000,1772110860000,2026-02-26 05:01:00,62.643881029105515,52.99896757605447,71.6724268477867,True,1.0390666666666666,1.0,0.0028011204481792717,0.9404461076580266,358,ok,,sleep,300.0,sleep:300s:start sleeping -> stop sleeping,
P2,598,1772110740000,1772111040000,1772110890000,2026-02-26 05:01:30,64.01993461175033,52.87162980886366,71.70052075933594,True,1.0390666666666666,1.0,0.0,0.9403098025307013,358,ok,,sleep,300.0,sleep:300s:start sleeping -> stop sleeping,
P2,599,1772110770000,1772111070000,1772110920000,2026-02-26 05:02:00,61.27655207643063,50.56423653349812,71.16989370722894,True,1.0390933333333334,1.0,0.0,0.9436448050685333,355,ok,,sleep,300.0,sleep:300s:start sleeping -> stop sleeping,
P2,600,1772110800000,1772111100000,1772110950000,2026-02-26 05:02:30,62.46983571741497,50.749182769376155,71.08957152133023,True,1.0390933333333334,1.0,0.0,0.9438538577131407,355,ok,,sleep,300.0,sleep:300s:start sleeping -> stop sleeping,
P2,601,1772110830000,1772111130000,1772110980000,2026-02-26 05:03:00,62.21777096019855,54.00808573832312,70.64825796699729,True,1.0390933333333334,1.0,0.0,0.9450700128975065,353,ok,,sleep,300.0,sleep:300s:start sleeping -> stop sleeping,
P2,602,1772110860000,1772111160000,1772111010000,2026-02-26 05:03:30,64.22431544300636,54.49205045343958,70.55588147228313,True,1.0390933333333334,1.0,0.002840909090909091,0.9445358187650117,353,ok,,sleep,300.0,sleep:300s:start sleeping -> stop sleeping,
P2,603,1772110890000,1772111190000,1772111040000,2026-02-26 05:04:00,65.80141403835017,55.76440819934244,70.3451602529746,True,1.0390933333333334,1.0,0.002857142857142857,0.9453162612362925,351,ok,,sleep,300.0,sleep:300s:start sleeping -> stop sleeping,
P2,604,1772110920000,1772111220000,1772111070000,2026-02-26 05:04:30,69.38482999072828,54.49719245633794,69.89932695497987,True,1.0390933333333334,1.0,0.0028653295128939827,0.9425274697734374,350,ok,,sleep,300.0,sleep:300s:start sleeping -> stop sleeping,
P2,605,1772110950000,1772111250000,1772111100000,2026-02-26 05:05:00,71.38213704042764,51.42481027115801,69.3200855399807,True,1.03912,1.0,0.0,0.9418919272701316,347,ok,,sleep,300.0,sleep:300s:start sleeping -> stop sleeping,
P2,606,1772110980000,1772111280000,1772111130000,2026-02-26 05:05:30,70.696056331171,50.875318348937526,69.24932853740185,True,1.03912,1.0,0.002890173410404624,0.9412624679955695,347,ok,,sleep,300.0,sleep:300s:start sleeping -> stop sleeping,
P2,607,1772111010000,1772111310000,1772111160000,2026-02-26 05:06:00,69.92198176923594,51.52725807319452,69.50475516050183,True,1.03912,1.0,0.002890173410404624,0.9422101070107443,347,ok,,sleep,300.0,sleep:300s:start sleeping -> stop sleeping,
P2,608,1772111040000,1772111340000,1772111190000,2026-02-26 05:06:30,70.01392568493591,53.754443204070384,69.66456279932956,True,1.03912,1.0,0.0,0.9394947366596011,348,ok,,sleep,300.0,sleep:300s:start sleeping -> stop sleeping,
P2,609,1772111070000,1772111370000,1772111220000,2026-02-26 05:07:00,68.73482360149549,52.203957644288415,69.93116754854987,True,1.03912,1.0,0.0,0.9387298836551764,350,ok,,sleep,300.0,sleep:300s:start sleeping -> stop sleeping,
P2,610,1772111100000,1772111400000,1772111250000,2026-02-26 05:07:30,67.69003142349769,51.36157073584851,70.04333349845828,True,1.0391466666666667,1.0,0.002857142857142857,0.9386838608790663,351,ok,,sleep,300.0,sleep:300s:start sleeping -> stop sleeping,
P2,611,1772111130000,1772111430000,1772111280000,2026-02-26 05:08:00,69.01608656985363,50.4200454261897,70.28328569354686,True,1.03912,1.0,0.0,0.9370825415905499,352,ok,,sleep,300.0,sleep:300s:start sleeping -> stop sleeping,
P2,612,1772111160000,1772111460000,1772111310000,2026-02-26 05:08:30,66.83391071713274,50.14268862318743,70.02448847191116,True,1.03912,1.0,0.0,0.9377245000579126,349,ok,,sleep,300.0,sleep:300s:start sleeping -> stop sleeping,
P2,613,1772111190000,1772111490000,1772111340000,2026-02-26 05:09:00,65.05506360478901,50.67329093891216,70.0364655846861,True,1.0391466666666667,1.0,0.002857142857142857,0.9355363022006011,351,ok,,sleep,300.0,sleep:300s:start sleeping -> stop sleeping,
P2,614,1772111220000,1772111520000,1772111370000,2026-02-26 05:09:30,64.10792978624274,50.380344912272676,69.91734461003718,True,1.0391466666666667,1.0,0.0,0.9361584302020383,350,ok,,sleep,300.0,sleep:300s:start sleeping -> stop sleeping,
P2,615,1772111250000,1772111550000,1772111400000,2026-02-26 05:10:00,65.37318952853977,51.934248798785234,69.73547410943226,True,1.03912,1.0,0.0,0.9329525505718668,348,ok,,sleep,300.0,sleep:300s:start sleeping -> stop sleeping,
P2,616,1772111280000,1772111580000,1772111430000,2026-02-26 05:10:30,68.61717454831414,53.658673474413334,69.71000236103366,True,1.03912,1.0,0.0,0.9329123415940661,349,ok,,sleep,300.0,sleep:300s:start sleeping -> stop sleeping,
P2,617,1772111310000,1772111610000,1772111460000,2026-02-26 05:11:00,68.70199137035239,52.41792552046922,69.44372632055435,True,1.0391466666666667,1.0,0.005763688760806916,0.9322733684979327,348,ok,,sleep,300.0,sleep:300s:start sleeping -> stop sleeping,
P2,618,1772111340000,1772111640000,1772111490000,2026-02-26 05:11:30,69.53775727199145,48.6422913884293,69.04917542399798,True,1.0391466666666667,1.0,0.0,0.9354602678356663,345,ok,,sleep,300.0,sleep:300s:start sleeping -> stop sleeping,
P2,619,1772111370000,1772111670000,1772111520000,2026-02-26 05:12:00,70.77027370881679,49.39418242336614,68.93741524772713,True,1.0391466666666667,1.0,0.0,0.9361919173742296,345,ok,,sleep,300.0,sleep:300s:start sleeping -> stop sleeping,
P2,620,1772111400000,1772111700000,1772111550000,2026-02-26 05:12:30,69.71598236618215,48.344617884606514,68.96952707509958,True,1.03912,1.0,0.0029069767441860465,0.9343233780170622,345,ok,,sleep,300.0,sleep:300s:start sleeping -> stop sleeping,
P2,621,1772111430000,1772111730000,1772111580000,2026-02-26 05:13:00,69.64339466586945,48.291151695172616,68.94130667580802,True,1.0391466666666667,1.0,0.0029069767441860465,0.9343017179741563,345,ok,,sleep,300.0,sleep:300s:start sleeping -> stop sleeping,
P2,622,1772111460000,1772111760000,1772111610000,2026-02-26 05:13:30,68.57586754426893,47.96764005469139,69.27833068795542,True,1.0391466666666667,1.0,0.002890173410404624,0.9360720610113331,347,ok,,sleep,300.0,sleep:300s:start sleeping -> stop sleeping,
P2,623,1772111490000,1772111790000,1772111640000,2026-02-26 05:14:00,66.7659622858228,47.752818359577084,69.22599979145131,True,1.0391466666666667,1.0,0.0,0.9365437736844933,346,ok,,sleep,300.0,sleep:300s:start sleeping -> stop sleeping,
P2,624,1772111520000,1772111820000,1772111670000,2026-02-26 05:14:30,66.49373089321345,51.19694213394427,69.84062425349596,True,1.0391466666666667,1.0,0.0,0.9384030120069684,349,ok,,sleep,300.0,sleep:300s:start sleeping -> stop sleeping,
P2,625,1772111550000,1772111850000,1772111700000,2026-02-26 05:15:00,66.39363863704557,65.33020945800318,71.26480347289043,True,1.0391733333333333,1.0,0.0028089887640449437,0.9365323962908787,357,ok,,sleep,300.0,sleep:300s:start sleeping -> stop sleeping,
P2,626,1772111580000,1772111880000,1772111730000,2026-02-26 05:15:30,62.37094402433721,67.80476041851074,70.84815749117035,True,1.0391733333333333,1.0,0.0,0.9364485093864705,354,ok,,sleep,300.0,sleep:300s:start sleeping -> stop sleeping,
P2,627,1772111610000,1772111910000,1772111760000,2026-02-26 05:16:00,61.696474653775596,69.38028048564668,70.68942608503961,True,1.0391466666666667,1.0,0.002840909090909091,0.9326824030220684,353,ok,,sleep,300.0,sleep:300s:start sleeping -> stop sleeping,
P2,628,1772111640000,1772111940000,1772111790000,2026-02-26 05:16:30,61.805218918531956,73.78701490894402,70.04907113586755,True,1.0391466666666667,1.0,0.0,0.9335920500709003,350,ok,,sleep,300.0,sleep:300s:start sleeping -> stop sleeping,
P2,629,1772111670000,1772111970000,1772111820000,2026-02-26 05:17:00,62.495962727767704,77.09539858606922,69.57609711311754,True,1.0391466666666667,1.0,0.0,0.9312820629023565,348,ok,,sleep,300.0,sleep:300s:start sleeping -> stop sleeping,
P2,630,1772111700000,1772112000000,1772111850000,2026-02-26 05:17:30,62.489786963759805,78.96750272953564,69.05280232053454,True,1.0391733333333333,1.0,0.0,0.9297871764291684,345,ok,,sleep,300.0,sleep:300s:start sleeping -> stop sleeping,
P2,631,1772111730000,1772112030000,1772111880000,2026-02-26 05:18:00,61.78397927802299,81.08872921226165,69.25826926799913,True,1.0391733333333333,1.0,0.002890173410404624,0.9320215565482758,347,ok,,sleep,300.0,sleep:300s:start sleeping -> stop sleeping,
P2,632,1772111760000,1772112060000,1772111910000,2026-02-26 05:18:30,63.162761926124915,82.46600636157387,68.73366404296799,True,1.0391733333333333,1.0,0.0,0.9327475718240525,344,ok,,sleep,300.0,sleep:300s:start sleeping -> stop sleeping,
P2,633,1772111790000,1772112090000,1772111940000,2026-02-26 05:19:00,62.51381752806112,82.65696245713369,68.60035877001553,True,1.0391733333333333,1.0,0.0,0.9311229746613616,343,ok,,sleep,300.0,sleep:300s:start sleeping -> stop sleeping,
P2,634,1772111820000,1772112120000,1772111970000,2026-02-26 05:19:30,60.999739016177074,79.51877952305695,67.67274820431965,True,1.0391733333333333,1.0,0.005917159763313609,0.9317642936797093,339,ok,,sleep,300.0,sleep:300s:start sleeping -> stop sleeping,
P2,635,1772111850000,1772112150000,1772112000000,2026-02-26 05:20:00,59.649666280708715,54.15940777652451,66.06443391824945,True,1.0391733333333333,1.0,0.0,0.9344280031824185,330,ok,,sleep,300.0,sleep:300s:start sleeping -> stop sleeping,
P2,636,1772111880000,1772112180000,1772112030000,2026-02-26 05:20:30,57.91394772472203,52.135416418420725,66.07980238543598,True,1.0391733333333333,1.0,0.0030303030303030303,0.9330935506647895,331,ok,,sleep,300.0,sleep:300s:start sleeping -> stop sleeping,
P2,637,1772111910000,1772112210000,1772112060000,2026-02-26 05:21:00,61.57375508980375,54.71174875813,65.99836908727808,True,1.0392,1.0,0.0,0.9329268420789094,330,ok,,sleep,300.0,sleep:300s:start sleeping -> stop sleeping,
P2,638,1772111940000,1772112240000,1772112090000,2026-02-26 05:21:30,58.3830534327105,53.06310420095036,66.33059165802761,True,1.0392,1.0,0.0,0.9348072069086776,331,ok,,sleep,300.0,sleep:300s:start sleeping -> stop sleeping,
P2,639,1772111970000,1772112270000,1772112120000,2026-02-26 05:22:00,61.647123817363955,61.739445093961756,66.90277966896606,True,1.0392,1.0,0.0,0.9315614806302182,334,ok,,sleep,300.0,sleep:300s:start sleeping -> stop sleeping,
P2,640,1772112000000,1772112300000,1772112150000,2026-02-26 05:22:30,59.81873693126353,68.12451528173307,67.59155445432232,True,1.0392,1.0,0.0,0.9325853316060555,338,ok,,sleep,300.0,sleep:300s:start sleeping -> stop sleeping,
P2,641,1772112030000,1772112330000,1772112180000,2026-02-26 05:23:00,57.751459933516074,66.25068681542447,67.51104588106791,True,1.0392,1.0,0.0,0.9321069945617513,337,ok,,sleep,300.0,sleep:300s:start sleeping -> stop sleeping,
P2,643,1772112090000,1772112390000,1772112240000,2026-02-26 05:24:00,60.78517145415218,70.73159228845228,67.10607232072608,True,1.0391733333333333,1.0,0.0,0.931934348393443,336,ok,,sleep,300.0,sleep:300s:start sleeping -> stop sleeping,
P2,644,1772112120000,1772112420000,1772112270000,2026-02-26 05:24:30,64.42442145147527,71.78546028025931,67.20813259749254,True,1.0391733333333333,1.0,0.0,0.9281250733676715,335,ok,,sleep,300.0,sleep:300s:start sleeping -> stop sleeping,
P2,645,1772112150000,1772112450000,1772112300000,2026-02-26 05:25:00,64.44347113130196,73.23544013852505,66.97764227301602,True,1.0391733333333333,1.0,0.0,0.9265669817619885,334,ok,,sleep,300.0,sleep:300s:start sleeping -> stop sleeping,
P2,646,1772112180000,1772112480000,1772112330000,2026-02-26 05:25:30,66.5200339816473,79.4872077011309,67.462767479332,True,1.0391733333333333,1.0,0.0,0.9233740252909397,337,ok,,sleep,300.0,sleep:300s:start sleeping -> stop sleeping,
P2,647,1772112210000,1772112510000,1772112360000,2026-02-26 05:26:00,66.07838336335375,77.84738996068596,67.72126620299181,True,1.0391733333333333,1.0,0.0,0.9259382155170197,339,ok,,sleep,300.0,sleep:300s:start sleeping -> stop sleeping,
P2,648,1772112240000,1772112540000,1772112390000,2026-02-26 05:26:30,66.19285988304813,78.19988595664645,67.91291655364338,True,1.0391733333333333,1.0,0.0,0.926240134492391,340,ok,,sleep,300.0,sleep:300s:start sleeping -> stop sleeping,
P2,649,1772112270000,1772112570000,1772112420000,2026-02-26 05:27:00,67.59115025050721,74.51163224947472,67.5294990803943,True,1.0391733333333333,1.0,0.0,0.9277701613009636,338,ok,,sleep,300.0,sleep:300s:start sleeping -> stop sleeping,
P2,650,1772112300000,1772112600000,1772112450000,2026-02-26 05:27:30,68.48209364322074,70.08829818149678,67.29308383302607,True,1.0391733333333333,1.0,0.0,0.9278543242698147,336,ok,,sleep,300.0,sleep:300s:start sleeping -> stop sleeping,
P2,651,1772112330000,1772112630000,1772112480000,2026-02-26 05:28:00,70.34019628112414,68.14083283445831,67.07987960676132,True,1.0391733333333333,1.0,0.0,0.924817354348065,335,ok,,sleep,300.0,sleep:300s:start sleeping -> stop sleeping,
P2,652,1772112360000,1772112660000,1772112510000,2026-02-26 05:28:30,71.40644728005013,66.62419899414401,67.59652120438697,True,1.0392,1.0,0.0,0.9263126346915578,337,ok,,sleep,300.0,sleep:300s:start sleeping -> stop sleeping,
P2,653,1772112390000,1772112690000,1772112540000,2026-02-26 05:29:00,70.79738568103483,65.41189616348734,67.96196543898958,True,1.0392,1.0,0.0,0.9276700233339716,339,ok,,sleep,300.0,sleep:300s:start sleeping -> stop sleeping,
P2,654,1772112420000,1772112720000,1772112570000,2026-02-26 05:29:30,71.3571675088767,77.58674340957221,69.39608975961289,True,1.0392,1.0,0.0,0.9263921025941889,346,ok,,sleep,300.0,sleep:300s:start sleeping -> stop sleeping,
P2,655,1772112450000,1772112750000,1772112600000,2026-02-26 05:30:00,72.52250899740285,75.68043739174429,70.3070542193345,True,1.0392,1.0,0.0,0.9265762953598229,352,ok,,sleep,300.0,sleep:300s:start sleeping -> stop sleeping,
P2,656,1772112480000,1772112780000,1772112630000,2026-02-26 05:30:30,75.43352359984182,77.92949595380807,69.48771664967425,True,1.0392,1.0,0.002881844380403458,0.9243125711687638,348,ok,,sleep,300.0,sleep:300s:start sleeping -> stop sleeping,
P2,657,1772112510000,1772112810000,1772112660000,2026-02-26 05:31:00,75.85147484993173,82.10587575961519,69.11238799373167,True,1.0392,1.0,0.0,0.9248454818759563,345,ok,,sleep,300.0,sleep:300s:start sleeping -> stop sleeping,
P2,658,1772112540000,1772112840000,1772112690000,2026-02-26 05:31:30,76.10009799686037,88.63166036803773,68.36327428675487,True,1.0391733333333333,1.0,0.0,0.9251651850981396,342,ok,,sleep,300.0,sleep:300s:start sleeping -> stop sleeping,
P2,659,1772112570000,1772112870000,1772112720000,2026-02-26 05:32:00,74.84187686837637,90.48840027065145,68.08233424729751,True,1.0391733333333333,1.0,0.0029411764705882353,0.9230607968153774,341,ok,,sleep,300.0,sleep:300s:start sleeping -> stop sleeping,
P2,660,1772112600000,1772112900000,1772112750000,2026-02-26 05:32:30,74.16547372939887,92.60741350471251,67.29697495185891,True,1.0391733333333333,1.0,0.002976190476190476,0.9237003071758245,337,ok,,sleep,300.0,sleep:300s:start sleeping -> stop sleeping,
P2,661,1772112630000,1772112930000,1772112780000,2026-02-26 05:33:00,72.088377446332,93.37346159926452,67.37332912903835,True,1.0391733333333333,1.0,0.005952380952380952,0.9238932422090869,337,ok,,sleep,300.0,sleep:300s:start sleeping -> stop sleeping,
P2,662,1772112660000,1772112960000,1772112810000,2026-02-26 05:33:30,74.5689798386448,93.5333175266663,67.19722385200564,True,1.0391733333333333,1.0,0.0,0.9250697638741782,336,ok,,sleep,300.0,sleep:300s:start sleeping -> stop sleeping,
P2,663,1772112690000,1772112990000,1772112840000,2026-02-26 05:34:00,73.33356574868341,92.41924187372494,67.16455315523031,True,1.0391733333333333,1.0,0.0029850746268656717,0.9230874835145333,336,ok,,sleep,300.0,sleep:300s:start sleeping -> stop sleeping,
P2,664,1772112720000,1772113020000,1772112870000,2026-02-26 05:34:30,73.03406111762834,78.81145664910485,65.34156211506111,True,1.0392,1.0,0.0,0.9276572087046476,326,ok,,sleep,300.0,sleep:300s:start sleeping -> stop sleeping,
P2,665,1772112750000,1772113050000,1772112900000,2026-02-26 05:35:00,73.28042691829991,71.91216504251756,64.71863139523587,True,1.0392,1.0,0.0,0.9250502259429199,323,ok,,sleep,300.0,sleep:300s:start sleeping -> stop sleeping,
P2,666,1772112780000,1772113080000,1772112930000,2026-02-26 05:35:30,68.29259684679899,70.98600886502118,64.5889225986009,True,1.0392,1.0,0.0,0.9233139566837333,323,ok,,sleep,300.0,sleep:300s:start sleeping -> stop sleeping,
P2,667,1772112810000,1772113110000,1772112960000,2026-02-26 05:36:00,69.73881750328482,72.92799712709608,64.44847547901261,True,1.0392266666666667,1.0,0.0,0.9243298435438222,321,ok,,sleep,300.0,sleep:300s:start sleeping -> stop sleeping,
P2,668,1772112840000,1772113140000,1772112990000,2026-02-26 05:36:30,70.0496466049206,70.83102830893554,64.42377236151576,True,1.0392266666666667,1.0,0.003105590062111801,0.9226828194914455,323,ok,,sleep,300.0,sleep:300s:start sleeping -> stop sleeping,
P2,669,1772112870000,1772113170000,1772113020000,2026-02-26 05:37:00,70.73381333643465,73.39938243136785,64.13751081274347,True,1.0392266666666667,1.0,0.0,0.9235767611542122,321,ok,,sleep,300.0,sleep:300s:start sleeping -> stop sleeping,
P2,670,1772112900000,1772113200000,1772113050000,2026-02-26 05:37:30,71.77539091727974,75.01889132556971,64.11385873064314,True,1.0392266666666667,1.0,0.0,0.9220676703826483,320,ok,,sleep,300.0,sleep:300s:start sleeping -> stop sleeping,
P2,671,1772112930000,1772113230000,1772113080000,2026-02-26 05:38:00,73.99101990117296,72.72711319379977,63.63498279014032,True,1.0392266666666667,1.0,0.0,0.9203765816456436,318,ok,,sleep,300.0,sleep:300s:start sleeping -> stop sleeping,
P2,672,1772112960000,1772113260000,1772113110000,2026-02-26 05:38:30,72.37235975802922,73.63290525722097,63.605871002478025,True,1.0392533333333334,1.0,0.0,0.920581523561584,318,ok,,sleep,300.0,sleep:300s:start sleeping -> stop sleeping,
P2,673,1772112990000,1772113290000,1772113140000,2026-02-26 05:39:00,73.30174388843251,72.3569640731638,63.49007126844017,True,1.0392533333333334,1.0,0.0031545741324921135,0.9184501968883338,318,ok,,sleep,300.0,sleep:300s:start sleeping -> stop sleeping,
P2,674,1772113020000,1772113320000,1772113170000,2026-02-26 05:39:30,73.98906536698351,85.80724907633196,64.78680194560984,True,1.0392533333333334,1.0,0.0,0.9179711598760535,324,ok,,sleep,300.0,sleep:300s:start sleeping -> stop sleeping,
P2,675,1772113050000,1772113350000,1772113200000,2026-02-26 05:40:00,72.13537665369131,85.0075644406447,64.71195167640018,True,1.0392266666666667,1.0,0.0,0.9209347159642596,324,ok,,sleep,300.0,sleep:300s:start sleeping -> stop sleeping,
P2,676,1772113080000,1772113380000,1772113230000,2026-02-26 05:40:30,70.1908330691589,84.76139785744037,65.19323273120442,True,1.0392266666666667,1.0,0.003076923076923077,0.9212296439783119,326,ok,,sleep,300.0,sleep:300s:start sleeping -> stop sleeping,
P2,677,1772113110000,1772113410000,1772113260000,2026-02-26 05:41:00,68.34076823693948,84.35871910207166,65.09788554175033,True,1.0392266666666667,1.0,0.003076923076923077,0.9200493768710483,326,ok,,sleep,300.0,sleep:300s:start sleeping -> stop sleeping,
P2,678,1772113140000,1772113440000,1772113290000,2026-02-26 05:41:30,67.78988975880608,83.96899387035752,65.02292024490629,True,1.0392266666666667,1.0,0.0,0.9181194318348991,325,ok,,sleep,300.0,sleep:300s:start sleeping -> stop sleeping,
P2,679,1772113170000,1772113470000,1772113320000,2026-02-26 05:42:00,67.06981613333699,80.89892457229818,65.24896830276731,True,1.0392533333333334,1.0,0.006153846153846154,0.917041436117045,326,ok,,sleep,300.0,sleep:300s:start sleeping -> stop sleeping,
P2,680,1772113200000,1772113500000,1772113350000,2026-02-26 05:42:30,67.72338372091221,78.30624236399353,65.4584762387733,True,1.0392533333333334,1.0,0.0061162079510703364,0.9160944103672573,328,ok,,sleep,300.0,sleep:300s:start sleeping -> stop sleeping,
P2,681,1772113230000,1772113530000,1772113380000,2026-02-26 05:43:00,67.68091179473683,78.39301196495025,65.52092978540972,True,1.0392533333333334,1.0,0.0061162079510703364,0.9186812747757138,328,ok,,sleep,300.0,sleep:300s:start sleeping -> stop sleeping,
P2,682,1772113260000,1772113560000,1772113410000,2026-02-26 05:43:30,68.89683666389608,80.33365330969033,65.38588570211867,True,1.03928,1.0,0.003076923076923077,0.9189804854510282,326,ok,,sleep,300.0,sleep:300s:start sleeping -> stop sleeping,
P2,684,1772113320000,1772113620000,1772113470000,2026-02-26 05:44:30,68.08967912052842,67.74858316578894,63.95951502004993,True,1.0392533333333334,1.0,0.003134796238244514,0.9206660726679863,320,ok,,sleep,300.0,sleep:300s:start sleeping -> stop sleeping,
P2,685,1772113350000,1772113650000,1772113500000,2026-02-26 05:45:00,70.95269056267047,67.91938959331917,63.83322534846054,True,1.0392533333333334,1.0,0.006289308176100629,0.9183676998371358,319,ok,,sleep,300.0,sleep:300s:start sleeping -> stop sleeping,
P2,686,1772113380000,1772113680000,1772113530000,2026-02-26 05:45:30,72.87701880398096,67.03456996649507,63.20040850565797,True,1.03928,1.0,0.0031746031746031746,0.9183018834542697,316,ok,,sleep,300.0,sleep:300s:start sleeping -> stop sleeping,
P2,687,1772113410000,1772113710000,1772113560000,2026-02-26 05:46:00,75.42011670228574,68.98760705164793,63.29415109162622,True,1.03928,1.0,0.006309148264984227,0.9171607017968255,318,ok,,sleep,300.0,sleep:300s:start sleeping -> stop sleeping,
P2,688,1772113440000,1772113740000,1772113590000,2026-02-26 05:46:30,78.71636809411534,77.89504673066274,63.80642316954724,True,1.03928,1.0,0.009404388714733543,0.9181281960544618,320,ok,,sleep,300.0,sleep:300s:start sleeping -> stop sleeping,
P2,689,1772113470000,1772113770000,1772113620000,2026-02-26 05:47:00,76.65462770464383,80.28588677153401,64.42481723435755,True,1.03928,1.0,0.0,0.9198048354027982,321,ok,,sleep,300.0,sleep:300s:start sleeping -> stop sleeping,
P2,690,1772113500000,1772113800000,1772113650000,2026-02-26 05:47:30,74.34600870592178,82.25561583870531,64.95860726607467,True,1.03928,1.0,0.0030864197530864196,0.9230219207955028,325,ok,,sleep,300.0,sleep:300s:start sleeping -> stop sleeping,
P2,691,1772113530000,1772113830000,1772113680000,2026-02-26 05:48:00,72.26530122112617,82.94321692734405,65.60768615106439,True,1.03928,1.0,0.0,0.9221605119241802,327,ok,,sleep,300.0,sleep:300s:start sleeping -> stop sleeping,
P2,692,1772113560000,1772113860000,1772113710000,2026-02-26 05:48:30,71.10458733306145,83.65012885360223,66.27765921780383,True,1.0393066666666666,1.0,0.0,0.9211836720825712,331,ok,,sleep,300.0,sleep:300s:start sleeping -> stop sleeping,
P2,693,1772113590000,1772113890000,1772113740000,2026-02-26 05:49:00,72.55980296342499,81.59098857177563,66.89753796055751,True,1.03928,1.0,0.0,0.9198646805411179,334,ok,,sleep,300.0,sleep:300s:start sleeping -> stop sleeping,
P2,694,1772113620000,1772113920000,1772113770000,2026-02-26 05:49:30,77.15204835281976,81.11655604514914,67.44570571755209,True,1.03928,1.0,0.002967359050445104,0.9191487420016069,338,ok,,sleep,300.0,sleep:300s:start sleeping -> stop sleeping,
P2,695,1772113650000,1772113950000,1772113800000,2026-02-26 05:50:00,73.66577236670422,85.53868750195544,68.33929826963961,True,1.0393066666666666,1.0,0.0,0.9167693594428723,342,ok,,sleep,300.0,sleep:300s:start sleeping -> stop sleeping,
P2,710,1772114100000,1772114400000,1772114250000,2026-02-26 05:57:30,70.81856380238837,69.39807486932311,68.42042049385519,True,1.03928,1.0,0.0,0.9182246429663118,342,ok,,sleep,300.0,sleep:300s:start sleeping -> stop sleeping,
P2,711,1772114130000,1772114430000,1772114280000,2026-02-26 05:58:00,70.81625363323847,68.76385665130249,68.23559432888342,True,1.03928,1.0,0.0029411764705882353,0.914714572116454,341,ok,,sleep,300.0,sleep:300s:start sleeping -> stop sleeping,
P2,712,1772114160000,1772114460000,1772114310000,2026-02-26 05:58:30,69.80468033406095,69.40037630276356,68.14366901920178,True,1.0392533333333334,1.0,0.0029498525073746312,0.9136782865006443,340,ok,,sleep,300.0,sleep:300s:start sleeping -> stop sleeping,
P2,713,1772114190000,1772114490000,1772114340000,2026-02-26 05:59:00,69.67534072269335,77.74926363536719,68.84651180447943,True,1.0392533333333334,1.0,0.0029154518950437317,0.9152072233753377,344,ok,,sleep,300.0,sleep:300s:start sleeping -> stop sleeping,
P2,714,1772114220000,1772114520000,1772114370000,2026-02-26 05:59:30,70.42533108065835,80.8806045828198,68.75028499596858,True,1.03928,1.0,0.0,0.9146557202016115,343,ok,,sleep,300.0,sleep:300s:start sleeping -> stop sleeping,
P2,715,1772114250000,1772114550000,1772114400000,2026-02-26 06:00:00,69.99602850689769,81.15618200521216,68.76328992605356,True,1.03928,1.0,0.0,0.9146249890606133,344,ok,,sleep,300.0,sleep:300s:start sleeping -> stop sleeping,
P2,716,1772114280000,1772114580000,1772114430000,2026-02-26 06:00:30,70.66051892336218,78.57930271737676,68.96911920639215,True,1.0392533333333334,1.0,0.0029069767441860465,0.9121550679122664,345,ok,,sleep,300.0,sleep:300s:start sleeping -> stop sleeping,
P2,717,1772114310000,1772114610000,1772114460000,2026-02-26 06:01:00,70.10162295771023,84.96044034874464,68.39246322631253,True,1.03928,1.0,0.0,0.9147604402685343,342,ok,,sleep,300.0,sleep:300s:start sleeping -> stop sleeping,
P2,718,1772114340000,1772114640000,1772114490000,2026-02-26 06:01:30,69.52307270661031,85.2833763268579,67.72290351206657,True,1.03928,1.0,0.0,0.9155425245633627,339,ok,,sleep,300.0,sleep:300s:start sleeping -> stop sleeping,
P2,719,1772114370000,1772114670000,1772114520000,2026-02-26 06:02:00,67.98008580219727,84.07631369659414,66.86378208225307,True,1.03928,1.0,0.0,0.9179128138102413,334,ok,,sleep,300.0,sleep:300s:start sleeping -> stop sleeping,
P2,720,1772114400000,1772114700000,1772114550000,2026-02-26 06:02:30,68.82400918378364,84.33649306888562,66.58918490226124,True,1.0392533333333334,1.0,0.0,0.919279001379544,332,ok,,sleep,300.0,sleep:300s:start sleeping -> stop sleeping,
P2,721,1772114430000,1772114730000,1772114580000,2026-02-26 06:03:00,70.48567971082224,84.35457481820805,66.11845340461365,True,1.03928,1.0,0.0030303030303030303,0.9213329372407134,331,ok,,sleep,300.0,sleep:300s:start sleeping -> stop sleeping,
P2,722,1772114460000,1772114760000,1772114610000,2026-02-26 06:03:30,69.59498586227544,78.72051061327409,65.3961754342951,True,1.03928,1.0,0.003067484662576687,0.9207827948307692,327,ok,,sleep,300.0,sleep:300s:start sleeping -> stop sleeping,
P2,723,1772114490000,1772114790000,1772114640000,2026-02-26 06:04:00,70.37680808553094,62.36412166125113,64.38353499027261,True,1.0393066666666666,1.0,0.006211180124223602,0.9256242993862034,323,ok,,sleep,300.0,sleep:300s:start sleeping -> stop sleeping,
P2,724,1772114520000,1772114820000,1772114670000,2026-02-26 06:04:30,64.93640680322163,57.253431429555484,64.50620730752605,True,1.03928,1.0,0.003105590062111801,0.9297689334589561,323,ok,,sleep,300.0,sleep:300s:start sleeping -> stop sleeping,
P2,725,1772114550000,1772114850000,1772114700000,2026-02-26 06:05:00,62.46916580807389,51.682554831192064,64.37885512648057,True,1.03928,1.0,0.006230529595015576,0.9297481669219188,322,ok,,sleep,300.0,sleep:300s:start sleeping -> stop sleeping,
P2,727,1772114610000,1772114910000,1772114760000,2026-02-26 06:06:00,65.7621076432866,59.352794933235984,65.51157493419437,True,1.03928,1.0,0.0030581039755351682,0.925264824077411,328,ok,,sleep,300.0,sleep:300s:start sleeping -> stop sleeping,
P2,728,1772114640000,1772114940000,1772114790000,2026-02-26 06:06:30,70.02106211033187,63.27796867649615,65.74844007115595,True,1.03928,1.0,0.00911854103343465,0.9215706659942862,330,ok,,sleep,300.0,sleep:300s:start sleeping -> stop sleeping,
P2,729,1772114670000,1772114970000,1772114820000,2026-02-26 06:07:00,67.32532018969358,59.556866305086615,65.99403125970066,True,1.0393066666666666,1.0,0.00303951367781155,0.9232557949049558,330,ok,,sleep,300.0,sleep:300s:start sleeping -> stop sleeping,
P2,730,1772114700000,1772115000000,1772114850000,2026-02-26 06:07:30,66.26391145290003,60.63667865940917,65.95148621303979,True,1.0393066666666666,1.0,0.003048780487804878,0.9222286189186936,329,ok,,sleep,300.0,sleep:300s:start sleeping -> stop sleeping,
P2,731,1772114730000,1772115030000,1772114880000,2026-02-26 06:08:00,63.453987505535714,59.54681424860085,66.11015800132706,True,1.0393066666666666,1.0,0.0,0.9223054527247256,330,ok,,sleep,300.0,sleep:300s:start sleeping -> stop sleeping,
P2,732,1772114760000,1772115060000,1772114910000,2026-02-26 06:08:30,64.25644453138207,63.32391211830957,66.30271614417475,True,1.0393066666666666,1.0,0.0,0.9222159952671608,331,ok,,sleep,300.0,sleep:300s:start sleeping -> stop sleeping,
P2,733,1772114790000,1772115090000,1772114940000,2026-02-26 06:09:00,65.02705954208878,66.56029618889217,66.663408033308,True,1.0393066666666666,1.0,0.003003003003003003,0.9194345175048748,334,ok,,sleep,300.0,sleep:300s:start sleeping -> stop sleeping,
P2,734,1772114820000,1772115120000,1772114970000,2026-02-26 06:09:30,66.36339730949541,67.78177064495442,66.4954169833408,True,1.0393066666666666,1.0,0.0030211480362537764,0.917735770334485,332,ok,,sleep,300.0,sleep:300s:start sleeping -> stop sleeping,
P2,735,1772114850000,1772115150000,1772115000000,2026-02-26 06:10:00,65.70927273705398,70.62509590628527,66.09034552384489,True,1.0393333333333334,1.0,0.0,0.9182719189698813,331,ok,,sleep,300.0,sleep:300s:start sleeping -> stop sleeping,
P2,736,1772114880000,1772115180000,1772115030000,2026-02-26 06:10:30,64.45677534868541,64.03645709510661,65.1981153611006,True,1.0393066666666666,1.0,0.0,0.9202596161221773,326,ok,,sleep,300.0,sleep:300s:start sleeping -> stop sleeping,
P2,737,1772114910000,1772115210000,1772115060000,2026-02-26 06:11:00,63.47317056518865,63.89615906672141,65.07308134650025,True,1.0393333333333334,1.0,0.0,0.9236819025768984,325,ok,,sleep,300.0,sleep:300s:start sleeping -> stop sleeping,
P2,738,1772114940000,1772115240000,1772115090000,2026-02-26 06:11:30,59.76487631013655,61.28042466883081,64.99634311984119,True,1.0393333333333334,1.0,0.0,0.9226860392958048,325,ok,,sleep,300.0,sleep:300s:start sleeping -> stop sleeping,
P2,739,1772114970000,1772115270000,1772115120000,2026-02-26 06:12:00,65.63346848874434,63.74041729463173,64.93464933950425,True,1.0393333333333334,1.0,0.0030959752321981426,0.9203601403199566,324,ok,,sleep,300.0,sleep:300s:start sleeping -> stop sleeping,
P2,740,1772115000000,1772115300000,1772115150000,2026-02-26 06:12:30,65.59165247054483,62.893948528831835,65.00382547410717,True,1.0393333333333334,1.0,0.0,0.9208813306515744,324,ok,,sleep,300.0,sleep:300s:start sleeping -> stop sleeping,
P2,741,1772115030000,1772115330000,1772115180000,2026-02-26 06:13:00,67.20788903014638,69.13498411075992,65.61937430473435,True,1.0393333333333334,1.0,0.0,0.9199896003640264,328,ok,,sleep,300.0,sleep:300s:start sleeping -> stop sleeping,
P2,742,1772115060000,1772115360000,1772115210000,2026-02-26 06:13:30,66.25721830325888,66.97609093108655,65.88020695381483,True,1.03936,1.0,0.00303951367781155,0.9192691344987598,330,ok,,sleep,300.0,sleep:300s:start sleeping -> stop sleeping,
P2,743,1772115090000,1772115390000,1772115240000,2026-02-26 06:14:00,67.49910533382815,64.80484980393118,65.97568574772656,True,1.0393333333333334,1.0,0.006060606060606061,0.9173015013745534,331,ok,,sleep,300.0,sleep:300s:start sleeping -> stop sleeping,
P2,744,1772115120000,1772115420000,1772115270000,2026-02-26 06:14:30,68.97338133986675,66.97459478095026,66.22625422605897,True,1.03936,1.0,0.0,0.9162554468405267,330,ok,,sleep,300.0,sleep:300s:start sleeping -> stop sleeping,
P2,745,1772115150000,1772115450000,1772115300000,2026-02-26 06:15:00,68.72696032746245,65.01808819054762,66.58806690780786,True,1.03936,1.0,0.0,0.91264175589563,333,ok,,sleep,300.0,sleep:300s:start sleeping -> stop sleeping,
P2,746,1772115180000,1772115480000,1772115330000,2026-02-26 06:15:30,68.60419789881131,65.47510787851698,67.27132768834298,True,1.03936,1.0,0.0,0.9144287185673312,336,ok,,sleep,300.0,sleep:300s:start sleeping -> stop sleeping,
P2,747,1772115210000,1772115510000,1772115360000,2026-02-26 06:16:00,67.87042854062697,67.57480209360953,67.0350592596182,True,1.03936,1.0,0.0029850746268656717,0.9122032579139384,336,ok,,sleep,300.0,sleep:300s:start sleeping -> stop sleeping,
P2,748,1772115240000,1772115540000,1772115390000,2026-02-26 06:16:30,71.13493582685818,71.51420684185887,66.68477856010212,True,1.0393866666666667,1.0,0.0,0.912129841689464,334,ok,,sleep,300.0,sleep:300s:start sleeping -> stop sleeping,
P2,749,1772115270000,1772115570000,1772115420000,2026-02-26 06:17:00,68.29265470019743,70.37598008449841,66.50172550525275,True,1.03936,1.0,0.0030120481927710845,0.9118422317396622,333,ok,,sleep,300.0,sleep:300s:start sleeping -> stop sleeping,
P2,750,1772115300000,1772115600000,1772115450000,2026-02-26 06:17:30,66.61854895407463,68.73244194368102,67.08172089996094,True,1.0393866666666667,1.0,0.0,0.9127251971322883,335,ok,,sleep,300.0,sleep:300s:start sleeping -> stop sleeping,
P2,751,1772115330000,1772115630000,1772115480000,2026-02-26 06:18:00,68.60349003176961,67.67089421582224,66.31104304240215,True,1.0393866666666667,1.0,0.0,0.9126509660579903,331,ok,,sleep,300.0,sleep:300s:start sleeping -> stop sleeping,
P2,752,1772115360000,1772115660000,1772115510000,2026-02-26 06:18:30,67.81374964782891,67.16951076519932,65.91957814704416,True,1.0393866666666667,1.0,0.003048780487804878,0.9123526623915508,329,ok,,sleep,300.0,sleep:300s:start sleeping -> stop sleeping,
P2,753,1772115390000,1772115690000,1772115540000,2026-02-26 06:19:00,67.4674008262648,68.24105403840169,65.31113327546957,True,1.0393866666666667,1.0,0.0061162079510703364,0.9155472038181622,328,ok,,sleep,300.0,sleep:300s:start sleeping -> stop sleeping,
P2,754,1772115420000,1772115720000,1772115570000,2026-02-26 06:19:30,65.9569960484706,65.21231050948533,65.05701858416447,True,1.0393866666666667,1.0,0.0,0.9113325927780624,325,ok,,sleep,300.0,sleep:300s:start sleeping -> stop sleeping,
P2,755,1772115450000,1772115750000,1772115600000,2026-02-26 06:20:00,68.77500858113297,68.02204835004308,64.71136827533431,True,1.0393866666666667,1.0,0.0030959752321981426,0.9082094674105244,324,ok,,sleep,300.0,sleep:300s:start sleeping -> stop sleeping,
P2,756,1772115480000,1772115780000,1772115630000,2026-02-26 06:20:30,69.56286222926023,64.6152262107881,64.1566276928565,True,1.0393866666666667,1.0,0.003125,0.9072906179633022,321,ok,,sleep,300.0,sleep:300s:start sleeping -> stop sleeping,
P2,757,1772115510000,1772115810000,1772115660000,2026-02-26 06:21:00,69.92107989325963,71.57611440365163,65.11784018855896,True,1.0393866666666667,1.0,0.0,0.9072683605472438,325,ok,,sleep,300.0,sleep:300s:start sleeping -> stop sleeping,
P2,758,1772115540000,1772115840000,1772115690000,2026-02-26 06:21:30,69.29132798074771,73.08420492147211,65.91044397686768,True,1.0393866666666667,1.0,0.00303951367781155,0.9073117591492028,330,ok,,sleep,300.0,sleep:300s:start sleeping -> stop sleeping,
P2,759,1772115570000,1772115870000,1772115720000,2026-02-26 06:22:00,65.85480650278359,72.29118380144769,65.95122619386528,True,1.0394133333333333,1.0,0.0,0.9113807428467889,330,ok,,sleep,300.0,sleep:300s:start sleeping -> stop sleeping,
P2,760,1772115600000,1772115900000,1772115750000,2026-02-26 06:22:30,65.13008509001179,71.57893856939391,65.3869631338966,True,1.0393866666666667,1.0,0.0,0.9127510670681117,327,ok,,sleep,300.0,sleep:300s:start sleeping -> stop sleeping,
P2,761,1772115630000,1772115930000,1772115780000,2026-02-26 06:23:00,65.42009035473919,70.46221357129066,65.37013668638878,True,1.0393866666666667,1.0,0.003067484662576687,0.9114421059580389,327,ok,,sleep,300.0,sleep:300s:start sleeping -> stop sleeping,
P2,762,1772115660000,1772115960000,1772115810000,2026-02-26 06:23:30,65.33127158123727,68.87105873100067,65.40723191311137,True,1.0394133333333333,1.0,0.0,0.9129722661965751,327,ok,,sleep,300.0,sleep:300s:start sleeping -> stop sleeping,
P2,763,1772115690000,1772115990000,1772115840000,2026-02-26 06:24:00,64.43988623251245,66.16290714464608,65.7991665867279,True,1.0394133333333333,1.0,0.00303951367781155,0.9120255557069994,330,ok,,sleep,300.0,sleep:300s:start sleeping -> stop sleeping,
P2,764,1772115720000,1772116020000,1772115870000,2026-02-26 06:24:30,62.94927948210595,67.94889406013037,66.17759863708457,True,1.0394133333333333,1.0,0.0,0.9170826651895376,331,ok,,sleep,300.0,sleep:300s:start sleeping -> stop sleeping,
P2,765,1772115750000,1772116050000,1772115900000,2026-02-26 06:25:00,62.978882519059894,73.24898781391936,67.26338096779509,True,1.0393866666666667,1.0,0.0029850746268656717,0.9218101538832107,336,ok,,sleep,300.0,sleep:300s:start sleeping -> stop sleeping,
P2,766,1772115780000,1772116080000,1772115930000,2026-02-26 06:25:30,64.20420895557461,72.87100914839871,67.05959364738393,True,1.0394133333333333,1.0,0.0029850746268656717,0.916579805175749,336,ok,,sleep,300.0,sleep:300s:start sleeping -> stop sleeping,
P2,767,1772115810000,1772116110000,1772115960000,2026-02-26 06:26:00,63.790259169491584,71.05027163300483,66.25938337789452,True,1.0394133333333333,1.0,0.0,0.9195449663043712,331,ok,,sleep,300.0,sleep:300s:start sleeping -> stop sleeping,
P2,768,1772115840000,1772116140000,1772115990000,2026-02-26 06:26:30,62.60611618459707,67.17892369678924,65.77042525352064,True,1.0393866666666667,1.0,0.0060790273556231,0.918394461577534,330,ok,,sleep,300.0,sleep:300s:start sleeping -> stop sleeping,
P2,769,1772115870000,1772116170000,1772116020000,2026-02-26 06:27:00,67.310403421169,68.00773788875249,65.68828509793744,True,1.0393866666666667,1.0,0.003048780487804878,0.9169879298832339,329,ok,,sleep,300.0,sleep:300s:start sleeping -> stop sleeping,
P2,770,1772115900000,1772116200000,1772116050000,2026-02-26 06:27:30,64.68010067675947,67.49499803449507,65.51657611712496,True,1.0394133333333333,1.0,0.0,0.9190651155954643,327,ok,,sleep,300.0,sleep:300s:start sleeping -> stop sleeping,
P2,771,1772115930000,1772116230000,1772116080000,2026-02-26 06:28:00,65.55994190799649,69.18676836878684,65.32551703009615,True,1.0393866666666667,1.0,0.0,0.9199727221316084,326,ok,,sleep,300.0,sleep:300s:start sleeping -> stop sleeping,
P2,772,1772115960000,1772116260000,1772116110000,2026-02-26 06:28:30,64.27911337247654,71.03524162691593,65.4958666509578,True,1.0393866666666667,1.0,0.0,0.9190228175390589,327,ok,,sleep,300.0,sleep:300s:start sleeping -> stop sleeping,
P2,773,1772115990000,1772116290000,1772116140000,2026-02-26 06:29:00,64.97108661086216,72.34970478175975,65.39290908179129,True,1.0393866666666667,1.0,0.0,0.9181315745219014,327,ok,,sleep,300.0,sleep:300s:start sleeping -> stop sleeping,
P2,774,1772116020000,1772116320000,1772116170000,2026-02-26 06:29:30,66.57723499284565,85.41996462252865,66.24625941755927,True,1.0393866666666667,1.0,0.006060606060606061,0.9153704266635575,331,ok,,sleep,300.0,sleep:300s:start sleeping -> stop sleeping,
P2,775,1772116050000,1772116350000,1772116200000,2026-02-26 06:30:00,65.09002382852808,77.91925318332734,66.04868614132242,True,1.0393866666666667,1.0,0.0030581039755351682,0.917546039105103,328,ok,,sleep,300.0,sleep:300s:start sleeping -> stop sleeping,
P2,776,1772116080000,1772116380000,1772116230000,2026-02-26 06:30:30,66.30739099087519,77.20976138999,66.44964258146793,True,1.0393866666666667,1.0,0.006060606060606061,0.919404777823755,331,ok,,sleep,300.0,sleep:300s:start sleeping -> stop sleeping,
P2,777,1772116110000,1772116410000,1772116260000,2026-02-26 06:31:00,66.7774943289979,76.68524273799562,66.70085672227127,True,1.03936,1.0,0.0030211480362537764,0.9194358752036159,332,ok,,sleep,300.0,sleep:300s:start sleeping -> stop sleeping,
P2,778,1772116140000,1772116440000,1772116290000,2026-02-26 06:31:30,66.50609710149146,75.49432656615339,66.93343716124114,True,1.0393866666666667,1.0,0.0030120481927710845,0.9210911865592526,333,ok,,sleep,300.0,sleep:300s:start sleeping -> stop sleeping,
P2,779,1772116170000,1772116470000,1772116320000,2026-02-26 06:32:00,67.70068825291378,75.79177559409705,67.34839321618401,True,1.0393866666666667,1.0,0.0029850746268656717,0.9222601822651798,336,ok,,sleep,300.0,sleep:300s:start sleeping -> stop sleeping,
P2,780,1772116200000,1772116500000,1772116350000,2026-02-26 06:32:30,72.66931964007681,73.91742453189494,67.81166198498647,True,1.03936,1.0,0.002967359050445104,0.9209661595953058,338,ok,,sleep,300.0,sleep:300s:start sleeping -> stop sleeping,
P2,781,1772116230000,1772116530000,1772116380000,2026-02-26 06:33:00,74.24552566271555,71.82697918904739,68.7255989906706,True,1.0393866666666667,1.0,0.005847953216374269,0.9184106278289841,343,ok,,sleep,300.0,sleep:300s:start sleeping -> stop sleeping,
P2,782,1772116260000,1772116560000,1772116410000,2026-02-26 06:33:30,75.25096625934465,70.50519290821825,68.89787901731107,True,1.0393866666666667,1.0,0.0029239766081871343,0.9199715126475626,343,ok,,sleep,300.0,sleep:300s:start sleeping -> stop sleeping,
P2,783,1772116290000,1772116590000,1772116440000,2026-02-26 06:34:00,74.66801771738942,67.78666699344284,69.04038557239332,True,1.03936,1.0,0.0058309037900874635,0.91792069300077,344,ok,,sleep,300.0,sleep:300s:start sleeping -> stop sleeping,
P2,784,1772116320000,1772116620000,1772116470000,2026-02-26 06:34:30,76.6238604275513,62.980874190509915,68.73006017268024,True,1.0393866666666667,1.0,0.0,0.9203587779458265,344,ok,,sleep,300.0,sleep:300s:start sleeping -> stop sleeping,
P2,785,1772116350000,1772116650000,1772116500000,2026-02-26 06:35:00,75.62405596285456,64.5117169936316,68.22138072829846,True,1.0393866666666667,1.0,0.0,0.9190317940492332,340,ok,,sleep,300.0,sleep:300s:start sleeping -> stop sleeping,
P2,786,1772116380000,1772116680000,1772116530000,2026-02-26 06:35:30,75.79906222582366,64.86321211144913,68.23952071771919,True,1.0393866666666667,1.0,0.0,0.9173574541588382,341,ok,,sleep,300.0,sleep:300s:start sleeping -> stop sleeping,
P2,787,1772116410000,1772116710000,1772116560000,2026-02-26 06:36:00,74.49143208865618,64.64928377293887,68.2046594369829,True,1.0393866666666667,1.0,0.0,0.9181851813857146,341,ok,,sleep,300.0,sleep:300s:start sleeping -> stop sleeping,
P2,788,1772116440000,1772116740000,1772116590000,2026-02-26 06:36:30,75.48722473241851,65.25068053476951,68.22016800363082,True,1.0393866666666667,1.0,0.0,0.9205629843522278,340,ok,,sleep,300.0,sleep:300s:start sleeping -> stop sleeping,
P2,789,1772116470000,1772116770000,1772116620000,2026-02-26 06:37:00,73.85573560834095,65.78000282751603,67.97998836024627,True,1.0393866666666667,1.0,0.0,0.9185261671017337,340,ok,,sleep,300.0,sleep:300s:start sleeping -> stop sleeping,
P2,790,1772116500000,1772116800000,1772116650000,2026-02-26 06:37:30,73.41783626686616,65.9064967669832,68.10883790079463,True,1.0394133333333333,1.0,0.0029411764705882353,0.9186565743085644,341,ok,,sleep,300.0,sleep:300s:start sleeping -> stop sleeping,
P2,791,1772116530000,1772116830000,1772116680000,2026-02-26 06:38:00,72.1779746635641,63.99398696863058,67.48632197970332,True,1.0393866666666667,1.0,0.0,0.9204859755095272,337,ok,,sleep,300.0,sleep:300s:start sleeping -> stop sleeping,
P2,792,1772116560000,1772116860000,1772116710000,2026-02-26 06:38:30,71.86043967572576,67.85061116707806,67.55670907914727,True,1.0393866666666667,1.0,0.005934718100890208,0.9205757123250218,338,ok,,sleep,300.0,sleep:300s:start sleeping -> stop sleeping,
P2,793,1772116590000,1772116890000,1772116740000,2026-02-26 06:39:00,71.74442584160288,67.60980051884961,67.53770937843015,True,1.0394133333333333,1.0,0.005934718100890208,0.9192538836575056,338,ok,,sleep,300.0,sleep:300s:start sleeping -> stop sleeping,
P2,794,1772116620000,1772116920000,1772116770000,2026-02-26 06:39:30,68.85796667819042,62.327781732662245,66.77564221932109,True,1.0394133333333333,1.0,0.006006006006006006,0.9213389451482653,334,ok,,sleep,300.0,sleep:300s:start sleeping -> stop sleeping,
P2,795,1772116650000,1772116950000,1772116800000,2026-02-26 06:40:00,70.16402545920009,63.730667880689815,66.9941045406084,True,1.0394133333333333,1.0,0.005970149253731343,0.9202926401004707,336,ok,,sleep,300.0,sleep:300s:start sleeping -> stop sleeping,
P2,796,1772116680000,1772116980000,1772116830000,2026-02-26 06:40:30,70.72493084490888,63.31900844182893,66.89204346269204,True,1.0393866666666667,1.0,0.0029940119760479044,0.9238419736883668,335,ok,,sleep,300.0,sleep:300s:start sleeping -> stop sleeping,
P2,797,1772116710000,1772117010000,1772116860000,2026-02-26 06:41:00,68.68006245140096,61.815300972759196,66.89380740502999,True,1.0394133333333333,1.0,0.0029940119760479044,0.92384316165113,335,ok,,sleep,300.0,sleep:300s:start sleeping -> stop sleeping,
P2,798,1772116740000,1772117040000,1772116890000,2026-02-26 06:41:30,69.75772688208552,61.66301950903952,66.90840314378077,True,1.0394133333333333,1.0,0.003003003003003003,0.9235289176898174,334,ok,,sleep,300.0,sleep:300s:start sleeping -> stop sleeping,
P2,799,1772116770000,1772117070000,1772116920000,2026-02-26 06:42:00,69.40819305484818,61.67317265275845,66.84398337369855,True,1.0394133333333333,1.0,0.005988023952095809,0.9239306511429656,335,ok,,sleep,300.0,sleep:300s:start sleeping -> stop sleeping,
P2,800,1772116800000,1772117100000,1772116950000,2026-02-26 06:42:30,70.37687920229882,59.55865138514436,66.83778657625467,True,1.0393866666666667,1.0,0.003003003003003003,0.9241630645829124,334,ok,,sleep,300.0,sleep:300s:start sleeping -> stop sleeping,
P2,801,1772116830000,1772117130000,1772116980000,2026-02-26 06:43:00,65.12567521449712,57.28946693690926,66.86820556968107,True,1.0394133333333333,1.0,0.0029940119760479044,0.9253786253422689,335,ok,,sleep,300.0,sleep:300s:start sleeping -> stop sleeping,
P2,802,1772116860000,1772117160000,1772117010000,2026-02-26 06:43:30,66.81798825419322,52.64493618863063,66.20730737653228,True,1.0394133333333333,1.0,0.0,0.9252774068061096,330,ok,,sleep,300.0,sleep:300s:start sleeping -> stop sleeping,
P2,803,1772116890000,1772117190000,1772117040000,2026-02-26 06:44:00,68.18887426981303,53.66206446015933,66.1133844543392,True,1.0394133333333333,1.0,0.0030303030303030303,0.923687170247417,331,ok,,sleep,300.0,sleep:300s:start sleeping -> stop sleeping,
P2,804,1772116920000,1772117220000,1772117070000,2026-02-26 06:44:30,65.49192796488965,53.25622652403215,66.32575363969607,True,1.0394133333333333,1.0,0.0,0.9221084484359923,332,ok,,sleep,300.0,sleep:300s:start sleeping -> stop sleeping,
P2,805,1772116950000,1772117250000,1772117100000,2026-02-26 06:45:00,63.85162602297311,50.08968735941544,66.0524745645264,True,1.03944,1.0,0.0,0.9200643285075453,330,ok,,sleep,300.0,sleep:300s:start sleeping -> stop sleeping,
P2,806,1772116980000,1772117280000,1772117130000,2026-02-26 06:45:30,63.85635127495931,52.502095003078246,66.12901772434338,True,1.0394133333333333,1.0,0.0,0.9204039329374677,331,ok,,sleep,300.0,sleep:300s:start sleeping -> stop sleeping,
P2,807,1772117010000,1772117310000,1772117160000,2026-02-26 06:46:00,66.90116164505166,54.572371875846535,66.04407688271687,True,1.0394133333333333,1.0,0.0,0.920096197262389,330,ok,,sleep,300.0,sleep:300s:start sleeping -> stop sleeping,
P2,808,1772117040000,1772117340000,1772117190000,2026-02-26 06:46:30,64.68663987881962,55.0062890162911,65.81283876340777,True,1.0394133333333333,1.0,0.003048780487804878,0.9192502123265711,329,ok,,sleep,300.0,sleep:300s:start sleeping -> stop sleeping,
P2,809,1772117070000,1772117370000,1772117220000,2026-02-26 06:47:00,66.43542596848691,55.322116580763236,65.6494679783176,True,1.0394133333333333,1.0,0.0,0.9211848904037514,328,ok,,sleep,300.0,sleep:300s:start sleeping -> stop sleeping,
P2,810,1772117100000,1772117400000,1772117250000,2026-02-26 06:47:30,68.48356497665014,55.734932538674926,65.51629141726565,True,1.03944,1.0,0.0030581039755351682,0.9211671562820833,328,ok,,sleep,300.0,sleep:300s:start sleeping -> stop sleeping,
P2,811,1772117130000,1772117430000,1772117280000,2026-02-26 06:48:00,67.80653720762292,56.45433133842563,65.33900051433521,True,1.0394133333333333,1.0,0.0,0.9237551909599958,326,ok,,sleep,300.0,sleep:300s:start sleeping -> stop sleeping,
P2,812,1772117160000,1772117460000,1772117310000,2026-02-26 06:48:30,68.21150290434245,55.56643072937812,65.5214768073365,True,1.0394133333333333,1.0,0.0030581039755351682,0.9226529773985078,328,ok,,sleep,300.0,sleep:300s:start sleeping -> stop sleeping,
P2,813,1772117190000,1772117490000,1772117340000,2026-02-26 06:49:00,68.45421594052142,56.73065869950544,65.26847097728657,True,1.0394133333333333,1.0,0.0,0.9234649148617254,326,ok,,sleep,300.0,sleep:300s:start sleeping -> stop sleeping,
P2,814,1772117220000,1772117520000,1772117370000,2026-02-26 06:49:30,70.48198215061113,55.069490480530554,64.85027885340999,True,1.0394133333333333,1.0,0.0030959752321981426,0.923625115341923,324,ok,,sleep,300.0,sleep:300s:start sleeping -> stop sleeping,
P2,815,1772117250000,1772117550000,1772117400000,2026-02-26 06:50:00,73.50932225249092,54.816250511371585,64.87376729799756,True,1.03944,1.0,0.0,0.9240848272476899,324,ok,,sleep,300.0,sleep:300s:start sleeping -> stop sleeping,
P2,816,1772117280000,1772117580000,1772117430000,2026-02-26 06:50:30,72.96403986076155,54.35396053832904,64.89053655175947,True,1.03944,1.0,0.0,0.9247671814366625,324,ok,,sleep,300.0,sleep:300s:start sleeping -> stop sleeping,
P2,817,1772117310000,1772117610000,1772117460000,2026-02-26 06:51:00,71.20595450791875,54.20450058971815,64.74561287281293,True,1.03944,1.0,0.0,0.9234147641833362,324,ok,,sleep,300.0,sleep:300s:start sleeping -> stop sleeping,
P2,818,1772117340000,1772117640000,1772117490000,2026-02-26 06:51:30,70.68931136871477,53.59757315738851,64.88621216835617,True,1.03944,1.0,0.0,0.92447656921511,325,ok,,sleep,300.0,sleep:300s:start sleeping -> stop sleeping,
P2,819,1772117370000,1772117670000,1772117520000,2026-02-26 06:52:00,71.45183490020595,53.84974380008496,64.96142915144134,True,1.03944,1.0,0.0030864197530864196,0.9207346419622523,325,ok,,sleep,300.0,sleep:300s:start sleeping -> stop sleeping,
P2,820,1772117400000,1772117700000,1772117550000,2026-02-26 06:52:30,70.7001301655753,53.29779743531193,64.85304977360379,True,1.03944,1.0,0.006172839506172839,0.9218655759660236,325,ok,,sleep,300.0,sleep:300s:start sleeping -> stop sleeping,
P2,821,1772117430000,1772117730000,1772117580000,2026-02-26 06:53:00,69.33767984162505,52.71750435405879,64.87475733480977,True,1.03944,1.0,0.006172839506172839,0.9215125243521451,325,ok,,sleep,300.0,sleep:300s:start sleeping -> stop sleeping,
P2,822,1772117460000,1772117760000,1772117610000,2026-02-26 06:53:30,67.11354182034259,52.20263177850976,64.73112366897647,True,1.03944,1.0,0.0030959752321981426,0.9240517450105036,324,ok,,sleep,300.0,sleep:300s:start sleeping -> stop sleeping,
P2,823,1772117490000,1772117790000,1772117640000,2026-02-26 06:54:00,66.04740443789426,52.27335480305379,65.05492805484266,True,1.03944,1.0,0.006153846153846154,0.9242662648685115,326,ok,,sleep,300.0,sleep:300s:start sleeping -> stop sleeping,
P2,824,1772117520000,1772117820000,1772117670000,2026-02-26 06:54:30,62.922703973053544,51.986205619162696,64.78488352717699,True,1.03944,1.0,0.006172839506172839,0.923319446907462,325,ok,,sleep,300.0,sleep:300s:start sleeping -> stop sleeping,
P2,825,1772117550000,1772117850000,1772117700000,2026-02-26 06:55:00,60.880859849156096,52.34436253839052,64.51890832704449,True,1.03944,1.0,0.006211180124223602,0.9229505526346274,323,ok,,sleep,300.0,sleep:300s:start sleeping -> stop sleeping,
P2,826,1772117580000,1772117880000,1772117730000,2026-02-26 06:55:30,59.77895607699533,48.86792311446274,64.23686271466131,True,1.03944,1.0,0.003125,0.9233398228006233,321,ok,,sleep,300.0,sleep:300s:start sleeping -> stop sleeping,
P2,827,1772117610000,1772117910000,1772117760000,2026-02-26 06:56:00,60.46231821775729,50.385327275196516,64.04923696203899,True,1.0394133333333333,1.0,0.009404388714733543,0.9235967040419959,320,ok,,sleep,300.0,sleep:300s:start sleeping -> stop sleeping,
P2,828,1772117640000,1772117940000,1772117790000,2026-02-26 06:56:30,59.846690602447545,49.54316818672456,63.68835967351439,True,1.0394133333333333,1.0,0.0031545741324921135,0.9235178831261397,318,ok,,sleep,300.0,sleep:300s:start sleeping -> stop sleeping,
P2,829,1772117670000,1772117970000,1772117820000,2026-02-26 06:57:00,58.096131788957855,48.50626372335551,63.41542220989004,True,1.0394133333333333,1.0,0.006329113924050633,0.9251985414442009,317,ok,,sleep,300.0,sleep:300s:start sleeping -> stop sleeping,
P2,830,1772117700000,1772118000000,1772117850000,2026-02-26 06:57:30,60.229844257490704,56.88284258651977,63.86132818295322,True,1.03944,1.0,0.003134796238244514,0.921155808016562,320,ok,,sleep,300.0,sleep:300s:start sleeping -> stop sleeping,
P2,831,1772117730000,1772118030000,1772117880000,2026-02-26 06:58:00,60.86940347328404,56.685055108558224,63.90392912126397,True,1.03944,1.0,0.003134796238244514,0.9235681972359508,320,ok,,sleep,300.0,sleep:300s:start sleeping -> stop sleeping,
P2,832,1772117760000,1772118060000,1772117910000,2026-02-26 06:58:30,62.59647582493602,59.761901563610635,64.20816288497419,True,1.03944,1.0,0.003125,0.9226829685025822,321,ok,,sleep,300.0,sleep:300s:start sleeping -> stop sleeping,
P2,833,1772117790000,1772118090000,1772117940000,2026-02-26 06:59:00,64.94511759981187,60.1810730132663,64.06814717339896,True,1.03944,1.0,0.003125,0.9144794002905869,321,ok,,sleep,300.0,sleep:300s:start sleeping -> stop sleeping,
P2,834,1772117820000,1772118120000,1772117970000,2026-02-26 06:59:30,64.33140987271405,59.729037214436424,64.26653730921424,True,1.0394133333333333,1.0,0.003115264797507788,0.8991449916222425,322,ok,,sleep,300.0,sleep:300s:start sleeping -> stop sleeping,
P2,835,1772117850000,1772118150000,1772118000000,2026-02-26 07:00:00,69.41086306292453,63.10623982057549,64.40558264075464,True,1.0394133333333333,1.0,0.003115264797507788,0.9184381590301451,322,ok,,sleep,300.0,sleep:300s:start sleeping -> stop sleeping,
P2,836,1772117880000,1772118180000,1772118030000,2026-02-26 07:00:30,68.52722066131503,64.05445366988124,64.21736011392156,True,1.0394133333333333,1.0,0.009345794392523364,0.9184258644465033,322,ok,,sleep,300.0,sleep:300s:start sleeping -> stop sleeping,
P2,837,1772117910000,1772118210000,1772118060000,2026-02-26 07:01:00,68.8125000580118,64.81360755466461,64.54621149042464,True,1.03944,1.0,0.006191950464396285,0.9156552983123314,324,ok,,sleep,300.0,sleep:300s:start sleeping -> stop sleeping,
P2,838,1772117940000,1772118240000,1772118090000,2026-02-26 07:01:30,68.48197835722652,64.2188876774899,65.05794493236424,True,1.03944,1.0,0.009230769230769232,0.9156411772858548,326,ok,,sleep,300.0,sleep:300s:start sleeping -> stop sleeping,
P2,839,1772117970000,1772118270000,1772118120000,2026-02-26 07:02:00,69.89232793473043,67.15424083667807,65.29600857219394,True,1.03944,1.0,0.003076923076923077,0.9157190795378016,326,ok,,sleep,300.0,sleep:300s:start sleeping -> stop sleeping,
P2,840,1772118000000,1772118300000,1772118150000,2026-02-26 07:02:30,70.47439200749896,69.46188456815537,64.75744691819386,True,1.03944,1.0,0.0030959752321981426,0.9155261230970119,324,ok,,sleep,300.0,sleep:300s:start sleeping -> stop sleeping,
P2,841,1772118030000,1772118330000,1772118180000,2026-02-26 07:03:00,70.63355088051354,70.78567292508988,64.83268449409712,True,1.03944,1.0,0.0030959752321981426,0.9164981420216018,324,ok,,sleep,300.0,sleep:300s:start sleeping -> stop sleeping,
P2,842,1772118060000,1772118360000,1772118210000,2026-02-26 07:03:30,69.64114494397305,69.37502711773728,64.63207221678687,True,1.03944,1.0,0.003105590062111801,0.916319008481919,323,ok,,sleep,300.0,sleep:300s:start sleeping -> stop sleeping,
P2,843,1772118090000,1772118390000,1772118240000,2026-02-26 07:04:00,69.02293309675086,72.79892780086668,64.38685066157916,True,1.03944,1.0,0.006230529595015576,0.9187413818022719,322,ok,,sleep,300.0,sleep:300s:start sleeping -> stop sleeping,
P2,844,1772118120000,1772118420000,1772118270000,2026-02-26 07:04:30,65.81136545770858,71.80805435527719,64.18463780809462,True,1.0394666666666668,1.0,0.009375,0.9165490244206111,321,ok,,sleep,300.0,sleep:300s:start sleeping -> stop sleeping,
P2,845,1772118150000,1772118450000,1772118300000,2026-02-26 07:05:00,64.4592771313565,73.24652681594713,64.59549986786972,True,1.03944,1.0,0.006191950464396285,0.9211146947950306,324,ok,,sleep,300.0,sleep:300s:start sleeping -> stop sleeping,
P2,846,1772118180000,1772118480000,1772118330000,2026-02-26 07:05:30,67.35266962689992,74.49968998829911,64.92042739281366,True,1.03944,1.0,0.0030864197530864196,0.9197089593359391,325,ok,,sleep,300.0,sleep:300s:start sleeping -> stop sleeping,
P2,847,1772118210000,1772118510000,1772118360000,2026-02-26 07:06:00,65.8746363687312,77.8884494611205,64.31245132602561,True,1.03944,1.0,0.0,0.9227229154267467,321,ok,,sleep,300.0,sleep:300s:start sleeping -> stop sleeping,
P2,848,1772118240000,1772118540000,1772118390000,2026-02-26 07:06:30,66.26756357004768,76.60815196679746,64.23157626386538,True,1.03944,1.0,0.003125,0.9211989757983294,321,ok,,sleep,300.0,sleep:300s:start sleeping -> stop sleeping,
P2,849,1772118270000,1772118570000,1772118420000,2026-02-26 07:07:00,64.07804351187013,74.33621582857225,64.45528589183148,True,1.03944,1.0,0.003115264797507788,0.9226444286982036,322,ok,,sleep,300.0,sleep:300s:start sleeping -> stop sleeping,
P2,850,1772118300000,1772118600000,1772118450000,2026-02-26 07:07:30,64.63628168186442,71.23159857692097,64.35623775832434,True,1.03944,1.0,0.003105590062111801,0.9200911388970319,323,ok,,sleep,300.0,sleep:300s:start sleeping -> stop sleeping,
P2,851,1772118330000,1772118630000,1772118480000,2026-02-26 07:08:00,66.26276419298622,70.18871015211349,64.11744178086195,True,1.03944,1.0,0.003125,0.9239875884309812,321,ok,,sleep,300.0,sleep:300s:start sleeping -> stop sleeping,
P2,852,1772118360000,1772118660000,1772118510000,2026-02-26 07:08:30,67.60589047067045,70.9226386978018,64.05487367511502,True,1.03944,1.0,0.003125,0.9231519645633587,321,ok,,sleep,300.0,sleep:300s:start sleeping -> stop sleeping,
P2,853,1772118390000,1772118690000,1772118540000,2026-02-26 07:09:00,64.94189590133774,66.55865608427875,64.3156828097914,True,1.03944,1.0,0.0,0.9246938185544478,321,ok,,sleep,300.0,sleep:300s:start sleeping -> stop sleeping,
P2,854,1772118420000,1772118720000,1772118570000,2026-02-26 07:09:30,65.49991650758037,65.79631799309593,64.37574578599578,True,1.0394666666666668,1.0,0.003115264797507788,0.9244041387043291,322,ok,,sleep,300.0,sleep:300s:start sleeping -> stop sleeping,
P2,855,1772118450000,1772118750000,1772118600000,2026-02-26 07:10:00,68.10731002053626,62.659170747538,63.810254789531506,True,1.0394666666666668,1.0,0.0,0.9237239684146664,319,ok,,sleep,300.0,sleep:300s:start sleeping -> stop sleeping,
P2,856,1772118480000,1772118780000,1772118630000,2026-02-26 07:10:30,68.09856318731035,62.94626036527437,64.0619064274442,True,1.0394666666666668,1.0,0.0,0.9247699773764544,320,ok,,sleep,300.0,sleep:300s:start sleeping -> stop sleeping,
P2,857,1772118510000,1772118810000,1772118660000,2026-02-26 07:11:00,68.51269864331289,58.338621995010946,64.64435566441148,True,1.0394666666666668,1.0,0.0,0.9242033408944009,323,ok,,sleep,300.0,sleep:300s:start sleeping -> stop sleeping,
P2,858,1772118540000,1772118840000,1772118690000,2026-02-26 07:11:30,69.69063256932579,58.034612818544375,64.57942316402405,True,1.0394666666666668,1.0,0.0,0.9229281962015177,323,ok,,sleep,300.0,sleep:300s:start sleeping -> stop sleeping,
P2,859,1772118570000,1772118870000,1772118720000,2026-02-26 07:12:00,73.77081307424515,58.76704073369267,64.05697523230694,True,1.0394666666666668,1.0,0.0,0.9237897343721827,320,ok,,sleep,300.0,sleep:300s:start sleeping -> stop sleeping,
P2,860,1772118600000,1772118900000,1772118750000,2026-02-26 07:12:30,70.21309657619162,56.441497483303586,64.02569055922126,True,1.03944,1.0,0.0,0.9255437712075998,320,ok,,sleep,300.0,sleep:300s:start sleeping -> stop sleeping,
P2,861,1772118630000,1772118930000,1772118780000,2026-02-26 07:13:00,70.26754674100982,58.45920368032475,64.45696844754421,True,1.03944,1.0,0.0,0.9256328333178909,322,ok,,sleep,300.0,sleep:300s:start sleeping -> stop sleeping,
P2,862,1772118660000,1772118960000,1772118810000,2026-02-26 07:13:30,69.14697641853971,58.83888488211449,64.80196612776487,True,1.03944,1.0,0.0,0.9249382029340737,324,ok,,sleep,300.0,sleep:300s:start sleeping -> stop sleeping,
P2,863,1772118690000,1772118990000,1772118840000,2026-02-26 07:14:00,70.40183395550903,59.02833486196855,64.78297535597943,True,1.03944,1.0,0.0,0.9230203919093621,323,ok,,sleep,300.0,sleep:300s:start sleeping -> stop sleeping,
P2,864,1772118720000,1772119020000,1772118870000,2026-02-26 07:14:30,68.43212145559701,58.26121867193992,65.15278327678406,True,1.03944,1.0,0.003076923076923077,0.9233354973994812,326,ok,,sleep,300.0,sleep:300s:start sleeping -> stop sleeping,
P2,865,1772118750000,1772119050000,1772118900000,2026-02-26 07:15:00,68.76230519248621,57.24793201224909,65.45943757090602,True,1.03944,1.0,0.003067484662576687,0.920127266864949,327,ok,,sleep,300.0,sleep:300s:start sleeping -> stop sleeping,
P2,866,1772118780000,1772119080000,1772118930000,2026-02-26 07:15:30,72.39945574837252,60.10470198679269,65.43499475489308,True,1.03944,1.0,0.009146341463414634,0.9113492806398973,329,ok,,sleep,300.0,sleep:300s:start sleeping -> stop sleeping,
P2,867,1772118810000,1772119110000,1772118960000,2026-02-26 07:16:00,71.55580320376694,65.10902911666416,64.95784756959411,True,1.03944,1.0,0.006172839506172839,0.9148971117229077,325,ok,,sleep,300.0,sleep:300s:start sleeping -> stop sleeping,
P2,868,1772118840000,1772119140000,1772118990000,2026-02-26 07:16:30,69.6674920692536,77.42668655870344,65.78081392927064,True,1.03944,1.0,0.0060790273556231,0.9155061782893624,330,ok,,sleep,300.0,sleep:300s:start sleeping -> stop sleeping,
P2,869,1772118870000,1772119170000,1772119020000,2026-02-26 07:17:00,69.02888034865153,74.76550976055682,65.97053316185438,True,1.03944,1.0,0.00909090909090909,0.9155801877750274,331,ok,,sleep,300.0,sleep:300s:start sleeping -> stop sleeping,
P2,870,1772118900000,1772119200000,1772119050000,2026-02-26 07:17:30,67.24284801937004,77.29349347968825,65.79243387010494,True,1.0394666666666668,1.0,0.0060790273556231,0.9122866034009557,330,ok,,sleep,300.0,sleep:300s:start sleeping -> stop sleeping,
P2,871,1772118930000,1772119230000,1772119080000,2026-02-26 07:18:00,69.33457346030966,80.01749289636322,65.13204556579302,True,1.0394666666666668,1.0,0.009202453987730062,0.915026099386895,327,ok,,sleep,300.0,sleep:300s:start sleeping -> stop sleeping,
P2,872,1772118960000,1772119260000,1772119110000,2026-02-26 07:18:30,68.60692702735687,81.10154676369298,64.59604900874153,True,1.0394666666666668,1.0,0.006211180124223602,0.917168334687655,323,ok,,sleep,300.0,sleep:300s:start sleeping -> stop sleeping,
P2,873,1772118990000,1772119290000,1772119140000,2026-02-26 07:19:00,68.87106565322281,81.83406509779873,64.8368489424823,True,1.0394666666666668,1.0,0.006172839506172839,0.9190993292341314,325,ok,,sleep,300.0,sleep:300s:start sleeping -> stop sleeping,
P2,874,1772119020000,1772119320000,1772119170000,2026-02-26 07:19:30,70.67000778265134,82.88386111656702,64.58514541655418,True,1.03944,1.0,0.006191950464396285,0.9185682206775767,324,ok,,sleep,300.0,sleep:300s:start sleeping -> stop sleeping,
P2,875,1772119050000,1772119350000,1772119200000,2026-02-26 07:20:00,69.68051256826188,98.36266852330492,64.50072863788951,True,1.03944,1.0,0.006211180124223602,0.917079055108337,323,ok,,sleep,300.0,sleep:300s:start sleeping -> stop sleeping,
P2,876,1772119080000,1772119380000,1772119230000,2026-02-26 07:20:30,68.50529003957972,79.55464164947081,63.82049982690195,True,1.03944,1.0,0.0,0.9218861233738236,319,ok,,sleep,300.0,sleep:300s:start sleeping -> stop sleeping,
P2,877,1772119110000,1772119410000,1772119260000,2026-02-26 07:21:00,71.17776046565149,77.08740398762812,64.04561493326909,True,1.03944,1.0,0.0,0.9212399832757769,320,ok,,sleep,300.0,sleep:300s:start sleeping -> stop sleeping,
P2,878,1772119140000,1772119440000,1772119290000,2026-02-26 07:21:30,73.49093454513597,63.171888307798085,63.29811207371426,True,1.03944,1.0,0.0031645569620253164,0.9195734180296535,317,ok,,sleep,300.0,sleep:300s:start sleeping -> stop sleeping,
P2,879,1772119170000,1772119470000,1772119320000,2026-02-26 07:22:00,73.9547682922782,65.53861633725562,63.604807480085874,True,1.03944,1.0,0.0031545741324921135,0.9204422325017878,318,ok,,sleep,300.0,sleep:300s:start sleeping -> stop sleeping,
P2,880,1772119200000,1772119500000,1772119350000,2026-02-26 07:22:30,73.58445603394321,63.6236200966806,63.97144346849557,True,1.0394133333333333,1.0,0.003134796238244514,0.9212742065175683,320,ok,,sleep,300.0,sleep:300s:start sleeping -> stop sleeping,
P2,881,1772119230000,1772119530000,1772119380000,2026-02-26 07:23:00,72.28050887076559,60.69050603260579,64.49179331915761,True,1.0394133333333333,1.0,0.003105590062111801,0.9207772975596097,323,ok,,sleep,300.0,sleep:300s:start sleeping -> stop sleeping,
P2,882,1772119260000,1772119560000,1772119410000,2026-02-26 07:23:30,71.01961421829304,58.864794639815194,64.92042739281366,True,1.0394133333333333,1.0,0.0,0.9195810975938892,325,ok,,sleep,300.0,sleep:300s:start sleeping -> stop sleeping,
P2,883,1772119290000,1772119590000,1772119440000,2026-02-26 07:24:00,70.34427025724762,58.093529395663545,65.12079908229767,True,1.03944,1.0,0.0,0.9176987562085622,326,ok,,sleep,300.0,sleep:300s:start sleeping -> stop sleeping,
P2,884,1772119320000,1772119620000,1772119470000,2026-02-26 07:24:30,70.35958256624114,57.37582799549074,65.52143305593032,True,1.03944,1.0,0.0030581039755351682,0.9167277639541819,328,ok,,sleep,300.0,sleep:300s:start sleeping -> stop sleeping,
P2,885,1772119350000,1772119650000,1772119500000,2026-02-26 07:25:00,68.93008260132255,79.08098384842523,67.20913241703768,True,1.0394133333333333,1.0,0.0,0.9151004603576938,336,ok,,sleep,300.0,sleep:300s:start sleeping -> stop sleeping,
P2,886,1772119380000,1772119680000,1772119530000,2026-02-26 07:25:30,66.30051348394893,79.51910591239121,68.30382180914991,True,1.0394133333333333,1.0,0.002932551319648094,0.9165042651541302,342,ok,,sleep,300.0,sleep:300s:start sleeping -> stop sleeping,
P2,887,1772119410000,1772119710000,1772119560000,2026-02-26 07:26:00,64.50814578092462,78.68219833085458,69.3258314076158,True,1.0394133333333333,1.0,0.0,0.9185056241912697,346,ok,,sleep,300.0,sleep:300s:start sleeping -> stop sleeping,
P2,888,1772119440000,1772119740000,1772119590000,2026-02-26 07:26:30,62.436179449883014,77.33867875837865,70.27242275889532,True,1.0394133333333333,1.0,0.0,0.9194559261156975,351,ok,,sleep,300.0,sleep:300s:start sleeping -> stop sleeping,
P2,889,1772119470000,1772119770000,1772119620000,2026-02-26 07:27:00,61.86344392329764,77.15678388493806,71.01873771215344,True,1.0394133333333333,1.0,0.002824858757062147,0.9193626793060963,355,ok,,sleep,300.0,sleep:300s:start sleeping -> stop sleeping,
P2,890,1772119500000,1772119800000,1772119650000,2026-02-26 07:27:30,60.89701903520649,74.83071905035393,71.96059205460186,True,1.0394133333333333,1.0,0.002785515320334262,0.9189587739632671,360,ok,,sleep,300.0,sleep:300s:start sleeping -> stop sleeping,
P2,891,1772119530000,1772119830000,1772119680000,2026-02-26 07:28:00,59.81462052322889,78.68020446478833,73.96600846522207,True,1.0394133333333333,1.0,0.0,0.916938320027583,369,ok,,sleep,300.0,sleep:300s:start sleeping -> stop sleeping,
P2,892,1772119560000,1772119860000,1772119710000,2026-02-26 07:28:30,63.45308160904123,78.60062645709844,75.03260106329623,True,1.0394133333333333,1.0,0.0,0.9152915426693485,375,ok,,sleep,300.0,sleep:300s:start sleeping -> stop sleeping,
P2,893,1772119590000,1772119890000,1772119740000,2026-02-26 07:29:00,63.78866133967714,78.57575059205715,75.16737268317453,True,1.0394133333333333,1.0,0.0026666666666666666,0.917526430205981,376,ok,,sleep,300.0,sleep:300s:start sleeping -> stop sleeping,
P2,894,1772119620000,1772119920000,1772119770000,2026-02-26 07:29:30,64.87533140830132,88.62214432497494,74.69042125464514,True,1.0393866666666667,1.0,0.005376344086021506,0.918423093748195,373,ok,,sleep,300.0,sleep:300s:start sleeping -> stop sleeping,
P2,895,1772119650000,1772119950000,1772119800000,2026-02-26 07:30:00,65.88005630068798,91.96867967068312,73.06363796030678,True,1.0394133333333333,1.0,0.0,0.92308302971007,365,ok,,sleep,300.0,sleep:300s:start sleeping -> stop sleeping,
P2,896,1772119680000,1772119980000,1772119830000,2026-02-26 07:30:30,65.95668533711606,94.92817988825016,73.28299449708291,True,1.0394133333333333,1.0,0.0,0.917299948053348,366,ok,,sleep,300.0,sleep:300s:start sleeping -> stop sleeping,
P2,897,1772119710000,1772120010000,1772119860000,2026-02-26 07:31:00,63.68754891970222,107.1766400929674,74.90486681353896,True,1.0394133333333333,1.0,0.00267379679144385,0.9141963004444355,375,ok,,sleep,300.0,sleep:300s:start sleeping -> stop sleeping,
P2,898,1772119740000,1772120040000,1772119890000,2026-02-26 07:31:30,61.854742054133034,119.51435740280681,77.10769374559801,True,1.0393866666666667,1.0,0.0025974025974025974,0.9129987840502775,386,ok,,sleep,300.0,sleep:300s:start sleeping -> stop sleeping,
P2,899,1772119770000,1772120070000,1772119920000,2026-02-26 07:32:00,59.08380259126198,133.83751357965136,79.94029521810778,True,1.0393866666666667,1.0,0.0,0.9142568055123103,400,ok,,sleep,300.0,sleep:300s:start sleeping -> stop sleeping,
P2,900,1772119800000,1772120100000,1772119950000,2026-02-26 07:32:30,57.83119125925433,158.1031610858474,84.76118752494327,True,1.0393866666666667,1.0,0.004728132387706856,0.9067203371944963,424,ok,,sleep,300.0,sleep:300s:start sleeping -> stop sleeping,
P2,901,1772119830000,1772120130000,1772119980000,2026-02-26 07:33:00,56.61107990328476,167.1735336246858,87.4756942296471,True,1.0393866666666667,1.0,0.0,0.9045048963839533,437,ok,,sleep,300.0,sleep:300s:start sleeping -> stop sleeping,
P2,902,1772119860000,1772120160000,1772120010000,2026-02-26 07:33:30,53.741559261651396,162.59258917585444,89.03237449743831,True,1.03936,1.0,0.0,0.9054902893182439,445,ok,,sleep,300.0,sleep:300s:start sleeping -> stop sleeping,
P2,903,1772119890000,1772120190000,1772120040000,2026-02-26 07:34:00,52.863771145996445,157.58987147730005,89.6718869627151,True,1.03936,1.0,0.002232142857142857,0.9061695485648682,449,ok,,sleep,300.0,sleep:300s:start sleeping -> stop sleeping,
P2,904,1772119920000,1772120220000,1772120070000,2026-02-26 07:34:30,53.850541030065514,138.6367687945688,91.30088748066615,True,1.03936,1.0,0.0021929824561403508,0.9067692961719923,457,ok,,sleep,300.0,sleep:300s:start sleeping -> stop sleeping,
P2,905,1772119950000,1772120250000,1772120100000,2026-02-26 07:35:00,51.980573086057625,118.95006486045241,92.75598464751558,True,1.03936,1.0,0.004319654427645789,0.9099997691488464,464,ok,,sleep,300.0,sleep:300s:start sleeping -> stop sleeping,
P2,906,1772119980000,1772120280000,1772120130000,2026-02-26 07:35:30,50.67768070673968,117.54405671195236,92.77495076329392,True,1.0393333333333334,1.0,0.0021551724137931034,0.9186409215874823,465,ok,,sleep,300.0,sleep:300s:start sleeping -> stop sleeping,
P2,907,1772120010000,1772120310000,1772120160000,2026-02-26 07:36:00,53.01777324139503,120.00862415415848,92.06530151051948,True,1.03936,1.0,0.0,0.9173202484014469,460,ok,,sleep,300.0,sleep:300s:start sleeping -> stop sleeping,
P2,908,1772120040000,1772120340000,1772120190000,2026-02-26 07:36:30,54.49732840802142,136.18357975341328,89.30681618183189,True,1.0393333333333334,1.0,0.0,0.9188944516107379,445,ok,,sleep,300.0,sleep:300s:start sleeping -> stop sleeping,
P2,909,1772120070000,1772120370000,1772120220000,2026-02-26 07:37:00,57.689788542927246,154.77300832907034,85.15823229719688,True,1.0393333333333334,1.0,0.0023584905660377358,0.9125507354139071,425,ok,,sleep,300.0,sleep:300s:start sleeping -> stop sleeping,
P2,910,1772120100000,1772120400000,1772120250000,2026-02-26 07:37:30,61.24014311058661,152.14522340357877,78.48568790397044,True,1.0393333333333334,1.0,0.0,0.9173560683726364,392,ok,,sleep,300.0,sleep:300s:start sleeping -> stop sleeping,
P2,911,1772120130000,1772120430000,1772120280000,2026-02-26 07:38:00,66.71413663832621,133.43772337653124,73.4391668868281,True,1.0393333333333334,1.0,0.00273224043715847,0.9168374100823065,367,ok,,sleep,300.0,sleep:300s:start sleeping -> stop sleeping,
P2,912,1772120160000,1772120460000,1772120310000,2026-02-26 07:38:30,68.0463626600597,130.36073699922,70.05687520910004,True,1.0393333333333334,1.0,0.0,0.9213100729626132,350,ok,,sleep,300.0,sleep:300s:start sleeping -> stop sleeping,
P2,913,1772120190000,1772120490000,1772120340000,2026-02-26 07:39:00,65.89410993662618,131.29665009962167,68.59710234072568,True,1.0393333333333334,1.0,0.005847953216374269,0.9204301333817628,343,ok,,sleep,300.0,sleep:300s:start sleeping -> stop sleeping,
P2,914,1772120220000,1772120520000,1772120370000,2026-02-26 07:39:30,64.38813616120017,128.81150395497096,66.7387052757982,True,1.0393333333333334,1.0,0.0,0.9241030484919845,334,ok,,sleep,300.0,sleep:300s:start sleeping -> stop sleeping,
P2,915,1772120250000,1772120550000,1772120400000,2026-02-26 07:40:00,67.11782979896681,121.56665981926552,65.44673418788834,True,1.0393333333333334,1.0,0.0,0.9224172471690755,327,ok,,sleep,300.0,sleep:300s:start sleeping -> stop sleeping,
P2,917,1772120310000,1772120610000,1772120460000,2026-02-26 07:41:00,69.75593141545413,71.78332571215634,61.99979333402222,True,1.0393333333333334,1.0,0.0032258064516129032,0.9257390029470765,311,ok,,sleep,300.0,sleep:300s:start sleeping -> stop sleeping,
P2,918,1772120340000,1772120640000,1772120490000,2026-02-26 07:41:30,69.27948784378704,84.34830593787873,62.66914495660212,True,1.0393333333333334,1.0,0.003194888178913738,0.9211231369826919,314,ok,,sleep,300.0,sleep:300s:start sleeping -> stop sleeping,
P2,919,1772120370000,1772120670000,1772120520000,2026-02-26 07:42:00,68.41650571293636,88.46913588829825,63.50822659306501,True,1.0393333333333334,1.0,0.0,0.9205536456672442,317,ok,,sleep,300.0,sleep:300s:start sleeping -> stop sleeping,
P2,920,1772120400000,1772120700000,1772120550000,2026-02-26 07:42:30,69.94033171211014,84.62631138057253,64.49484895112154,True,1.03936,1.0,0.003115264797507788,0.9177157178792673,322,ok,,sleep,300.0,sleep:300s:start sleeping -> stop sleeping,
P2,921,1772120430000,1772120730000,1772120580000,2026-02-26 07:43:00,68.41869033750939,86.52514155833569,64.4289374912188,True,1.0393333333333334,1.0,0.0,0.9190935203525744,322,ok,,sleep,300.0,sleep:300s:start sleeping -> stop sleeping,
P2,922,1772120460000,1772120760000,1772120610000,2026-02-26 07:43:30,68.57825861145474,80.93709999429653,64.99302929701213,True,1.03936,1.0,0.0,0.9190238065961424,325,ok,,sleep,300.0,sleep:300s:start sleeping -> stop sleeping,
P2,923,1772120490000,1772120790000,1772120640000,2026-02-26 07:44:00,71.4804769776829,80.44084343250856,65.56171890663637,True,1.03936,1.0,0.0,0.9178394131685507,328,ok,,sleep,300.0,sleep:300s:start sleeping -> stop sleeping,
P2,924,1772120520000,1772120820000,1772120670000,2026-02-26 07:44:30,73.5536991356312,77.06584060021831,65.95998427620577,True,1.0393866666666667,1.0,0.0030303030303030303,0.9156943962339289,331,ok,,sleep,300.0,sleep:300s:start sleeping -> stop sleeping,
P2,925,1772120550000,1772120850000,1772120700000,2026-02-26 07:45:00,74.53381700477048,77.98368305364404,65.82832295469186,True,1.03936,1.0,0.0,0.9173800339967799,328,ok,,sleep,300.0,sleep:300s:start sleeping -> stop sleeping,
P2,926,1772120580000,1772120880000,1772120730000,2026-02-26 07:45:30,75.60931857170813,79.73081525051357,66.04381173833401,True,1.0393866666666667,1.0,0.0,0.9176664505168364,330,ok,,sleep,300.0,sleep:300s:start sleeping -> stop sleeping,
P2,927,1772120610000,1772120910000,1772120760000,2026-02-26 07:46:00,76.23003886461822,79.6314486077354,66.77171459269421,True,1.0393866666666667,1.0,0.0,0.9162124241233351,334,ok,,sleep,300.0,sleep:300s:start sleeping -> stop sleeping,
P2,928,1772120640000,1772120940000,1772120790000,2026-02-26 07:46:30,74.96991797930492,73.55780738295016,66.2028012478225,True,1.0394133333333333,1.0,0.0,0.9199425789857432,331,ok,,sleep,300.0,sleep:300s:start sleeping -> stop sleeping,
P2,929,1772120670000,1772120970000,1772120820000,2026-02-26 07:47:00,76.59110241860323,78.80363245061666,66.18213082467734,True,1.0393866666666667,1.0,0.006042296072507553,0.9196521147627672,332,ok,,sleep,300.0,sleep:300s:start sleeping -> stop sleeping,
P2,930,1772120700000,1772121000000,1772120850000,2026-02-26 07:47:30,73.95502514826731,76.77194672773282,66.0965008913013,True,1.0393866666666667,1.0,0.006060606060606061,0.9205503493904897,331,ok,,sleep,300.0,sleep:300s:start sleeping -> stop sleeping,
P2,931,1772120730000,1772121030000,1772120880000,2026-02-26 07:48:00,72.462837915637,73.97405199142982,66.54659685863874,True,1.0394133333333333,1.0,0.0030211480362537764,0.9197099512754972,332,ok,,sleep,300.0,sleep:300s:start sleeping -> stop sleeping,
P2,932,1772120760000,1772121060000,1772120910000,2026-02-26 07:48:30,72.00112950921263,71.47361879044799,66.73881673881674,True,1.0394133333333333,1.0,0.003003003003003003,0.917387066548955,334,ok,,sleep,300.0,sleep:300s:start sleeping -> stop sleeping,
P2,933,1772120790000,1772121090000,1772120940000,2026-02-26 07:49:00,71.62174688504652,77.92929926593465,67.23473794793976,True,1.0394133333333333,1.0,0.005952380952380952,0.9142336019815551,337,ok,,sleep,300.0,sleep:300s:start sleeping -> stop sleeping,
P2,934,1772120820000,1772121120000,1772120970000,2026-02-26 07:49:30,72.05602905745924,81.27235062337977,68.25653916660968,True,1.0394133333333333,1.0,0.005865102639296188,0.9129183835985826,342,ok,,sleep,300.0,sleep:300s:start sleeping -> stop sleeping,
P2,935,1772120850000,1772121150000,1772121000000,2026-02-26 07:50:00,71.28931319959948,79.11444644104908,68.59671768393878,True,1.03944,1.0,0.002932551319648094,0.9147086182130522,342,ok,,sleep,300.0,sleep:300s:start sleeping -> stop sleeping,
P2,936,1772120880000,1772121180000,1772121030000,2026-02-26 07:50:30,70.20632104584956,82.67821123537077,68.10169048886567,True,1.0394133333333333,1.0,0.0058997050147492625,0.9134042458288917,340,ok,,sleep,300.0,sleep:300s:start sleeping -> stop sleeping,
P2,937,1772120910000,1772121210000,1772121060000,2026-02-26 07:51:00,70.88942935325302,83.69849495349636,67.4537384795807,True,1.0394133333333333,1.0,0.002976190476190476,0.9140741668029126,337,ok,,sleep,300.0,sleep:300s:start sleeping -> stop sleeping,
P2,938,1772120940000,1772121240000,1772121090000,2026-02-26 07:51:30,70.82330209585317,83.88804195996603,67.18902512401557,True,1.0394133333333333,1.0,0.0029850746268656717,0.9125633076244716,336,ok,,sleep,300.0,sleep:300s:start sleeping -> stop sleeping,
P2,939,1772120970000,1772121270000,1772121120000,2026-02-26 07:52:00,72.03957037420267,82.62591221864227,67.06614080208293,True,1.03944,1.0,0.0029940119760479044,0.9139284565382405,335,ok,,sleep,300.0,sleep:300s:start sleeping -> stop sleeping,
P2,940,1772121000000,1772121300000,1772121150000,2026-02-26 07:52:30,72.3303567915655,81.52522008238945,66.53417725746922,True,1.03944,1.0,0.0,0.9134960893569536,333,ok,,sleep,300.0,sleep:300s:start sleeping -> stop sleeping,
P2,941,1772121030000,1772121330000,1772121180000,2026-02-26 07:53:00,73.62291991865982,81.37981504208668,66.8256479378702,True,1.03944,1.0,0.0,0.9129440178260921,334,ok,,sleep,300.0,sleep:300s:start sleeping -> stop sleeping,
P2,942,1772121060000,1772121360000,1772121210000,2026-02-26 07:53:30,74.6451777945222,81.78323680842209,66.71947508653938,True,1.03944,1.0,0.0030120481927710845,0.9157501514688338,333,ok,,sleep,300.0,sleep:300s:start sleeping -> stop sleeping,
P2,943,1772121090000,1772121390000,1772121240000,2026-02-26 07:54:00,74.59073126288766,76.89476561495822,66.43842355495595,True,1.0394133333333333,1.0,0.0030120481927710845,0.9161437717671798,333,ok,,sleep,300.0,sleep:300s:start sleeping -> stop sleeping,
P2,944,1772121120000,1772121420000,1772121270000,2026-02-26 07:54:30,73.96337971227071,69.60003771635458,65.28149306384137,True,1.0394133333333333,1.0,0.003067484662576687,0.9187901892683111,327,ok,,sleep,300.0,sleep:300s:start sleeping -> stop sleeping,
P2,945,1772121150000,1772121450000,1772121300000,2026-02-26 07:55:00,74.34772770828047,67.32363758676524,65.2296795041744,True,1.0394133333333333,1.0,0.006134969325153374,0.9202327369919594,327,ok,,sleep,300.0,sleep:300s:start sleeping -> stop sleeping,
P2,947,1772121210000,1772121510000,1772121360000,2026-02-26 07:56:00,71.31122209260941,63.33932219760426,66.09965175462095,True,1.03944,1.0,0.00303951367781155,0.9189510534884323,330,ok,,sleep,300.0,sleep:300s:start sleeping -> stop sleeping,
P2,948,1772121240000,1772121540000,1772121390000,2026-02-26 07:56:30,71.18268163067292,64.73004258105274,66.27337768294214,True,1.03944,1.0,0.0030303030303030303,0.9179710870185172,331,ok,,sleep,300.0,sleep:300s:start sleeping -> stop sleeping,
P2,950,1772121300000,1772121600000,1772121450000,2026-02-26 07:57:30,68.37575040351106,63.12736679674028,67.01646317605866,True,1.03944,1.0,0.0,0.9198832599204816,335,ok,,sleep,300.0,sleep:300s:start sleeping -> stop sleeping,
P2,951,1772121330000,1772121630000,1772121480000,2026-02-26 07:58:00,68.46366237264985,64.13555220352026,67.34466513348198,True,1.03944,1.0,0.002967359050445104,0.919677769947788,338,ok,,sleep,286.667,sleep:287s:start sleeping -> stop sleeping,
P2,952,1772121360000,1772121660000,1772121510000,2026-02-26 07:58:30,66.50199715046158,65.05084861369943,67.78422357395839,True,1.03944,1.0,0.0,0.9211866267822608,338,ok,,sleep,256.667,sleep:257s:start sleeping -> stop sleeping,
P2,953,1772121390000,1772121690000,1772121540000,2026-02-26 07:59:00,65.3580109140668,73.38634354674,68.57051467868817,True,1.0394666666666668,1.0,0.0058309037900874635,0.9209914319067073,344,ok,,sleep,226.667,sleep:227s:start sleeping -> stop sleeping,
P2,954,1772121420000,1772121720000,1772121570000,2026-02-26 07:59:30,66.19358062742239,67.7017417677636,69.10100263218071,True,1.0394666666666668,1.0,0.0,0.9212281916566605,346,ok,,sleep,196.667,sleep:197s:start sleeping -> stop sleeping,
P2,955,1772121450000,1772121750000,1772121600000,2026-02-26 08:00:00,63.264750646403286,69.53973427234145,69.51438145350977,True,1.03944,1.0,0.005747126436781609,0.9215325021749983,349,ok,,sleep,166.667,sleep:167s:start sleeping -> stop sleeping,
P2,956,1772121480000,1772121780000,1772121630000,2026-02-26 08:00:30,62.942087894916774,70.39568491187833,70.4168840027284,True,1.03944,1.0,0.0,0.921893936411911,352,ok,,sleep,136.667,sleep:137s:start sleeping -> stop sleeping,
P2,957,1772121510000,1772121810000,1772121660000,2026-02-26 08:01:00,64.3801808968233,71.93774466172587,70.77949606473375,True,1.03944,1.0,0.0,0.9211463652978134,353,ok,,sleep,106.667,sleep:107s:start sleeping -> stop sleeping,
P2,958,1772121540000,1772121840000,1772121690000,2026-02-26 08:01:30,65.28464235347109,77.48122618660246,70.26877807614123,True,1.03944,1.0,0.0,0.9218135092216136,351,ok,,sleep,76.667,sleep:77s:start sleeping -> stop sleeping,
P2,959,1772121570000,1772121870000,1772121720000,2026-02-26 08:02:00,66.0516281949908,92.5771505748629,69.2577542754953,True,1.03944,1.0,0.002898550724637681,0.9216000027074757,346,ok,,sleep,46.667,sleep:47s:start sleeping -> stop sleeping,
P2,960,1772121600000,1772121900000,1772121750000,2026-02-26 08:02:30,69.77206885939641,104.20511900032523,68.24853842743993,True,1.03944,1.0,0.0029411764705882353,0.9191890495719715,341,ok,,sleep,16.667,sleep:17s:start sleeping -> stop sleeping,
P2,961,1772121630000,1772121930000,1772121780000,2026-02-26 08:03:00,71.56119948047501,111.66642730638836,66.89142363563927,True,1.03944,1.0,0.0,0.920293211906027,334,ok,,unlabeled,0.0,,
P2,962,1772121660000,1772121960000,1772121810000,2026-02-26 08:03:30,72.14309493492077,113.7831504139229,65.89212173971272,True,1.0394133333333333,1.0,0.0,0.922278042860532,329,ok,,unlabeled,0.0,,
P2,963,1772121690000,1772121990000,1772121840000,2026-02-26 08:04:00,71.7997704122374,104.91420882787875,64.4259202269291,True,1.03944,1.0,0.0,0.9235626156552603,322,ok,,unlabeled,0.0,,
P2,964,1772121720000,1772122020000,1772121870000,2026-02-26 08:04:30,71.51280645689813,107.65169120832972,63.51188677386663,True,1.03944,1.0,0.0031545741324921135,0.9249858564016009,318,ok,,unlabeled,0.0,,
P2,965,1772121750000,1772122050000,1772121900000,2026-02-26 08:05:00,71.59055381472051,101.88218588388351,62.6564738328893,True,1.03944,1.0,0.0,0.9282327155077945,313,ok,,unlabeled,0.0,,
P2,966,1772121780000,1772122080000,1772121930000,2026-02-26 08:05:30,73.52352231315726,85.3041388381277,61.59216756279592,True,1.03944,1.0,0.0,0.9298743062909588,308,ok,,unlabeled,0.0,,
P2,967,1772121810000,1772122110000,1772121960000,2026-02-26 08:06:00,75.51092526540174,71.94361162436276,60.728440651978936,True,1.03944,1.0,0.0,0.9278452091414089,304,ok,,unlabeled,0.0,,
P2,968,1772121840000,1772122140000,1772121990000,2026-02-26 08:06:30,75.88713110051444,71.78351066297033,60.5612478433858,True,1.03944,1.0,0.0,0.9260674713221885,302,ok,,unlabeled,0.0,,
P2,969,1772121870000,1772122170000,1772122020000,2026-02-26 08:07:00,72.53852368432,74.5074394254098,61.41177058936296,True,1.0394133333333333,1.0,0.003257328990228013,0.9288611310631405,308,ok,,unlabeled,0.0,,
P2,970,1772121900000,1772122200000,1772122050000,2026-02-26 08:07:30,75.94830584871741,81.35460606005033,62.41220148504917,True,1.0394133333333333,1.0,0.0,0.926253213216012,312,ok,,unlabeled,0.0,,
P2,971,1772121930000,1772122230000,1772122080000,2026-02-26 08:08:00,72.92258241092198,77.14621936209396,63.016909537392536,True,1.0394133333333333,1.0,0.006349206349206349,0.9262594578322134,316,ok,,unlabeled,0.0,,
P2,972,1772121960000,1772122260000,1772122110000,2026-02-26 08:08:30,78.84974338100284,87.44585808255525,64.27037606178766,True,1.03944,1.0,0.006230529595015576,0.9224614108191103,322,ok,,unlabeled,0.0,,
P2,973,1772121990000,1772122290000,1772122140000,2026-02-26 08:09:00,72.3883422956589,81.5301980559541,64.23993616156343,True,1.03944,1.0,0.003125,0.922450378344386,321,ok,,unlabeled,0.0,,
P2,974,1772122020000,1772122320000,1772122170000,2026-02-26 08:09:30,73.16329439725102,76.79327878687474,64.98944422993024,True,1.03944,1.0,0.0,0.9198374445841468,325,ok,,unlabeled,0.0,,
P2,975,1772122050000,1772122350000,1772122200000,2026-02-26 08:10:00,73.01554545215588,74.60499989893566,65.70710257720084,True,1.03944,1.0,0.0,0.9183182453585758,329,ok,,unlabeled,0.0,,
P2,976,1772122080000,1772122380000,1772122230000,2026-02-26 08:10:30,70.58931485679132,73.71678155979636,65.96832918664124,True,1.0394133333333333,1.0,0.0,0.921110912114125,330,ok,,unlabeled,0.0,,
P2,977,1772122110000,1772122410000,1772122260000,2026-02-26 08:11:00,70.44409731071475,73.20934053759997,66.54773597386198,True,1.0394133333333333,1.0,0.0,0.9212822735788697,333,ok,,unlabeled,0.0,,
P2,978,1772122140000,1772122440000,1772122290000,2026-02-26 08:11:30,69.05132214781587,70.20656855302701,66.72912084884251,True,1.0394133333333333,1.0,0.003003003003003003,0.9217265666030852,334,ok,,unlabeled,0.0,,
P2,979,1772122170000,1772122470000,1772122320000,2026-02-26 08:12:00,69.90181967545189,72.01292241777064,66.36580390007703,True,1.03944,1.0,0.0030211480362537764,0.9203901368106184,332,ok,,unlabeled,0.0,,
P2,980,1772122200000,1772122500000,1772122350000,2026-02-26 08:12:30,65.16784837278627,71.48888883591538,65.57069298433812,True,1.03944,1.0,0.0,0.9242956468369359,327,ok,,unlabeled,0.0,,
P2,981,1772122230000,1772122530000,1772122380000,2026-02-26 08:13:00,63.80106099913531,71.18201942273507,65.40373262713352,True,1.03944,1.0,0.0,0.9236565439008384,327,ok,,unlabeled,0.0,,
P2,982,1772122260000,1772122560000,1772122410000,2026-02-26 08:13:30,63.1525929792277,73.99400914883172,64.12328824490137,True,1.0394133333333333,1.0,0.0,0.9240766456785614,320,ok,,unlabeled,0.0,,
P2,983,1772122290000,1772122590000,1772122440000,2026-02-26 08:14:00,63.26242225366202,77.17788200453617,63.76749595604454,True,1.0394133333333333,1.0,0.0,0.925280983377492,319,ok,,unlabeled,0.0,,
P2,984,1772122320000,1772122620000,1772122470000,2026-02-26 08:14:30,62.60762162639854,78.95873914228825,63.16515389010396,True,1.0394133333333333,1.0,0.006329113924050633,0.9297317313184102,317,ok,,unlabeled,0.0,,
P2,985,1772122350000,1772122650000,1772122500000,2026-02-26 08:15:00,62.63153466597625,76.24260422724836,62.75374667936445,True,1.03944,1.0,0.003194888178913738,0.9298497483652146,314,ok,,unlabeled,0.0,,
P2,986,1772122380000,1772122680000,1772122530000,2026-02-26 08:15:30,65.89507967954835,76.28356938570066,61.96120239489739,True,1.03944,1.0,0.003236245954692557,0.9257516765258966,310,ok,,unlabeled,0.0,,
P2,987,1772122410000,1772122710000,1772122560000,2026-02-26 08:16:00,64.9169936118629,65.70203134639978,60.89615831661313,True,1.03944,1.0,0.0,0.9285033074477529,304,ok,,unlabeled,0.0,,
P2,988,1772122440000,1772122740000,1772122590000,2026-02-26 08:16:30,66.48737618565633,64.65725867850098,60.68971963552785,True,1.03944,1.0,0.0,0.9285138579298887,304,ok,,unlabeled,0.0,,
P2,989,1772122470000,1772122770000,1772122620000,2026-02-26 08:17:00,68.38079207096457,64.21745384042772,60.68887906434629,True,1.0394133333333333,1.0,0.0,0.9284188898270124,303,ok,,unlabeled,0.0,,
P2,990,1772122500000,1772122800000,1772122650000,2026-02-26 08:17:30,71.43075079731724,65.32107636709138,60.519020740790225,True,1.0394133333333333,1.0,0.0,0.9285231576796561,303,ok,,unlabeled,0.0,,
P2,991,1772122530000,1772122830000,1772122680000,2026-02-26 08:18:00,72.15882944357305,65.17132069380311,60.31238207192735,True,1.03944,1.0,0.0,0.9332587292076143,302,ok,,unlabeled,0.0,,
P2,992,1772122560000,1772122860000,1772122710000,2026-02-26 08:18:30,69.12070735626527,62.64719724057172,60.87923274753536,True,1.03944,1.0,0.0033003300330033004,0.9328264700504513,304,ok,,unlabeled,0.0,,
P2,993,1772122590000,1772122890000,1772122740000,2026-02-26 08:19:00,71.75234276879367,70.74265470819547,61.36645300569022,True,1.03944,1.0,0.006514657980456026,0.9326746942670103,308,ok,,unlabeled,0.0,,
P2,994,1772122620000,1772122920000,1772122770000,2026-02-26 08:19:30,69.59539932957593,62.10088721838655,61.422521591250124,True,1.03944,1.0,0.003257328990228013,0.931337524706894,308,ok,,unlabeled,0.0,,
P2,995,1772122650000,1772122950000,1772122800000,2026-02-26 08:20:00,66.7975141359081,55.41023432690218,61.17475588598096,True,1.03944,1.0,0.0,0.9361733818286287,306,ok,,unlabeled,0.0,,
P2,996,1772122680000,1772122980000,1772122830000,2026-02-26 08:20:30,65.46118860145113,54.17599538886347,61.38969415493876,True,1.0394133333333333,1.0,0.0,0.9350270517088436,307,ok,,unlabeled,0.0,,
P2,997,1772122710000,1772123010000,1772122860000,2026-02-26 08:21:00,63.81007357930312,48.706023050097016,61.65834848013176,True,1.0394133333333333,1.0,0.0,0.9384493293583256,308,ok,,unlabeled,0.0,,
P2,998,1772122740000,1772123040000,1772122890000,2026-02-26 08:21:30,65.27478874422043,50.200791463863304,61.798579435251945,True,1.0394133333333333,1.0,0.0,0.936869897473152,309,ok,,unlabeled,0.0,,
P2,999,1772122770000,1772123070000,1772122920000,2026-02-26 08:22:00,63.211809806576504,50.65747681094042,61.935276295680616,True,1.03944,1.0,0.0,0.9355437487663301,309,ok,,unlabeled,0.0,,
P2,1000,1772122800000,1772123100000,1772122950000,2026-02-26 08:22:30,62.846796813416354,50.72278212089725,61.91784493734504,True,1.0394133333333333,1.0,0.0,0.93537501329335,309,ok,,unlabeled,0.0,,
P2,1001,1772122830000,1772123130000,1772122980000,2026-02-26 08:23:00,66.25639348334133,59.84871516219633,62.31008114335326,True,1.0394133333333333,1.0,0.006430868167202572,0.9315000193064696,312,ok,,unlabeled,0.0,,
P2,1002,1772122860000,1772123160000,1772123010000,2026-02-26 08:23:30,66.12844081058533,50.57168710885819,61.88259719385193,True,1.0394133333333333,1.0,0.0,0.9315515715653397,309,ok,,unlabeled,0.0,,
P2,1003,1772122890000,1772123190000,1772123040000,2026-02-26 08:24:00,65.17710774952225,49.18516067759839,61.82690474039726,True,1.0394133333333333,1.0,0.0,0.9284565293576512,309,ok,,unlabeled,0.0,,
P2,1004,1772122920000,1772123220000,1772123070000,2026-02-26 08:24:30,65.28184946604102,49.625779568690355,61.80581335848375,True,1.03944,1.0,0.0,0.9297878132284627,309,ok,,unlabeled,0.0,,
P2,1005,1772122950000,1772123250000,1772123100000,2026-02-26 08:25:00,65.93845220224206,50.49502611902178,61.50937618575299,True,1.0394133333333333,1.0,0.006493506493506494,0.9281505291482629,309,ok,,unlabeled,0.0,,
P2,1006,1772122980000,1772123280000,1772123130000,2026-02-26 08:25:30,68.78262383847583,54.1599921110614,61.293596326403474,True,1.0394133333333333,1.0,0.0,0.9230448671844709,306,ok,,unlabeled,0.0,,
P2,1007,1772123010000,1772123310000,1772123160000,2026-02-26 08:26:00,70.83542885065373,63.13105720729697,61.66886356431348,True,1.0394133333333333,1.0,0.00974025974025974,0.9218517676805558,309,ok,,unlabeled,0.0,,
P2,1008,1772123040000,1772123340000,1772123190000,2026-02-26 08:26:30,67.7553850833438,64.20664199330146,61.79938200617994,True,1.0394133333333333,1.0,0.003236245954692557,0.922851391447549,310,ok,,unlabeled,0.0,,
P2,1009,1772123070000,1772123370000,1772123220000,2026-02-26 08:27:00,65.26556638721644,65.21419918155688,61.83442116111302,True,1.0393866666666667,1.0,0.003236245954692557,0.9237098158361149,310,ok,,unlabeled,0.0,,
P2,1010,1772123100000,1772123400000,1772123250000,2026-02-26 08:27:30,64.38785176215661,65.05456296630497,62.20140640936175,True,1.0394133333333333,1.0,0.0,0.9242903547366013,310,ok,,unlabeled,0.0,,
P2,1011,1772123130000,1772123430000,1772123280000,2026-02-26 08:28:00,66.92778178213086,68.73387105718257,62.554927704280935,True,1.0394133333333333,1.0,0.0,0.9250624752786181,313,ok,,unlabeled,0.0,,
P2,1012,1772123160000,1772123460000,1772123310000,2026-02-26 08:28:30,64.00613452170235,70.63599161344645,62.755424267435686,True,1.0394133333333333,1.0,0.0,0.9248828083738885,314,ok,,unlabeled,0.0,,
P2,1013,1772123190000,1772123490000,1772123340000,2026-02-26 08:29:00,64.03244369968904,70.50935382498255,62.82028981628912,True,1.0393866666666667,1.0,0.0,0.9257738065096714,314,ok,,unlabeled,0.0,,
P2,1014,1772123220000,1772123520000,1772123370000,2026-02-26 08:29:30,65.53212805238324,71.75101740203681,62.62901342576019,True,1.0394133333333333,1.0,0.0,0.9247173454096743,313,ok,,unlabeled,0.0,,
P2,1015,1772123250000,1772123550000,1772123400000,2026-02-26 08:30:00,65.7277309465694,72.73753456804316,62.73152710182349,True,1.0394133333333333,1.0,0.003194888178913738,0.9235964052719389,314,ok,,unlabeled,0.0,,
P2,1016,1772123280000,1772123580000,1772123430000,2026-02-26 08:30:30,61.017392491773826,73.16667847499572,62.79582300433734,True,1.0394133333333333,1.0,0.0,0.9297369385761332,313,ok,,unlabeled,0.0,,
P2,1017,1772123310000,1772123610000,1772123460000,2026-02-26 08:31:00,63.76054462817935,72.1066359019707,62.78941473444892,True,1.0393866666666667,1.0,0.0,0.9233938625410177,314,ok,,unlabeled,0.0,,
P2,1018,1772123340000,1772123640000,1772123490000,2026-02-26 08:31:30,63.52812881807083,69.23281930874177,62.662975621022895,True,1.0394133333333333,1.0,0.003205128205128205,0.9230408213613762,313,ok,,unlabeled,0.0,,
P2,1019,1772123370000,1772123670000,1772123520000,2026-02-26 08:32:00,65.44824284814212,68.01581255020022,62.28714373260732,True,1.0394133333333333,1.0,0.0,0.9255049053373439,311,ok,,unlabeled,0.0,,
P2,1020,1772123400000,1772123700000,1772123550000,2026-02-26 08:32:30,65.2272149991645,69.8192304131746,61.95915657762832,True,1.0394133333333333,1.0,0.0,0.9256420236798197,309,ok,,unlabeled,0.0,,
P2,1021,1772123430000,1772123730000,1772123580000,2026-02-26 08:33:00,64.41616740346184,66.64507300558574,61.44742831133364,True,1.0394133333333333,1.0,0.0032679738562091504,0.9252146076387744,307,ok,,unlabeled,0.0,,
P2,1022,1772123460000,1772123760000,1772123610000,2026-02-26 08:33:30,66.78899978142567,64.96782718023056,61.39174688945139,True,1.0394133333333333,1.0,0.0,0.9210379174873524,307,ok,,unlabeled,0.0,,
P2,1023,1772123490000,1772123790000,1772123640000,2026-02-26 08:34:00,66.78452816794005,66.59951670215094,61.58949033192121,True,1.0394133333333333,1.0,0.0,0.922675439199534,308,ok,,unlabeled,0.0,,
P2,1024,1772123520000,1772123820000,1772123670000,2026-02-26 08:34:30,64.48684940302432,65.12461347166808,61.6822429906542,True,1.0394133333333333,1.0,0.0,0.9262677248193628,309,ok,,unlabeled,0.0,,
P2,1025,1772123550000,1772123850000,1772123700000,2026-02-26 08:35:00,64.74363184188596,64.37864821155809,62.073453586744314,True,1.0394133333333333,1.0,0.0032258064516129032,0.9254062733907329,311,ok,,unlabeled,0.0,,
P2,1026,1772123580000,1772123880000,1772123730000,2026-02-26 08:35:30,65.54076319262221,60.740840861290074,62.58441541074366,True,1.0394133333333333,1.0,0.0,0.9255201536311445,313,ok,,unlabeled,0.0,,
P2,1027,1772123610000,1772123910000,1772123760000,2026-02-26 08:36:00,64.44402503304357,59.93654785927349,62.26191512295055,True,1.0394133333333333,1.0,0.0,0.9268106327022119,311,ok,,unlabeled,0.0,,
P2,1028,1772123640000,1772123940000,1772123790000,2026-02-26 08:36:30,64.84557338089296,59.62041009126207,62.395297280487924,True,1.0394133333333333,1.0,0.0,0.9272825835414419,312,ok,,unlabeled,0.0,,
P2,1029,1772123670000,1772123970000,1772123820000,2026-02-26 08:37:00,60.739222954596684,57.60496490451038,62.72566040634738,True,1.0394133333333333,1.0,0.003194888178913738,0.9248315633797476,314,ok,,unlabeled,0.0,,
P2,1030,1772123700000,1772124000000,1772123850000,2026-02-26 08:37:30,62.56330127692006,56.59202276860251,63.025421595771455,True,1.0394133333333333,1.0,0.0,0.9241629119070978,314,ok,,unlabeled,0.0,,
P2,1031,1772123730000,1772124030000,1772123880000,2026-02-26 08:38:00,65.39146965619804,57.03085155413811,63.63545116932651,True,1.0394133333333333,1.0,0.0,0.922457434258841,318,ok,,unlabeled,0.0,,
P2,1032,1772123760000,1772124060000,1772123910000,2026-02-26 08:38:30,63.19520187777448,75.34982328757692,64.90657539109728,True,1.03944,1.0,0.0,0.9227408807445749,324,ok,,unlabeled,0.0,,
P2,1033,1772123790000,1772124090000,1772123940000,2026-02-26 08:39:00,62.41770116689852,82.88701943144648,65.83503106088737,True,1.0394133333333333,1.0,0.0,0.9250153581408898,329,ok,,unlabeled,0.0,,
P2,1034,1772123820000,1772124120000,1772123970000,2026-02-26 08:39:30,64.12328111320328,80.24714529015212,66.63620567174831,True,1.0394133333333333,1.0,0.003003003003003003,0.9238145423277563,334,ok,,unlabeled,0.0,,
P2,1035,1772123850000,1772124150000,1772124000000,2026-02-26 08:40:00,63.78017074013457,79.870014270384,67.07960112667031,True,1.0394133333333333,1.0,0.0029850746268656717,0.9221598258166032,336,ok,,unlabeled,0.0,,
P2,1036,1772123880000,1772124180000,1772124030000,2026-02-26 08:40:30,63.299689938171554,82.294680380791,67.64987164644889,True,1.03944,1.0,0.0,0.9221942087817083,337,ok,,unlabeled,0.0,,
P2,1037,1772123910000,1772124210000,1772124060000,2026-02-26 08:41:00,64.72483366967622,90.521707603802,68.78020413483327,True,1.03944,1.0,0.0029154518950437317,0.9192520095819126,344,ok,,unlabeled,0.0,,
P2,1038,1772123940000,1772124240000,1772124090000,2026-02-26 08:41:30,63.72806065059343,96.77802612714488,70.41664855538875,True,1.0394133333333333,1.0,0.0,0.9199274539003052,352,ok,,unlabeled,0.0,,
P2,1039,1772123970000,1772124270000,1772124120000,2026-02-26 08:42:00,62.95549106113464,95.8510185104486,71.88482409242907,True,1.0394133333333333,1.0,0.0,0.9216102314353503,360,ok,,unlabeled,0.0,,
P2,1040,1772124000000,1772124300000,1772124150000,2026-02-26 08:42:30,64.45696664791595,87.65519833399587,73.08014455853252,True,1.0394133333333333,1.0,0.0027397260273972603,0.9235522260465487,366,ok,,unlabeled,0.0,,
P2,1041,1772124030000,1772124330000,1772124180000,2026-02-26 08:43:00,63.19150427497402,81.81108156524984,73.77731147190414,True,1.0394133333333333,1.0,0.002717391304347826,0.9242268898285881,369,ok,,unlabeled,0.0,,
P2,1042,1772124060000,1772124360000,1772124210000,2026-02-26 08:43:30,63.51693541104483,82.27656737137535,74.07481556371935,True,1.0394133333333333,1.0,0.005405405405405406,0.9227243795979374,371,ok,,unlabeled,0.0,,
P2,1043,1772124090000,1772124390000,1772124240000,2026-02-26 08:44:00,65.14649180957764,83.26023567624796,73.90423911770121,True,1.0394133333333333,1.0,0.0,0.9247038569519047,369,ok,,unlabeled,0.0,,
P2,1044,1772124120000,1772124420000,1772124270000,2026-02-26 08:44:30,65.27685463223168,81.59806943291662,74.14507720105674,True,1.0394133333333333,1.0,0.0,0.9222158027460144,371,ok,,unlabeled,0.0,,
P2,1045,1772124150000,1772124450000,1772124300000,2026-02-26 08:45:00,63.38522829315519,79.13741445865809,75.11994150660554,True,1.0393866666666667,1.0,0.0,0.9243987308168908,376,ok,,unlabeled,0.0,,
P2,1046,1772124180000,1772124480000,1772124330000,2026-02-26 08:45:30,65.32419664004041,76.54512376129001,75.5900446302923,True,1.0393866666666667,1.0,0.0,0.9235277595699645,377,ok,,unlabeled,0.0,,
P2,1047,1772124210000,1772124510000,1772124360000,2026-02-26 08:46:00,66.99545905799538,68.68665892978251,75.9498744188532,True,1.0394133333333333,1.0,0.002638522427440633,0.9240100872051978,380,ok,,unlabeled,0.0,,
P2,1048,1772124240000,1772124540000,1772124390000,2026-02-26 08:46:30,69.201933872653,71.2374765036141,76.2062649571507,True,1.0393866666666667,1.0,0.002631578947368421,0.9241418419984068,381,ok,,unlabeled,0.0,,
P2,1050,1772124300000,1772124600000,1772124450000,2026-02-26 08:47:30,69.73231129179096,72.65916549086745,75.92781181655786,True,1.03936,1.0,0.005277044854881266,0.922942574175199,380,ok,,unlabeled,0.0,,
P2,1051,1772124330000,1772124630000,1772124480000,2026-02-26 08:48:00,67.20658351474853,73.64810579206043,75.83589565727777,True,1.0393866666666667,1.0,0.005277044854881266,0.9227677097071584,380,ok,,unlabeled,0.0,,
P2,1052,1772124360000,1772124660000,1772124510000,2026-02-26 08:48:30,65.70906303659682,75.05273549437393,74.94489346069066,True,1.0393866666666667,1.0,0.00267379679144385,0.9251549811967086,375,ok,,unlabeled,0.0,,
P2,1053,1772124390000,1772124690000,1772124540000,2026-02-26 08:49:00,65.63005852664038,77.74962323190539,74.54013545465476,True,1.03936,1.0,0.005376344086021506,0.9260995487539796,373,ok,,unlabeled,0.0,,
P2,1054,1772124420000,1772124720000,1772124570000,2026-02-26 08:49:30,67.8019927071009,78.31271049441452,74.64080363932284,True,1.0393866666666667,1.0,0.005361930294906166,0.9293684017009914,374,ok,,unlabeled,0.0,,
P2,1055,1772124450000,1772124750000,1772124600000,2026-02-26 08:50:00,69.02578201734673,79.66329135390876,73.76868439164222,True,1.03936,1.0,0.002717391304347826,0.9303167025141496,369,ok,,unlabeled,0.0,,
P2,1056,1772124480000,1772124780000,1772124630000,2026-02-26 08:50:30,66.10777340765632,78.34191332443055,73.53211269581014,True,1.03936,1.0,0.0027247956403269754,0.9356980593853236,368,ok,,unlabeled,0.0,,
P2,1057,1772124510000,1772124810000,1772124660000,2026-02-26 08:51:00,65.55110832165846,74.35159019364245,73.1316369465037,True,1.0393866666666667,1.0,0.0,0.9331668414009284,366,ok,,unlabeled,0.0,,
P2,1058,1772124540000,1772124840000,1772124690000,2026-02-26 08:51:30,66.045818484411,71.22317263597755,72.32328508432694,True,1.03936,1.0,0.002777777777777778,0.9321932052632241,361,ok,,unlabeled,0.0,,
P2,1059,1772124570000,1772124870000,1772124720000,2026-02-26 08:52:00,64.51986398902288,68.01349017214245,71.96287597595892,True,1.03936,1.0,0.002785515320334262,0.9328698930866425,360,ok,,unlabeled,0.0,,
P2,1060,1772124600000,1772124900000,1772124750000,2026-02-26 08:52:30,63.80149098650313,67.10125028473857,71.8214494691967,True,1.0393866666666667,1.0,0.0,0.9328261035141234,359,ok,,unlabeled,0.0,,
P2,1061,1772124630000,1772124930000,1772124780000,2026-02-26 08:53:00,65.19155141082423,66.22182573434392,71.77513132042183,True,1.03936,1.0,0.0,0.931684661288217,359,ok,,unlabeled,0.0,,
P2,1062,1772124660000,1772124960000,1772124810000,2026-02-26 08:53:30,69.0291412837268,67.21148523526024,71.98283640446735,True,1.03936,1.0,0.002785515320334262,0.9281702093560783,360,ok,,unlabeled,0.0,,
P2,1063,1772124690000,1772124990000,1772124840000,2026-02-26 08:54:00,67.75671291353201,65.19448507065118,72.22799971911333,True,1.03936,1.0,0.002777777777777778,0.9270492290966869,361,ok,,unlabeled,0.0,,
P2,1064,1772124720000,1772125020000,1772124870000,2026-02-26 08:54:30,68.94176151250363,65.79966180291937,71.84741929673585,True,1.03936,1.0,0.002785515320334262,0.926923635358095,360,ok,,unlabeled,0.0,,
P2,1065,1772124750000,1772125050000,1772124900000,2026-02-26 08:55:00,70.22726735948042,65.18108474410691,72.11081027846123,True,1.0393866666666667,1.0,0.0,0.9255007076055101,361,ok,,unlabeled,0.0,,
P2,1066,1772124780000,1772125080000,1772124930000,2026-02-26 08:55:30,68.38136568674508,63.99556979286211,72.02905238658936,True,1.03936,1.0,0.0,0.9246335782096893,360,ok,,unlabeled,0.0,,
P2,1067,1772124810000,1772125110000,1772124960000,2026-02-26 08:56:00,64.9798636622473,64.35653022198417,72.02110479171056,True,1.03936,1.0,0.002785515320334262,0.9267177728265631,360,ok,,unlabeled,0.0,,
P2,1068,1772124840000,1772125140000,1772124990000,2026-02-26 08:56:30,65.14758079094852,61.36880730717096,71.69511551992309,True,1.03936,1.0,0.002793296089385475,0.9312216123352958,359,ok,,unlabeled,0.0,,
P2,1069,1772124870000,1772125170000,1772125020000,2026-02-26 08:57:00,67.23081776345471,69.5465385597373,70.64719675546208,True,1.03936,1.0,0.0,0.9354066553064102,352,ok,,unlabeled,0.0,,
P2,1070,1772124900000,1772125200000,1772125050000,2026-02-26 08:57:30,65.84182980236909,72.89624993522717,70.06695509892691,True,1.03936,1.0,0.0028653295128939827,0.9344137789595037,350,ok,,unlabeled,0.0,,
P2,1071,1772124930000,1772125230000,1772125080000,2026-02-26 08:58:00,64.08306928863855,73.2188169497447,69.83254236607904,True,1.03936,1.0,0.0,0.9389914593532785,349,ok,,unlabeled,0.0,,
P2,1072,1772124960000,1772125260000,1772125110000,2026-02-26 08:58:30,59.28694934901265,73.81987695731085,69.85029689721502,True,1.0393333333333334,1.0,0.0,0.9423511773987518,349,ok,,unlabeled,0.0,,
P2,1073,1772124990000,1772125290000,1772125140000,2026-02-26 08:59:00,59.874123482721714,74.68101227235951,69.84842757407178,True,1.03936,1.0,0.0,0.9424018627729015,349,ok,,unlabeled,0.0,,
P2,1074,1772125020000,1772125320000,1772125170000,2026-02-26 08:59:30,61.46821966663348,76.70865079295596,69.53469365881108,True,1.0393333333333334,1.0,0.0,0.9400987158072885,347,ok,,unlabeled,0.0,,
P2,1075,1772125050000,1772125350000,1772125200000,2026-02-26 09:00:00,63.412201084466474,79.16403513216487,69.30025436798569,True,1.03936,1.0,0.002890173410404624,0.9392402965558975,347,ok,,unlabeled,0.0,,
P2,1076,1772125080000,1772125380000,1772125230000,2026-02-26 09:00:30,65.13318940076584,84.55650574963128,68.94754775218969,True,1.0393333333333334,1.0,0.0029069767441860465,0.9400005303760355,345,ok,,unlabeled,0.0,,
P2,1077,1772125110000,1772125410000,1772125260000,2026-02-26 09:01:00,66.83165595805059,94.47090097179394,67.36631684157922,True,1.03936,1.0,0.005934718100890208,0.9405559509433379,338,ok,,unlabeled,0.0,,
P2,1078,1772125140000,1772125440000,1772125290000,2026-02-26 09:01:30,67.394316681547,93.05230172150044,66.29190535658684,True,1.03936,1.0,0.0030303030303030303,0.9398180561290899,331,ok,,unlabeled,0.0,,
P2,1079,1772125170000,1772125470000,1772125320000,2026-02-26 09:02:00,67.3682091921412,94.17817985671563,66.2647366866289,True,1.0393333333333334,1.0,0.0,0.9404745447089046,330,ok,,unlabeled,0.0,,
P2,1080,1772125200000,1772125500000,1772125350000,2026-02-26 09:02:30,69.70188491523164,100.21053970173026,65.62092377671495,True,1.0393333333333334,1.0,0.0,0.937542649750065,328,ok,,unlabeled,0.0,,
P2,1081,1772125230000,1772125530000,1772125380000,2026-02-26 09:03:00,69.89631840878891,98.49541615595341,64.68872735308594,True,1.0393333333333334,1.0,0.0,0.9370411593895598,323,ok,,unlabeled,0.0,,
P2,1082,1772125260000,1772125560000,1772125410000,2026-02-26 09:03:30,71.46446912279664,92.70307164539116,63.77005347593583,True,1.0393333333333334,1.0,0.0,0.9361989872879981,319,ok,,unlabeled,0.0,,
P2,1083,1772125290000,1772125590000,1772125440000,2026-02-26 09:04:00,70.06625617782835,93.19610074360706,63.25301204819277,True,1.0393333333333334,1.0,0.0,0.9375124960083081,316,ok,,unlabeled,0.0,,
P2,1084,1772125320000,1772125620000,1772125470000,2026-02-26 09:04:30,68.84125096477332,92.61871357635822,63.04013555296873,True,1.0393333333333334,1.0,0.0031746031746031746,0.9380819364089074,316,ok,,unlabeled,0.0,,
P2,1085,1772125350000,1772125650000,1772125500000,2026-02-26 09:05:00,67.50936648426496,83.02034265215244,62.28714373260732,True,1.0393333333333334,1.0,0.0,0.942018834545857,311,ok,,unlabeled,0.0,,
P2,1086,1772125380000,1772125680000,1772125530000,2026-02-26 09:05:30,68.20540501109332,73.77603608916458,61.913508098179996,True,1.0393333333333334,1.0,0.0,0.9384367689352591,310,ok,,unlabeled,0.0,,
P2,1087,1772125410000,1772125710000,1772125560000,2026-02-26 09:06:00,67.55096362069266,74.16647440361412,62.00847449151384,True,1.0393066666666666,1.0,0.00967741935483871,0.9371404845449811,311,ok,,unlabeled,0.0,,
P2,1088,1772125440000,1772125740000,1772125590000,2026-02-26 09:06:30,68.82180741938262,74.59349673651839,61.826811085862744,True,1.0393333333333334,1.0,0.003257328990228013,0.9395568124101422,308,ok,,unlabeled,0.0,,
P2,1089,1772125470000,1772125770000,1772125620000,2026-02-26 09:07:00,66.60470159463073,73.24198064360696,61.767516724510834,True,1.0393066666666666,1.0,0.003257328990228013,0.9409287420309242,308,ok,,unlabeled,0.0,,
P2,1090,1772125500000,1772125800000,1772125650000,2026-02-26 09:07:30,65.64643812660118,76.46402610133582,62.52722581509902,True,1.0393066666666666,1.0,0.003215434083601286,0.9403631952146553,312,ok,,unlabeled,0.0,,
P2,1091,1772125530000,1772125830000,1772125680000,2026-02-26 09:08:00,65.1382896963523,78.12835630518299,62.30260026824731,True,1.0393066666666666,1.0,0.00641025641025641,0.9392211137027542,313,ok,,unlabeled,0.0,,
P2,1092,1772125560000,1772125860000,1772125710000,2026-02-26 09:08:30,66.34135455864106,79.83244665773633,61.94453725359172,True,1.0393066666666666,1.0,0.003236245954692557,0.9393767665670445,310,ok,,unlabeled,0.0,,
P2,1093,1772125590000,1772125890000,1772125740000,2026-02-26 09:09:00,68.97196410714594,99.25299751164486,62.489568381346594,True,1.0393066666666666,1.0,0.00641025641025641,0.9385391865869316,313,ok,,unlabeled,0.0,,
P2,1094,1772125620000,1772125920000,1772125770000,2026-02-26 09:09:30,66.8292303692481,106.03558240413737,63.10093153748615,True,1.0393066666666666,1.0,0.006329113924050633,0.9232152137951354,317,ok,,unlabeled,0.0,,
P2,1095,1772125650000,1772125950000,1772125800000,2026-02-26 09:10:00,67.18426792559266,118.29675212384424,64.47242402298582,True,1.0393333333333334,1.0,0.006211180124223602,0.9090511525115972,323,ok,,unlabeled,0.0,,
P2,1096,1772125680000,1772125980000,1772125830000,2026-02-26 09:10:30,68.93774365324123,119.68131586676863,64.3716577540107,True,1.0393066666666666,1.0,0.003115264797507788,0.9185969523443801,322,ok,,unlabeled,0.0,,
P2,1097,1772125710000,1772126010000,1772125860000,2026-02-26 09:11:00,69.57613821769591,116.72446006577981,64.94699670253674,True,1.0393066666666666,1.0,0.006172839506172839,0.9190057593207657,325,ok,,unlabeled,0.0,,
P2,1098,1772125740000,1772126040000,1772125890000,2026-02-26 09:11:30,66.69467004450715,111.32653407424421,65.06050627083188,True,1.0393066666666666,1.0,0.003076923076923077,0.9202780252239986,326,ok,,unlabeled,0.0,,
P2,1099,1772125770000,1772126070000,1772125920000,2026-02-26 09:12:00,67.73637168746725,109.88834556052107,65.09373497836886,True,1.0393066666666666,1.0,0.003076923076923077,0.9188008015954586,326,ok,,unlabeled,0.0,,
P2,1100,1772125800000,1772126100000,1772125950000,2026-02-26 09:12:30,66.1362230551458,109.57006033203771,64.61560072107264,True,1.0393333333333334,1.0,0.0,0.9222479212635728,323,ok,,unlabeled,0.0,,
P2,1101,1772125830000,1772126130000,1772125980000,2026-02-26 09:13:00,65.98468353745785,105.5905822591277,65.43688151107007,True,1.0393066666666666,1.0,0.0,0.9215928583399251,327,ok,,unlabeled,0.0,,
P2,1102,1772125860000,1772126160000,1772126010000,2026-02-26 09:13:30,65.98528568422864,100.49681816045283,66.05276190221247,True,1.0393333333333334,1.0,0.0,0.9228386236916539,330,ok,,unlabeled,0.0,,
P2,1103,1772125890000,1772126190000,1772126040000,2026-02-26 09:14:00,64.60768456769502,79.33216994548846,65.7180734720047,True,1.0393066666666666,1.0,0.003048780487804878,0.9235419846698953,329,ok,,unlabeled,0.0,,
P2,1104,1772125920000,1772126220000,1772126070000,2026-02-26 09:14:30,64.87238534513817,75.72191622285852,65.60380916714594,True,1.0393066666666666,1.0,0.0030581039755351682,0.9382493528019067,328,ok,,unlabeled,0.0,,
P2,1105,1772125950000,1772126250000,1772126100000,2026-02-26 09:15:00,62.019134859211114,77.16978550158835,65.7923329199025,True,1.0393066666666666,1.0,0.006097560975609756,0.938691867611948,329,ok,,unlabeled,0.0,,
P2,1106,1772125980000,1772126280000,1772126130000,2026-02-26 09:15:30,61.70727206050921,83.22682042167126,67.0122855856907,True,1.0393066666666666,1.0,0.0029850746268656717,0.9387924698248923,336,ok,,unlabeled,0.0,,
P2,1107,1772126010000,1772126310000,1772126160000,2026-02-26 09:16:00,61.97486807567268,79.24210532696756,67.72144712851714,True,1.0393333333333334,1.0,0.005917159763313609,0.9396738759837826,339,ok,,unlabeled,0.0,,
P2,1108,1772126040000,1772126340000,1772126190000,2026-02-26 09:16:30,63.57441620140005,82.58729772713993,69.16761618990019,True,1.0393066666666666,1.0,0.002898550724637681,0.9387259891441482,346,ok,,unlabeled,0.0,,
P2,1109,1772126070000,1772126370000,1772126220000,2026-02-26 09:17:00,61.06648513658221,77.68096085034419,69.63094262637749,True,1.0393066666666666,1.0,0.0,0.9401521269928267,348,ok,,unlabeled,0.0,,
P2,1110,1772126100000,1772126400000,1772126250000,2026-02-26 09:17:30,63.522148897659065,73.4148630478445,70.07675552676712,True,1.0393066666666666,1.0,0.0,0.9380577843198623,349,ok,,unlabeled,0.0,,
P2,1111,1772126130000,1772126430000,1772126280000,2026-02-26 09:18:00,65.482321835244,73.50193537377606,70.3744306235401,True,1.0393066666666666,1.0,0.002840909090909091,0.9334762814422533,353,ok,,unlabeled,0.0,,
P2,1112,1772126160000,1772126460000,1772126310000,2026-02-26 09:18:30,66.54640604347743,73.28210346802247,71.47361782636115,True,1.0393333333333334,1.0,0.0028011204481792717,0.9279514575040607,358,ok,,unlabeled,0.0,,
P2,1113,1772126190000,1772126490000,1772126340000,2026-02-26 09:19:00,65.25655739118082,76.52762849787635,72.65185978057265,True,1.0393066666666666,1.0,0.0,0.9267809778263513,363,ok,,unlabeled,0.0,,
P2,1114,1772126220000,1772126520000,1772126370000,2026-02-26 09:19:30,64.96865574650747,79.15538670590635,73.62283177082637,True,1.0393066666666666,1.0,0.0027247956403269754,0.922558531575995,368,ok,,unlabeled,0.0,,
P2,1115,1772126250000,1772126550000,1772126400000,2026-02-26 09:20:00,65.06756207518922,89.16622397358883,74.64354206620528,True,1.0393066666666666,1.0,0.002680965147453083,0.9227931449115012,374,ok,,unlabeled,0.0,,
P2,1116,1772126280000,1772126580000,1772126430000,2026-02-26 09:20:30,67.66674071069545,93.65226073364062,75.70421947547791,True,1.0393066666666666,1.0,0.0,0.9204095522425837,379,ok,,unlabeled,0.0,,
P2,1117,1772126310000,1772126610000,1772126460000,2026-02-26 09:21:00,63.812772610085894,93.07422476687661,77.58828089497179,True,1.0393066666666666,1.0,0.0,0.9219313747100573,388,ok,,unlabeled,0.0,,
P2,1118,1772126340000,1772126640000,1772126490000,2026-02-26 09:21:30,62.400433254519626,107.61209062339103,79.78218197935794,True,1.03928,1.0,0.002506265664160401,0.919335216413786,400,ok,,unlabeled,0.0,,
P2,1119,1772126370000,1772126670000,1772126520000,2026-02-26 09:22:00,61.106939960859975,105.29198142398651,82.99032447746832,True,1.0393066666666666,1.0,0.0,0.9187948110216332,415,ok,,unlabeled,0.0,,
P2,1120,1772126400000,1772126700000,1772126550000,2026-02-26 09:22:30,59.313573488704925,95.94952584145376,86.2284553902788,True,1.03928,1.0,0.002320185614849188,0.9167251052186711,432,ok,,unlabeled,0.0,,
P2,1121,1772126430000,1772126730000,1772126580000,2026-02-26 09:23:00,58.6465338208793,96.13377740878485,90.61721727128155,True,1.03928,1.0,0.004415011037527594,0.9200830197337572,454,ok,,unlabeled,0.0,,
P2,1122,1772126460000,1772126760000,1772126610000,2026-02-26 09:23:30,57.66998538081047,88.96969648609512,92.98783542756368,True,1.0392533333333334,1.0,0.0021551724137931034,0.9242779615568614,465,ok,,unlabeled,0.0,,
P2,1123,1772126490000,1772126790000,1772126640000,2026-02-26 09:24:00,56.89012128847081,92.74732918739873,92.60218142945432,True,1.0392266666666667,1.0,0.006493506493506494,0.9293946348292728,463,ok,,unlabeled,0.0,,
P2,1124,1772126520000,1772126820000,1772126670000,2026-02-26 09:24:30,59.74450005099727,111.1752447001079,91.31961866532865,True,1.0392266666666667,1.0,0.004395604395604396,0.9348119247470851,456,ok,,unlabeled,0.0,,
P2,1125,1772126550000,1772126850000,1772126700000,2026-02-26 09:25:00,60.47827851341092,135.67194392144935,88.76539952778677,True,1.0392,1.0,0.002257336343115124,0.9383798056990247,444,ok,,unlabeled,0.0,,
P2,1126,1772126580000,1772126880000,1772126730000,2026-02-26 09:25:30,59.13067547059813,143.69660367976863,87.40394253257601,True,1.0391733333333333,1.0,0.0045871559633027525,0.9408462361607496,437,ok,,unlabeled,0.0,,
P2,1127,1772126610000,1772126910000,1772126760000,2026-02-26 09:26:00,60.728905802755904,145.76976045930675,86.59628491246826,True,1.0391733333333333,1.0,0.0023148148148148147,0.9432911807083514,433,ok,,unlabeled,0.0,,
P2,1128,1772126640000,1772126940000,1772126790000,2026-02-26 09:26:30,62.21319876230978,146.8635083086862,84.15006762059005,True,1.0391466666666667,1.0,0.002380952380952381,0.9418236887810894,421,ok,,unlabeled,0.0,,
P2,1129,1772126670000,1772126970000,1772126820000,2026-02-26 09:27:00,65.77997377998146,150.65930025217577,81.19323991098815,True,1.03912,1.0,0.0024691358024691358,0.9401942581584399,406,ok,,unlabeled,0.0,,
P2,1130,1772126700000,1772127000000,1772126850000,2026-02-26 09:27:30,65.80560684342063,146.70605641776112,78.1769404752757,True,1.0390933333333334,1.0,0.002564102564102564,0.9427626434189468,391,ok,,unlabeled,0.0,,
P2,1131,1772126730000,1772127030000,1772126880000,2026-02-26 09:28:00,64.61269225160022,109.11209232875211,74.43098415415841,True,1.0390933333333334,1.0,0.0,0.9387476953987569,372,ok,,unlabeled,0.0,,
P2,1132,1772126760000,1772127060000,1772126910000,2026-02-26 09:28:30,66.31517358185087,77.5047628244402,71.6826686567364,True,1.0390933333333334,1.0,0.0,0.936185311895315,358,ok,,unlabeled,0.0,,
P2,1133,1772126790000,1772127090000,1772126940000,2026-02-26 09:29:00,67.17110529359805,79.1841606223029,70.88092473168659,True,1.0390933333333334,1.0,0.0,0.9363942208532883,354,ok,,unlabeled,0.0,,
P2,1134,1772126820000,1772127120000,1772126970000,2026-02-26 09:29:30,64.88354953299026,78.41601402849041,70.91771134683381,True,1.0390933333333334,1.0,0.0,0.9350324413677553,354,ok,,unlabeled,0.0,,
P2,1135,1772126850000,1772127150000,1772127000000,2026-02-26 09:30:00,61.840685818765074,70.80821525111746,71.50963672702802,True,1.0390933333333334,1.0,0.0028089887640449437,0.9348207754528146,357,ok,,unlabeled,0.0,,
P2,1136,1772126880000,1772127180000,1772127030000,2026-02-26 09:30:30,64.64161220273682,70.58177896426082,71.23965674225319,True,1.0390933333333334,1.0,0.0028089887640449437,0.9332228355517451,357,ok,,unlabeled,0.0,,
P2,1137,1772126910000,1772127210000,1772127060000,2026-02-26 09:31:00,60.35844634725571,64.74380847540618,70.6779813727813,True,1.0390933333333334,1.0,0.0,0.9333710352630152,354,ok,,unlabeled,0.0,,
P2,1138,1772126940000,1772127240000,1772127090000,2026-02-26 09:31:30,60.72301787860103,60.92573396825072,70.34794252253332,True,1.0390933333333334,1.0,0.002840909090909091,0.9295948650621547,353,ok,,unlabeled,0.0,,
P2,1139,1772126970000,1772127270000,1772127120000,2026-02-26 09:32:00,60.89551261045966,61.27743833608342,70.94970387517662,True,1.03912,1.0,0.0,0.9292297048354123,355,ok,,unlabeled,0.0,,
P2,1140,1772127000000,1772127300000,1772127150000,2026-02-26 09:32:30,63.384334528622794,62.06827869939394,70.85721167839256,True,1.03912,1.0,0.0,0.9268361690799254,354,ok,,unlabeled,0.0,,
P2,1141,1772127030000,1772127330000,1772127180000,2026-02-26 09:33:00,61.8169340337527,57.855247824676205,70.53118800969804,True,1.0390933333333334,1.0,0.005681818181818182,0.9256085474659849,353,ok,,unlabeled,0.0,,
P2,1142,1772127060000,1772127360000,1772127210000,2026-02-26 09:33:30,60.47089424077777,69.10968447472881,71.63452424898485,True,1.03912,1.0,0.008356545961002786,0.924166564792023,360,ok,,unlabeled,0.0,,
P2,1143,1772127090000,1772127390000,1772127240000,2026-02-26 09:34:00,59.40829949633571,78.44278839082142,73.5963201839908,True,1.03912,1.0,0.005434782608695652,0.9177584479938269,369,ok,,unlabeled,0.0,,
P2,1144,1772127120000,1772127420000,1772127270000,2026-02-26 09:34:30,61.93435932392346,72.68996334757833,74.30898651355321,True,1.0391466666666667,1.0,0.005390835579514825,0.9191469639639912,372,ok,,unlabeled,0.0,,
P2,1145,1772127150000,1772127450000,1772127300000,2026-02-26 09:35:00,64.74363709643129,73.31936959811165,74.35464366736291,True,1.03912,1.0,0.008064516129032258,0.9181026378141408,373,ok,,unlabeled,0.0,,
P2,1146,1772127180000,1772127480000,1772127330000,2026-02-26 09:35:30,64.49421712934179,72.83000578491722,74.40074400744007,True,1.03912,1.0,0.005376344086021506,0.9184888124497923,373,ok,,unlabeled,0.0,,
P2,1147,1772127210000,1772127510000,1772127360000,2026-02-26 09:36:00,67.10771001856128,73.70720113984505,74.31528058013865,True,1.0391466666666667,1.0,0.008064516129032258,0.916169787085046,373,ok,,unlabeled,0.0,,
P2,1148,1772127240000,1772127540000,1772127390000,2026-02-26 09:36:30,65.56871782150965,74.33964492520427,74.18961345411643,True,1.0391466666666667,1.0,0.008086253369272238,0.9172234096206673,372,ok,,unlabeled,0.0,,
P2,1149,1772127270000,1772127570000,1772127420000,2026-02-26 09:37:00,66.56215385039198,78.66521344310935,73.92016622048187,True,1.0391466666666667,1.0,0.005405405405405406,0.9170801883743694,371,ok,,unlabeled,0.0,,
P2,1150,1772127300000,1772127600000,1772127450000,2026-02-26 09:37:30,63.60542325442073,80.48692151067293,75.49154381538523,True,1.0391733333333333,1.0,0.007936507936507936,0.917753639472394,379,ok,,unlabeled,0.0,,
P2,1151,1772127330000,1772127630000,1772127480000,2026-02-26 09:38:00,66.25511860030696,82.73341094027255,75.85461532303259,True,1.0391466666666667,1.0,0.002638522427440633,0.9168617379002694,380,ok,,unlabeled,0.0,,
P2,1152,1772127360000,1772127660000,1772127510000,2026-02-26 09:38:30,68.68564139129323,81.50981388069323,75.43838529754022,True,1.0391466666666667,1.0,0.0,0.9193397473180296,377,ok,,unlabeled,0.0,,
P2,1153,1772127390000,1772127690000,1772127540000,2026-02-26 09:39:00,70.40494572811433,80.61141032843726,75.39447107212138,True,1.0391466666666667,1.0,0.002652519893899204,0.9224661231286599,378,ok,,unlabeled,0.0,,
P2,1154,1772127420000,1772127720000,1772127570000,2026-02-26 09:39:30,69.47034466503523,122.76707198105615,79.5091926245377,True,1.0391733333333333,1.0,0.0025188916876574307,0.9204588154584191,398,ok,,unlabeled,0.0,,
P2,1155,1772127450000,1772127750000,1772127600000,2026-02-26 09:40:00,65.55576986249304,149.51817928883042,85.17375445909656,True,1.0391733333333333,1.0,0.002352941176470588,0.9047360489522553,426,ok,,unlabeled,0.0,,
P2,1156,1772127480000,1772127780000,1772127630000,2026-02-26 09:40:30,62.915977499512,149.130744445545,89.45524563420962,True,1.0391466666666667,1.0,0.004484304932735426,0.8988104609904484,447,ok,,unlabeled,0.0,,
P2,1157,1772127510000,1772127810000,1772127660000,2026-02-26 09:41:00,62.69085146289574,140.43217459767723,91.38459688570914,True,1.0391466666666667,1.0,0.0021929824561403508,0.8988566477596696,457,ok,,unlabeled,0.0,,
P2,1158,1772127540000,1772127840000,1772127690000,2026-02-26 09:41:30,61.10721766051213,133.0637725225592,95.93590920470668,True,1.03912,1.0,0.006263048016701462,0.896056550333536,480,ok,,unlabeled,0.0,,
P2,1159,1772127570000,1772127870000,1772127720000,2026-02-26 09:42:00,59.35861253339539,126.26101972938736,101.91074300740138,True,1.0390933333333334,1.0,0.007858546168958742,0.8781942641523226,510,ok,,unlabeled,0.0,,
P2,1160,1772127600000,1772127900000,1772127750000,2026-02-26 09:42:30,57.58441905514959,119.7259765299684,104.18823340835776,True,1.0390933333333334,1.0,0.0057692307692307696,0.8488697133697596,521,ok,,unlabeled,0.0,,
P2,1161,1772127630000,1772127930000,1772127780000,2026-02-26 09:43:00,62.664545661952005,106.16470541289954,106.46082903112627,True,1.0390666666666666,1.0,0.005649717514124294,0.841534361605794,532,ok,,unlabeled,0.0,,
P2,1162,1772127660000,1772127960000,1772127810000,2026-02-26 09:43:30,60.04993292622769,88.96541943208713,108.54626257762261,True,1.03904,1.0,0.005545286506469501,0.848279440429118,542,ok,,unlabeled,0.0,,
P2,1164,1772127720000,1772128020000,1772127870000,2026-02-26 09:44:30,56.985545368561496,98.78076409616791,105.36296138026815,True,1.03896,1.0,0.0038022813688212928,0.8596034749489041,527,ok,,unlabeled,0.0,,
P2,1165,1772127750000,1772128050000,1772127900000,2026-02-26 09:45:00,59.9012275137503,103.50868393813299,101.09654987964696,True,1.0389333333333333,1.0,0.007936507936507936,0.894552642078753,505,ok,,unlabeled,0.0,,
P2,1166,1772127780000,1772128080000,1772127930000,2026-02-26 09:45:30,64.24599490635293,103.8270722606307,98.74891282531611,True,1.0389333333333333,1.0,0.0040650406504065045,0.9145562990287068,493,ok,,unlabeled,0.0,,
P2,1167,1772127810000,1772128110000,1772127960000,2026-02-26 09:46:00,63.6880740947079,108.89448380087751,97.82979891657348,True,1.0389066666666666,1.0,0.004106776180698152,0.9137002157639409,488,ok,,unlabeled,0.0,,
P2,1168,1772127840000,1772128140000,1772127990000,2026-02-26 09:46:30,64.77936969236326,107.86261508374558,94.24157256433992,True,1.0389066666666666,1.0,0.00851063829787234,0.9137616222663192,471,ok,,unlabeled,0.0,,
P2,1169,1772127870000,1772128170000,1772128020000,2026-02-26 09:47:00,68.69702709383814,82.71667219548335,89.2194799206047,True,1.0389066666666666,1.0,0.0,0.9269853471528068,446,ok,,unlabeled,0.0,,
P2,1170,1772127900000,1772128200000,1772128050000,2026-02-26 09:47:30,70.69642023269809,72.4541525295246,87.15792855995288,True,1.0389066666666666,1.0,0.0,0.9260947325819134,435,ok,,unlabeled,0.0,,
P2,1171,1772127930000,1772128230000,1772128080000,2026-02-26 09:48:00,70.98940261066343,66.56398472261981,85.22129128637363,True,1.0389066666666666,1.0,0.002352941176470588,0.9243386749984813,426,ok,,unlabeled,0.0,,
P2,1172,1772127960000,1772128260000,1772128110000,2026-02-26 09:48:30,71.01389558119898,62.81769152984112,83.01029274161208,True,1.0389333333333333,1.0,0.0,0.9247391962961968,415,ok,,unlabeled,0.0,,
P2,1173,1772127990000,1772128290000,1772128140000,2026-02-26 09:49:00,71.78176202367354,63.960259136582074,83.00033829839258,True,1.0389333333333333,1.0,0.0,0.9257898247090044,414,ok,,unlabeled,0.0,,
P2,1174,1772128020000,1772128320000,1772128170000,2026-02-26 09:49:30,69.83455588803032,65.99636301679405,81.9817261596539,True,1.03896,1.0,0.0,0.9226784021818142,410,ok,,unlabeled,0.0,,
P2,1175,1772128050000,1772128350000,1772128200000,2026-02-26 09:50:00,67.74303733004412,64.22706483682325,81.02010461754433,True,1.03896,1.0,0.0024752475247524753,0.9232560012222926,405,ok,,unlabeled,0.0,,
P2,1176,1772128080000,1772128380000,1772128230000,2026-02-26 09:50:30,66.09837308026475,66.97887001963753,79.34435449852359,True,1.03896,1.0,0.002531645569620253,0.9194384875523807,396,ok,,unlabeled,0.0,,
P2,1177,1772128110000,1772128410000,1772128260000,2026-02-26 09:51:00,69.7131286665811,71.96434677791203,78.22267387830692,True,1.0389866666666667,1.0,0.0,0.9182809485839474,391,ok,,unlabeled,0.0,,
P2,1178,1772128140000,1772128440000,1772128290000,2026-02-26 09:51:30,72.39943377175821,78.76282351757473,76.90454198626561,True,1.0389866666666667,1.0,0.0026109660574412533,0.914037146820674,384,ok,,unlabeled,0.0,,
P2,1179,1772128170000,1772128470000,1772128320000,2026-02-26 09:52:00,69.60271283799649,89.79184370948315,74.92693117636621,True,1.0390133333333333,1.0,0.0,0.9137963972740327,374,ok,,unlabeled,0.0,,
P2,1180,1772128200000,1772128500000,1772128350000,2026-02-26 09:52:30,70.32869011818443,87.61041666012012,72.76893851828771,True,1.0390133333333333,1.0,0.0,0.9137163875714519,363,ok,,unlabeled,0.0,,
P2,1181,1772128230000,1772128530000,1772128380000,2026-02-26 09:53:00,70.43502836188101,88.86238454288501,71.14442317905348,True,1.03904,1.0,0.0028169014084507044,0.9103640927986772,356,ok,,unlabeled,0.0,,
P2,1182,1772128260000,1772128560000,1772128410000,2026-02-26 09:53:30,70.92699014503917,90.64041926309316,70.01845758767354,True,1.0390666666666666,1.0,0.0028653295128939827,0.9082849473875708,350,ok,,unlabeled,0.0,,
P2,1183,1772128290000,1772128590000,1772128440000,2026-02-26 09:54:00,71.10510431789204,80.04413573356416,68.88173966440176,True,1.0390933333333334,1.0,0.0,0.9062625667621048,345,ok,,unlabeled,0.0,,
P2,1184,1772128320000,1772128620000,1772128470000,2026-02-26 09:54:30,74.70678178611202,77.86223189708308,68.14082437036542,True,1.0390666666666666,1.0,0.0029411764705882353,0.9042186015500294,341,ok,,unlabeled,0.0,,
P2,1185,1772128350000,1772128650000,1772128500000,2026-02-26 09:55:00,77.94403936975087,75.80100750548525,67.00817205451604,True,1.0390933333333334,1.0,0.0,0.9015927864268964,335,ok,,unlabeled,0.0,,
P2,1186,1772128380000,1772128680000,1772128530000,2026-02-26 09:55:30,77.06377082270176,74.02367123990037,66.5421784546314,True,1.0390933333333334,1.0,0.0030120481927710845,0.903394371768167,333,ok,,unlabeled,0.0,,
P2,1187,1772128410000,1772128710000,1772128560000,2026-02-26 09:56:00,73.22776029654861,70.93074863822964,65.79320136919185,True,1.0390933333333334,1.0,0.0060790273556231,0.906245603989472,330,ok,,unlabeled,0.0,,
P2,1188,1772128440000,1772128740000,1772128590000,2026-02-26 09:56:30,74.94003794985493,75.30397800203932,64.97630236708936,True,1.03912,1.0,0.0,0.9075520336632322,325,ok,,unlabeled,0.0,,
P2,1189,1772128470000,1772128770000,1772128620000,2026-02-26 09:57:00,74.64485574481397,77.04041403472134,64.86659637227554,True,1.03912,1.0,0.0030864197530864196,0.9092500951975588,325,ok,,unlabeled,0.0,,
P2,1190,1772128500000,1772128800000,1772128650000,2026-02-26 09:57:30,75.67295999893226,79.33153450930624,64.46387211653033,True,1.0391466666666667,1.0,0.0,0.9089664959331414,322,ok,,unlabeled,0.0,,
P2,1191,1772128530000,1772128830000,1772128680000,2026-02-26 09:58:00,73.94227055615752,79.35041374809441,64.27348601901507,True,1.0391466666666667,1.0,0.006230529595015576,0.9112811382138823,322,ok,,unlabeled,0.0,,
P2,1192,1772128560000,1772128860000,1772128710000,2026-02-26 09:58:30,73.21987756217185,77.91091130208676,64.01472338637888,True,1.0391466666666667,1.0,0.00625,0.909031633124814,321,ok,,unlabeled,0.0,,
P2,1193,1772128590000,1772128890000,1772128740000,2026-02-26 09:59:00,73.33707077165742,71.77148131179219,63.55974683036699,True,1.0391733333333333,1.0,0.0031545741324921135,0.9051276571797257,318,ok,,unlabeled,0.0,,
P2,1194,1772128620000,1772128920000,1772128770000,2026-02-26 09:59:30,71.84306704234781,69.10281755319713,62.92532392469065,True,1.0391466666666667,1.0,0.0,0.906789334014672,314,ok,,unlabeled,0.0,,
P2,1195,1772128650000,1772128950000,1772128800000,2026-02-26 10:00:00,69.200146361191,68.5723958021307,62.940086266124624,True,1.0391466666666667,1.0,0.0,0.9083210754287847,314,ok,,unlabeled,0.0,,
P2,1196,1772128680000,1772128980000,1772128830000,2026-02-26 10:00:30,71.77948125831267,73.48197700267549,62.99654923360886,True,1.0391733333333333,1.0,0.0031847133757961785,0.9073291958684002,315,ok,,unlabeled,0.0,,
P2,1197,1772128710000,1772129010000,1772128860000,2026-02-26 10:01:00,69.23225959934263,65.74784562671816,62.774303315539484,True,1.0391733333333333,1.0,0.003194888178913738,0.9042036124982737,314,ok,,unlabeled,0.0,,
P2,1198,1772128740000,1772129040000,1772128890000,2026-02-26 10:01:30,68.26911398495092,72.66946552145173,63.54323471032544,True,1.0391733333333333,1.0,0.006289308176100629,0.8942933531264283,319,ok,,unlabeled,0.0,,
P2,1199,1772128770000,1772129070000,1772128920000,2026-02-26 10:02:00,69.23787461178382,68.19283134094715,63.60254410176407,True,1.0391733333333333,1.0,0.0031446540880503146,0.9002971836600813,319,ok,,unlabeled,0.0,,
P2,1200,1772128800000,1772129100000,1772128950000,2026-02-26 10:02:30,66.05360599053857,64.5321095356518,63.7038372547252,True,1.0392,1.0,0.0031446540880503146,0.9045107991682982,319,ok,,unlabeled,0.0,,
P2,1201,1772128830000,1772129130000,1772128980000,2026-02-26 10:03:00,66.29279129147595,67.53228835786729,63.50414680075324,True,1.0392,1.0,0.0031545741324921135,0.9024198906323689,318,ok,,unlabeled,0.0,,
P2,1202,1772128860000,1772129160000,1772129010000,2026-02-26 10:03:30,63.7111786558237,65.85908142075544,63.396953201278635,True,1.0392266666666667,1.0,0.0031645569620253164,0.9035800322378865,317,ok,,unlabeled,0.0,,
P2,1203,1772128890000,1772129190000,1772129040000,2026-02-26 10:04:00,66.01234273203191,61.69800112342635,62.947506991383136,True,1.0392266666666667,1.0,0.0031847133757961785,0.9102882424536095,315,ok,,unlabeled,0.0,,
P2,1204,1772128920000,1772129220000,1772129070000,2026-02-26 10:04:30,67.28654570734655,63.03513679793266,62.9021110936754,True,1.0392266666666667,1.0,0.0,0.9090223806446389,315,ok,,unlabeled,0.0,,
P2,1205,1772128950000,1772129250000,1772129100000,2026-02-26 10:05:00,69.80588611524394,62.58576867069888,62.648505739433084,True,1.0392266666666667,1.0,0.0,0.910347511079659,313,ok,,unlabeled,0.0,,
P2,1206,1772128980000,1772129280000,1772129130000,2026-02-26 10:05:30,70.18905361061115,65.72125581366514,62.020586552839596,True,1.0392266666666667,1.0,0.0,0.9123544967189543,310,ok,,unlabeled,0.0,,
P2,1208,1772129040000,1772129340000,1772129190000,2026-02-26 10:06:30,73.53939315276455,73.87625208315401,61.77750737117986,True,1.0392266666666667,1.0,0.003246753246753247,0.9150700522530031,309,ok,,unlabeled,0.0,,
P2,1209,1772129070000,1772129370000,1772129220000,2026-02-26 10:07:00,70.56303504095767,58.01274432768536,60.975202080645055,True,1.0392266666666667,1.0,0.0,0.917474722089668,305,ok,,unlabeled,0.0,,
P2,1210,1772129100000,1772129400000,1772129250000,2026-02-26 10:07:30,69.0632512503381,57.55564895920136,60.903536011219074,True,1.0392533333333334,1.0,0.006578947368421052,0.9203688307363449,305,ok,,unlabeled,0.0,,
P2,1211,1772129130000,1772129430000,1772129280000,2026-02-26 10:08:00,70.58959362736707,58.06472918320184,60.76731266754464,True,1.0392533333333334,1.0,0.0,0.9197455592019441,304,ok,,unlabeled,0.0,,
P2,1212,1772129160000,1772129460000,1772129310000,2026-02-26 10:08:30,68.47629728215219,61.15270476650108,61.060246109494706,True,1.0392533333333334,1.0,0.003278688524590164,0.9217021476137216,306,ok,,unlabeled,0.0,,
P2,1213,1772129190000,1772129490000,1772129340000,2026-02-26 10:09:00,69.67376359386174,60.65505194696329,60.547136918331766,True,1.0392533333333334,1.0,0.0,0.9235004676342076,302,ok,,unlabeled,0.0,,
P2,1214,1772129220000,1772129520000,1772129370000,2026-02-26 10:09:30,70.57998925843593,61.57534098780279,60.62045639308285,True,1.0392266666666667,1.0,0.0,0.9227872537903895,303,ok,,unlabeled,0.0,,
P2,1215,1772129250000,1772129550000,1772129400000,2026-02-26 10:10:00,71.44392975850187,64.16176922088687,60.91840017156338,True,1.0392533333333334,1.0,0.0,0.9237240019013557,304,ok,,unlabeled,0.0,,
P2,1216,1772129280000,1772129580000,1772129430000,2026-02-26 10:10:30,74.19163492477071,77.05434097598446,61.57816616075846,True,1.0392533333333334,1.0,0.003257328990228013,0.9209824339662509,308,ok,,unlabeled,0.0,,
P2,1217,1772129310000,1772129610000,1772129460000,2026-02-26 10:11:00,72.39235778275588,62.545428947389574,60.91390900984841,True,1.0392533333333334,1.0,0.006578947368421052,0.9219301546846402,305,ok,,unlabeled,0.0,,
P2,1218,1772129340000,1772129640000,1772129490000,2026-02-26 10:11:30,69.95563378080723,62.87664963958761,60.674044434027024,True,1.0392533333333334,1.0,0.0,0.9240277468824485,303,ok,,unlabeled,0.0,,
P2,1219,1772129370000,1772129670000,1772129520000,2026-02-26 10:12:00,71.0455501680119,65.23982445556301,60.83563669948266,True,1.0392533333333334,1.0,0.0033003300330033004,0.9202946805899663,304,ok,,unlabeled,0.0,,
P2,1220,1772129400000,1772129700000,1772129550000,2026-02-26 10:12:30,74.06943045584194,68.76707677125525,60.94423468876341,True,1.03928,1.0,0.003289473684210526,0.9206176277307546,305,ok,,unlabeled,0.0,,
P2,1221,1772129430000,1772129730000,1772129580000,2026-02-26 10:13:00,75.28640583990199,70.341352913757,60.95991818537296,True,1.0392533333333334,1.0,0.003289473684210526,0.918072303386517,305,ok,,unlabeled,0.0,,
P2,1222,1772129460000,1772129760000,1772129610000,2026-02-26 10:13:30,75.38901319992375,65.30865319605915,60.51044454207772,True,1.0392533333333334,1.0,0.006600660066006601,0.9223084249001512,304,ok,,unlabeled,0.0,,
P2,1223,1772129490000,1772129790000,1772129640000,2026-02-26 10:14:00,72.71059844223409,64.7804174169297,60.57536601781942,True,1.0392533333333334,1.0,0.006600660066006601,0.9234695384301412,304,ok,,unlabeled,0.0,,
P2,1224,1772129520000,1772129820000,1772129670000,2026-02-26 10:14:30,71.23126903058545,63.48749369462256,60.36981509245378,True,1.03928,1.0,0.0033112582781456954,0.919271667743867,303,ok,,unlabeled,0.0,,
P2,1225,1772129550000,1772129850000,1772129700000,2026-02-26 10:15:00,72.95433894203825,63.693485306434766,59.95287984360118,True,1.03928,1.0,0.0033444816053511705,0.9187241208430631,300,ok,,unlabeled,0.0,,
P2,1226,1772129580000,1772129880000,1772129730000,2026-02-26 10:15:30,70.74440098177573,62.64267417148335,59.406534718819074,True,1.0392533333333334,1.0,0.006734006734006734,0.9209749038682284,298,ok,,unlabeled,0.0,,
P2,1227,1772129610000,1772129910000,1772129760000,2026-02-26 10:16:00,70.89326638585091,67.67052051622576,59.73859353700585,True,1.0392533333333334,1.0,0.003355704697986577,0.9226751831444545,299,ok,,unlabeled,0.0,,
P2,1228,1772129640000,1772129940000,1772129790000,2026-02-26 10:16:30,71.75178598436634,69.19169155176034,59.839094875318544,True,1.03928,1.0,0.0033444816053511705,0.922079630350048,300,ok,,unlabeled,0.0,,
P2,1229,1772129670000,1772129970000,1772129820000,2026-02-26 10:17:00,67.31143551831173,57.32906237314838,59.2172844645267,True,1.03928,1.0,0.0,0.9253824004540129,295,ok,,unlabeled,0.0,,
P2,1230,1772129700000,1772130000000,1772129850000,2026-02-26 10:17:30,68.82332951065,56.416297806474226,58.909471088116234,True,1.0392533333333334,1.0,0.0,0.9197388885328321,294,ok,,unlabeled,0.0,,
P2,1231,1772129730000,1772130030000,1772129880000,2026-02-26 10:18:00,65.63717626353093,54.44947382469732,58.81627250205891,True,1.03928,1.0,0.006802721088435374,0.9211611583960589,295,ok,,unlabeled,0.0,,
P2,1232,1772129760000,1772130060000,1772129910000,2026-02-26 10:18:30,68.88535244028238,55.36331090447431,58.69959364388245,True,1.03928,1.0,0.006825938566552901,0.920131280211843,294,ok,,unlabeled,0.0,,
P2,1233,1772129790000,1772130090000,1772129940000,2026-02-26 10:19:00,66.08955111909361,55.62449870966967,58.71743486973948,True,1.03928,1.0,0.006825938566552901,0.9216702651882823,294,ok,,unlabeled,0.0,,
P2,1234,1772129820000,1772130120000,1772129970000,2026-02-26 10:19:30,63.610086862736885,57.88049187311353,58.7871390593389,True,1.0393066666666666,1.0,0.0,0.9238351348227697,294,ok,,unlabeled,0.0,,
P2,1235,1772129850000,1772130150000,1772130000000,2026-02-26 10:20:00,63.378533337183725,59.86474343445163,58.580427717369496,True,1.03928,1.0,0.0,0.927528397151562,293,ok,,unlabeled,0.0,,
P2,1236,1772129880000,1772130180000,1772130030000,2026-02-26 10:20:30,66.29783894121937,60.10128513154938,58.62581886435141,True,1.03928,1.0,0.0,0.9253070802136337,292,ok,,unlabeled,0.0,,
P2,1237,1772129910000,1772130210000,1772130060000,2026-02-26 10:21:00,69.78041159182425,60.948157524760674,58.40058400584005,True,1.0393066666666666,1.0,0.00684931506849315,0.9272780578778134,293,ok,,unlabeled,0.0,,
P2,1238,1772129940000,1772130240000,1772130090000,2026-02-26 10:21:30,71.43125462940598,61.476097453587606,58.29910848442352,True,1.03928,1.0,0.003436426116838488,0.9228018518807832,292,ok,,unlabeled,0.0,,
P2,1239,1772129970000,1772130270000,1772130120000,2026-02-26 10:22:00,74.2766729056373,63.50820719099081,58.24562574016313,True,1.0393066666666666,1.0,0.003436426116838488,0.9220499696622697,292,ok,,unlabeled,0.0,,
P2,1240,1772130000000,1772130300000,1772130150000,2026-02-26 10:22:30,78.24678025765441,71.06818090568908,58.20329818689725,True,1.0393066666666666,1.0,0.006872852233676976,0.9274210166728385,292,ok,,unlabeled,0.0,,
P2,1241,1772130030000,1772130330000,1772130180000,2026-02-26 10:23:00,73.21578055752792,62.95122674963355,57.91583434998861,True,1.03928,1.0,0.0,0.9302014057306677,289,ok,,unlabeled,0.0,,
P2,1242,1772130060000,1772130360000,1772130210000,2026-02-26 10:23:30,72.14982482461217,64.04178105940726,58.028827007834224,True,1.0393066666666666,1.0,0.0,0.9286269798219734,290,ok,,unlabeled,0.0,,
P2,1243,1772130090000,1772130390000,1772130240000,2026-02-26 10:24:00,72.14859762246864,66.58412151112823,57.83180749412176,True,1.0393066666666666,1.0,0.006920415224913495,0.9305007984567268,290,ok,,unlabeled,0.0,,
P2,1244,1772130120000,1772130420000,1772130270000,2026-02-26 10:24:30,73.79017193152629,63.07931505439454,57.41607583204794,True,1.0393066666666666,1.0,0.006993006993006993,0.929587943202325,287,ok,,unlabeled,0.0,,
P2,1245,1772130150000,1772130450000,1772130300000,2026-02-26 10:25:00,74.10341280584643,57.28284572350006,57.21811907103917,True,1.0393066666666666,1.0,0.006993006993006993,0.9275838252982775,287,ok,,unlabeled,0.0,,
P2,1246,1772130180000,1772130480000,1772130330000,2026-02-26 10:25:30,69.33456345965442,55.14884793640414,57.270699506333266,True,1.0393333333333334,1.0,0.0,0.9359587500572749,286,ok,,unlabeled,0.0,,
P2,1247,1772130210000,1772130510000,1772130360000,2026-02-26 10:26:00,66.27485679619869,55.63224109159254,57.315364312032564,True,1.0393066666666666,1.0,0.006968641114982578,0.9374448808295441,288,ok,,unlabeled,0.0,,
P2,1248,1772130240000,1772130540000,1772130390000,2026-02-26 10:26:30,68.6798553814091,57.02025572232197,57.3521421528183,True,1.0393333333333334,1.0,0.0,0.9338666874248288,286,ok,,unlabeled,0.0,,
P2,1249,1772130270000,1772130570000,1772130420000,2026-02-26 10:27:00,64.14818399993496,56.10037642983609,57.59717432677868,True,1.0393333333333334,1.0,0.0,0.9375696844203322,288,ok,,unlabeled,0.0,,
P2,1250,1772130300000,1772130600000,1772130450000,2026-02-26 10:27:30,64.09457530347895,65.24325950179887,57.9239572685547,True,1.0393066666666666,1.0,0.006920415224913495,0.9352351763825403,290,ok,,unlabeled,0.0,,
P2,1251,1772130330000,1772130630000,1772130480000,2026-02-26 10:28:00,64.17308367991636,56.726274308832394,57.60556853829204,True,1.0393333333333334,1.0,0.006944444444444444,0.9358167750880575,289,ok,,unlabeled,0.0,,
P2,1252,1772130360000,1772130660000,1772130510000,2026-02-26 10:28:30,66.18811220440645,58.61423179581973,57.44925315970892,True,1.0393066666666666,1.0,0.0,0.9351330158669566,286,ok,,unlabeled,0.0,,
P2,1253,1772130390000,1772130690000,1772130540000,2026-02-26 10:29:00,62.95723342411195,55.99603841121868,57.51698382001977,True,1.0393333333333334,1.0,0.006944444444444444,0.9365846848660198,289,ok,,unlabeled,0.0,,
P2,1254,1772130420000,1772130720000,1772130570000,2026-02-26 10:29:30,67.73813213733122,67.47508548804417,57.56925360560047,True,1.0393066666666666,1.0,0.003484320557491289,0.93396774225958,288,ok,,unlabeled,0.0,,
P2,1255,1772130450000,1772130750000,1772130600000,2026-02-26 10:30:00,65.0275048643948,65.90323293368172,57.81657408457091,True,1.0393333333333334,1.0,0.006920415224913495,0.9328007750061204,290,ok,,unlabeled,0.0,,
P2,1256,1772130480000,1772130780000,1772130630000,2026-02-26 10:30:30,67.13024784282118,66.8266496553508,57.448560772944276,True,1.0393333333333334,1.0,0.0,0.929783955930969,287,ok,,unlabeled,0.0,,
P2,1257,1772130510000,1772130810000,1772130660000,2026-02-26 10:31:00,67.16777865547208,66.32758755330661,57.41473644902191,True,1.0393333333333334,1.0,0.003484320557491289,0.9280961805239215,288,ok,,unlabeled,0.0,,
P2,1258,1772130540000,1772130840000,1772130690000,2026-02-26 10:31:30,66.37355740659844,65.53348515345975,57.432602038254934,True,1.0393333333333334,1.0,0.0,0.9298691626043568,287,ok,,unlabeled,0.0,,
P2,1259,1772130570000,1772130870000,1772130720000,2026-02-26 10:32:00,69.62879017369634,74.23203945407583,57.31922398589066,True,1.0393333333333334,1.0,0.006993006993006993,0.9294806748866681,287,ok,,unlabeled,0.0,,
P2,1260,1772130600000,1772130900000,1772130750000,2026-02-26 10:32:30,70.3220459091249,70.66569202697723,57.17610239537776,True,1.0393333333333334,1.0,0.0035087719298245615,0.9315853624137209,286,ok,,unlabeled,0.0,,
P2,1261,1772130630000,1772130930000,1772130780000,2026-02-26 10:33:00,69.79154071181964,67.23614602904557,57.167500777277425,True,1.0393333333333334,1.0,0.0,0.9281898640360087,286,ok,,unlabeled,0.0,,
P2,1262,1772130660000,1772130960000,1772130810000,2026-02-26 10:33:30,68.31179815218198,63.7282547180624,56.88153019327704,True,1.0393333333333334,1.0,0.0035211267605633804,0.9318864463346774,285,ok,,unlabeled,0.0,,
P2,1263,1772130690000,1772130990000,1772130840000,2026-02-26 10:34:00,73.3414493849137,73.91761093333356,56.93037054855619,True,1.0393333333333334,1.0,0.0035211267605633804,0.9310254017386246,285,ok,,unlabeled,0.0,,
P2,1264,1772130720000,1772131020000,1772130870000,2026-02-26 10:34:30,69.42703706177663,69.10213585745126,56.96705774205129,True,1.0393333333333334,1.0,0.0,0.9339885471096567,284,ok,,unlabeled,0.0,,
P2,1265,1772130750000,1772131050000,1772130900000,2026-02-26 10:35:00,67.2771229141499,77.00824969685948,57.18049977763139,True,1.0393333333333334,1.0,0.0,0.9349874757033054,286,ok,,unlabeled,0.0,,
P2,1266,1772130780000,1772131080000,1772130930000,2026-02-26 10:35:30,67.25864062465104,76.67276075044921,57.7453257364367,True,1.0393333333333334,1.0,0.0,0.9347639005750839,289,ok,,unlabeled,0.0,,
P2,1267,1772130810000,1772131110000,1772130960000,2026-02-26 10:36:00,66.99069690802017,78.98497787620002,57.83566532695161,True,1.0393333333333334,1.0,0.006920415224913495,0.9351385883543673,290,ok,,unlabeled,0.0,,
P2,1268,1772130840000,1772131140000,1772130990000,2026-02-26 10:36:30,66.38690422539358,79.69752850348918,57.54006176503133,True,1.03936,1.0,0.0,0.935584134351087,287,ok,,unlabeled,0.0,,
P2,1269,1772130870000,1772131170000,1772131020000,2026-02-26 10:37:00,65.94475567771654,79.66742445418807,57.635734155176216,True,1.0393333333333334,1.0,0.003472222222222222,0.9370107000947838,289,ok,,unlabeled,0.0,,
P2,1270,1772130900000,1772131200000,1772131050000,2026-02-26 10:37:30,69.52717294538716,83.46542357137626,57.98012492142255,True,1.03936,1.0,0.0034602076124567475,0.9358820959405354,290,ok,,unlabeled,0.0,,
P2,1271,1772130930000,1772131230000,1772131080000,2026-02-26 10:38:00,65.39571318623177,79.74914089979116,57.87703808898594,True,1.0393333333333334,1.0,0.003472222222222222,0.9337998216369401,289,ok,,unlabeled,0.0,,
P2,1272,1772130960000,1772131260000,1772131110000,2026-02-26 10:38:30,71.74218261629989,82.61401042994234,57.80965635370945,True,1.03936,1.0,0.003472222222222222,0.9280560066145295,289,ok,,unlabeled,0.0,,
P2,1273,1772130990000,1772131290000,1772131140000,2026-02-26 10:39:00,68.38138625396523,82.11457626626957,57.71357710225559,True,1.0393333333333334,1.0,0.0,0.930200511346449,288,ok,,unlabeled,0.0,,
P2,1274,1772131020000,1772131320000,1772131170000,2026-02-26 10:39:30,67.02455264632093,81.31667229526205,58.09372454226152,True,1.03936,1.0,0.006896551724137931,0.9288960891762207,291,ok,,unlabeled,0.0,,
P2,1275,1772131050000,1772131350000,1772131200000,2026-02-26 10:40:00,67.21107551087597,74.63995202662628,57.72286321491543,True,1.03936,1.0,0.003484320557491289,0.927729171489829,288,ok,,unlabeled,0.0,,
P2,1276,1772131080000,1772131380000,1772131230000,2026-02-26 10:40:30,67.39193181581602,73.30017067710736,57.61920640213405,True,1.03936,1.0,0.010416666666666666,0.9212184338656756,289,ok,,unlabeled,0.0,,
P2,1277,1772131110000,1772131410000,1772131260000,2026-02-26 10:41:00,71.07645561615553,102.63320206252699,58.666738102573035,True,1.03936,1.0,0.003424657534246575,0.9129895317887233,293,ok,,unlabeled,0.0,,
P2,1278,1772131140000,1772131440000,1772131290000,2026-02-26 10:41:30,73.18580574238534,107.41586595642312,59.566388779323574,True,1.0393333333333334,1.0,0.003367003367003367,0.9115509214490958,298,ok,,unlabeled,0.0,,
P2,1279,1772131170000,1772131470000,1772131320000,2026-02-26 10:42:00,73.41925269754975,109.1034341143677,60.38437362078881,True,1.03936,1.0,0.0033222591362126247,0.9093700889461656,302,ok,,unlabeled,0.0,,
P2,1280,1772131200000,1772131500000,1772131350000,2026-02-26 10:42:30,74.71423153216944,109.79820048695018,61.15311594444259,True,1.03936,1.0,0.006535947712418301,0.9122888325171494,307,ok,,unlabeled,0.0,,
P2,1281,1772131230000,1772131530000,1772131380000,2026-02-26 10:43:00,72.24929519197889,106.66281594624408,61.5475384336889,True,1.03936,1.0,0.0032679738562091504,0.9136155357113027,307,ok,,unlabeled,0.0,,
P2,1282,1772131260000,1772131560000,1772131410000,2026-02-26 10:43:30,74.58046098872225,100.69212076581255,62.240248694155554,True,1.03936,1.0,0.00964630225080386,0.910662539248036,312,ok,,unlabeled,0.0,,
P2,1283,1772131290000,1772131590000,1772131440000,2026-02-26 10:44:00,73.31875524981747,91.18897825467904,62.651860479126086,True,1.03936,1.0,0.00641025641025641,0.9110236580064239,313,ok,,unlabeled,0.0,,
P2,1284,1772131320000,1772131620000,1772131470000,2026-02-26 10:44:30,72.21060721855062,91.198782380895,62.76192576848269,True,1.03936,1.0,0.009584664536741214,0.9106329743061348,314,ok,,unlabeled,0.0,,
P2,1285,1772131350000,1772131650000,1772131500000,2026-02-26 10:45:00,70.28800598600702,88.45938970603997,63.565674535750695,True,1.0393333333333334,1.0,0.006289308176100629,0.9120138755794177,319,ok,,unlabeled,0.0,,
P2,1287,1772131410000,1772131710000,1772131560000,2026-02-26 10:46:00,63.132871736290326,67.49697794498259,63.78312396461411,True,1.0393333333333334,1.0,0.0,0.9166057907026139,318,ok,,unlabeled,0.0,,
P2,1288,1772131440000,1772131740000,1772131590000,2026-02-26 10:46:30,63.454220468287964,67.70086790113557,63.506524826495884,True,1.03936,1.0,0.0,0.9187050941566828,317,ok,,unlabeled,0.0,,
P2,1289,1772131470000,1772131770000,1772131620000,2026-02-26 10:47:00,64.04082164573393,68.5625437756388,62.913664019662185,True,1.0393333333333334,1.0,0.0,0.91566050180991,315,ok,,unlabeled,0.0,,
P2,1290,1772131500000,1772131800000,1772131650000,2026-02-26 10:47:30,63.57255420826113,69.18419545558342,62.77447171483597,True,1.0393333333333334,1.0,0.006369426751592357,0.9159822105088699,315,ok,,unlabeled,0.0,,
P2,1291,1772131530000,1772131830000,1772131680000,2026-02-26 10:48:00,62.037399829746114,66.44373979683638,62.764851683057486,True,1.0393333333333334,1.0,0.006369426751592357,0.918291351873375,315,ok,,unlabeled,0.0,,
P2,1292,1772131560000,1772131860000,1772131710000,2026-02-26 10:48:30,64.49038318857723,69.65481497315996,63.20042133614224,True,1.0393066666666666,1.0,0.0031645569620253164,0.9210055334102566,317,ok,,unlabeled,0.0,,
P2,1293,1772131590000,1772131890000,1772131740000,2026-02-26 10:49:00,60.44986761918382,70.60697936814353,62.78171281390856,True,1.0393333333333334,1.0,0.0,0.9254819608179785,313,ok,,unlabeled,0.0,,
P2,1294,1772131620000,1772131920000,1772131770000,2026-02-26 10:49:30,61.060414292308785,72.26063131674663,62.35713999278181,True,1.0393333333333334,1.0,0.003215434083601286,0.918009032619862,312,ok,,unlabeled,0.0,,
P2,1295,1772131650000,1772131950000,1772131800000,2026-02-26 10:50:00,58.85752686832309,68.66822912086818,61.80602006688964,True,1.0393333333333334,1.0,0.003246753246753247,0.9250687227860698,309,ok,,unlabeled,0.0,,
P2,1296,1772131680000,1772131980000,1772131830000,2026-02-26 10:50:30,58.41726670412035,63.98603994324176,61.23919308357349,True,1.0393333333333334,1.0,0.006535947712418301,0.9254745043844235,307,ok,,unlabeled,0.0,,
P2,1297,1772131710000,1772132010000,1772131860000,2026-02-26 10:51:00,56.680486275524906,71.08313089579204,61.62834904055866,True,1.0393333333333334,1.0,0.006493506493506494,0.9253046563642142,309,ok,,unlabeled,0.0,,
P2,1299,1772131770000,1772132070000,1772131920000,2026-02-26 10:52:00,61.509215623005446,80.70339013882429,61.243278583532366,True,1.0393333333333334,1.0,0.0032679738562091504,0.9214593219553139,307,ok,,unlabeled,0.0,,
P2,1300,1772131800000,1772132100000,1772131950000,2026-02-26 10:52:30,61.64597851171369,78.36131551765004,60.546730945883425,True,1.0393333333333334,1.0,0.0,0.9206446321631588,302,ok,,unlabeled,0.0,,
P2,1301,1772131830000,1772132130000,1772131980000,2026-02-26 10:53:00,61.14915253066763,80.44161801088795,59.77094490242093,True,1.0393333333333334,1.0,0.006711409395973154,0.9203910499076877,299,ok,,unlabeled,0.0,,
P2,1302,1772131860000,1772132160000,1772132010000,2026-02-26 10:53:30,62.67659011788581,83.94216746554767,58.91626142254048,True,1.03936,1.0,0.006802721088435374,0.9171616661415943,295,ok,,unlabeled,0.0,,
P2,1303,1772131890000,1772132190000,1772132040000,2026-02-26 10:54:00,66.61191152998975,86.37680168985109,58.819998799591865,True,1.03936,1.0,0.006802721088435374,0.9164186592584409,295,ok,,unlabeled,0.0,,
P2,1304,1772131920000,1772132220000,1772132070000,2026-02-26 10:54:30,67.08234881465727,89.39208948675903,58.42808308876368,True,1.0393333333333334,1.0,0.0,0.9171131434756905,291,ok,,unlabeled,0.0,,
P2,1305,1772131950000,1772132250000,1772132100000,2026-02-26 10:55:00,72.45616739637576,97.45233915057221,58.152359181054365,True,1.03936,1.0,0.006896551724137931,0.9151730247217111,291,ok,,unlabeled,0.0,,
P2,1306,1772131980000,1772132280000,1772132130000,2026-02-26 10:55:30,70.7148462042039,98.5291511199334,57.341442224152914,True,1.0393333333333334,1.0,0.013986013986013986,0.9176428580261764,287,ok,,unlabeled,0.0,,
P2,1307,1772132010000,1772132310000,1772132160000,2026-02-26 10:56:00,69.46351456782983,66.8267313382202,55.89166232621499,True,1.03936,1.0,0.0,0.9236069874573467,280,ok,,unlabeled,0.0,,
P2,1308,1772132040000,1772132340000,1772132190000,2026-02-26 10:56:30,68.95766397065562,58.8001767501813,55.32586334312022,True,1.0393333333333334,1.0,0.0036101083032490976,0.9141139705000183,278,ok,,unlabeled,0.0,,
P2,1309,1772132070000,1772132370000,1772132220000,2026-02-26 10:57:00,74.30060369973401,67.28628188121883,55.592349529371624,True,1.03936,1.0,0.0,0.9237562041931062,278,ok,,unlabeled,0.0,,
P2,1310,1772132100000,1772132400000,1772132250000,2026-02-26 10:57:30,76.76249084025348,68.01422156175028,55.29880052360217,True,1.0393333333333334,1.0,0.0,0.9249675526010759,277,ok,,unlabeled,0.0,,
P2,1311,1772132130000,1772132430000,1772132280000,2026-02-26 10:58:00,77.50401147599906,68.4015435195102,55.02671004538699,True,1.03936,1.0,0.0,0.9277040698668091,275,ok,,unlabeled,0.0,,
P2,1312,1772132160000,1772132460000,1772132310000,2026-02-26 10:58:30,75.44852549917725,67.61886055702435,55.23166615526235,True,1.03936,1.0,0.007246376811594203,0.928574123575397,277,ok,,unlabeled,0.0,,
P2,1313,1772132190000,1772132490000,1772132340000,2026-02-26 10:59:00,73.9634307675698,69.21851595672683,55.386838267756566,True,1.0393333333333334,1.0,0.0,0.9293911202128577,277,ok,,unlabeled,0.0,,
P2,1314,1772132220000,1772132520000,1772132370000,2026-02-26 10:59:30,76.04594339770121,69.3186707487414,55.45767598302234,True,1.03936,1.0,0.0036101083032490976,0.9329876518457704,278,ok,,unlabeled,0.0,,
P2,1315,1772132250000,1772132550000,1772132400000,2026-02-26 11:00:00,81.57530820714629,81.16529272468007,55.165797205732446,True,1.0393333333333334,1.0,0.0036231884057971015,0.9200054138696755,277,ok,,unlabeled,0.0,,
P2,1316,1772132280000,1772132580000,1772132430000,2026-02-26 11:00:30,81.42803907405148,78.70861957217181,54.89606345319528,True,1.03936,1.0,0.01090909090909091,0.9344388315693989,276,ok,,unlabeled,0.0,,
P2,1317,1772132310000,1772132610000,1772132460000,2026-02-26 11:01:00,79.10910187835532,79.09448131690299,54.71599791558103,True,1.0393333333333334,1.0,0.003663003663003663,0.9330995941707082,274,ok,,unlabeled,0.0,,
P2,1318,1772132340000,1772132640000,1772132490000,2026-02-26 11:01:30,79.42133893035785,77.50828708572598,54.48463279627689,True,1.03936,1.0,0.007352941176470588,0.9341306400145283,273,ok,,unlabeled,0.0,,
P2,1319,1772132370000,1772132670000,1772132520000,2026-02-26 11:02:00,74.19653580812196,73.74286408934793,54.101175186659034,True,1.03936,1.0,0.014760147601476014,0.9399581334744613,272,ok,,unlabeled,0.0,,
P2,1320,1772132400000,1772132700000,1772132550000,2026-02-26 11:02:30,68.26299012565683,66.34273332053695,53.8305039522396,True,1.03936,1.0,0.011152416356877323,0.9456399572170888,270,ok,,unlabeled,0.0,,
P2,1321,1772132430000,1772132730000,1772132580000,2026-02-26 11:03:00,69.54841056874992,66.87993973515813,54.122678070292665,True,1.03936,1.0,0.011111111111111112,0.948104394407232,271,ok,,unlabeled,0.0,,
P2,1322,1772132460000,1772132760000,1772132610000,2026-02-26 11:03:30,74.1555203508267,67.60007539917356,53.95140347463143,True,1.0393333333333334,1.0,0.0037313432835820895,0.9469214744985669,269,ok,,unlabeled,0.0,,
P2,1323,1772132490000,1772132790000,1772132640000,2026-02-26 11:04:00,74.7532269793099,63.2830584442067,53.712438036957366,True,1.03936,1.0,0.0037313432835820895,0.9455428105583572,269,ok,,unlabeled,0.0,,
P2,1324,1772132520000,1772132820000,1772132670000,2026-02-26 11:04:30,78.08088457052715,93.7214083437495,53.938150920278076,True,1.03936,1.0,0.018518518518518517,0.9425709210076622,271,ok,,unlabeled,0.0,,
P2,1325,1772132550000,1772132850000,1772132700000,2026-02-26 11:05:00,67.6608081713928,55.12990028299044,53.58002889709424,True,1.03936,1.0,0.003745318352059925,0.9427416092518204,268,ok,,unlabeled,0.0,,
P2,1326,1772132580000,1772132880000,1772132730000,2026-02-26 11:05:30,73.57808976942556,84.30664969582597,54.5705319127671,True,1.03936,1.0,0.007326007326007326,0.9431577952890915,274,ok,,unlabeled,0.0,,
P2,1327,1772132610000,1772132910000,1772132760000,2026-02-26 11:06:00,75.88773384512248,77.74565892194975,54.46798247377096,True,1.03936,1.0,0.0,0.942332463881641,272,ok,,unlabeled,0.0,,
P2,1328,1772132640000,1772132940000,1772132790000,2026-02-26 11:06:30,77.16016573641213,78.08560681041178,54.48449287510478,True,1.03936,1.0,0.007326007326007326,0.9409502089090787,274,ok,,unlabeled,0.0,,
P2,1329,1772132670000,1772132970000,1772132820000,2026-02-26 11:07:00,79.3604509866962,85.67099493232075,54.5144804088586,True,1.03936,1.0,0.003676470588235294,0.9410176294792898,273,ok,,unlabeled,0.0,,
P2,1330,1772132700000,1772133000000,1772132850000,2026-02-26 11:07:30,79.83032379374974,82.87776184826312,54.19526412636159,True,1.03936,1.0,0.0,0.9395889810690179,270,ok,,unlabeled,0.0,,
P2,1331,1772132730000,1772133030000,1772132880000,2026-02-26 11:08:00,85.34834937326404,92.50331805565237,54.14188770719427,True,1.03936,1.0,0.007380073800738007,0.936186865476905,272,ok,,unlabeled,0.0,,
P2,1332,1772132760000,1772133060000,1772132910000,2026-02-26 11:08:30,80.96251170688069,84.850188508916,53.60489564510603,True,1.0393866666666667,1.0,0.0,0.9385870866559627,267,ok,,unlabeled,0.0,,
P2,1333,1772132790000,1772133090000,1772132940000,2026-02-26 11:09:00,81.40307351297302,86.27920050498088,53.43368330833512,True,1.03936,1.0,0.0,0.9380665245762959,267,ok,,unlabeled,0.0,,
P2,1334,1772132820000,1772133120000,1772132970000,2026-02-26 11:09:30,84.35487726475607,92.20894641085543,53.611437106582734,True,1.03936,1.0,0.0037313432835820895,0.9388671227422997,269,ok,,unlabeled,0.0,,
P2,1335,1772132850000,1772133150000,1772133000000,2026-02-26 11:10:00,85.85834514309957,96.21804759904532,53.793657165796866,True,1.03936,1.0,0.011194029850746268,0.9356294188076957,269,ok,,unlabeled,0.0,,
P2,1336,1772132880000,1772133180000,1772133030000,2026-02-26 11:10:30,83.66609354526764,64.5823188447318,52.75779376498801,True,1.03936,1.0,0.007575757575757576,0.9341141743121211,265,ok,,unlabeled,0.0,,
P2,1337,1772132910000,1772133210000,1772133060000,2026-02-26 11:11:00,78.82703311317309,61.802747960466036,52.51132400689462,True,1.0393866666666667,1.0,0.0,0.9401687743525011,263,ok,,unlabeled,0.0,,
P2,1338,1772132940000,1772133240000,1772133090000,2026-02-26 11:11:30,77.29600090383195,63.59055089630002,52.63930401366354,True,1.0393866666666667,1.0,0.0076045627376425855,0.9409968942054443,264,ok,,unlabeled,0.0,,
P2,1339,1772132970000,1772133270000,1772133120000,2026-02-26 11:12:00,76.28525017288331,67.40758237197794,53.09379904497946,True,1.03936,1.0,0.007547169811320755,0.9370691400672522,266,ok,,unlabeled,0.0,,
P2,1340,1772133000000,1772133300000,1772133150000,2026-02-26 11:12:30,76.42156527510899,68.55382343252258,53.35766958213151,True,1.0393866666666667,1.0,0.00749063670411985,0.9387466653053094,268,ok,,unlabeled,0.0,,
P2,1341,1772133030000,1772133330000,1772133180000,2026-02-26 11:13:00,71.81440155481832,71.91544680271718,53.69496433742694,True,1.0393866666666667,1.0,0.0,0.9372533110336732,268,ok,,unlabeled,0.0,,
P2,1342,1772133060000,1772133360000,1772133210000,2026-02-26 11:13:30,70.60030442621779,70.2531523118657,53.92546658558914,True,1.03936,1.0,0.0037174721189591076,0.9393664818425492,270,ok,,unlabeled,0.0,,
P2,1343,1772133090000,1772133390000,1772133240000,2026-02-26 11:14:00,71.34151624614175,68.42454719974879,54.15562191725665,True,1.0393866666666667,1.0,0.0,0.9400058718946176,270,ok,,unlabeled,0.0,,
P2,1344,1772133120000,1772133420000,1772133270000,2026-02-26 11:14:30,71.60536542891849,71.82290018325675,53.94168683074208,True,1.0393866666666667,1.0,0.007434944237918215,0.9370411119247103,270,ok,,unlabeled,0.0,,
P2,1345,1772133150000,1772133450000,1772133300000,2026-02-26 11:15:00,73.67982368267752,79.73685916315556,53.8901762282219,True,1.0394133333333333,1.0,0.0037174721189591076,0.9401599954054445,270,ok,,unlabeled,0.0,,
P2,1346,1772133180000,1772133480000,1772133330000,2026-02-26 11:15:30,67.00215212598107,71.14071782677267,53.76559804196926,True,1.0394133333333333,1.0,0.011194029850746268,0.9401241181448435,269,ok,,unlabeled,0.0,,
P2,1347,1772133210000,1772133510000,1772133360000,2026-02-26 11:16:00,72.18847879397539,87.90879389433144,54.63277966780068,True,1.0393866666666667,1.0,0.01098901098901099,0.9361337409837038,274,ok,,unlabeled,0.0,,
P2,1348,1772133240000,1772133540000,1772133390000,2026-02-26 11:16:30,70.82953853733459,88.95976444282013,54.60873739798368,True,1.0393866666666667,1.0,0.01098901098901099,0.9356602534760211,274,ok,,unlabeled,0.0,,
P2,1349,1772133270000,1772133570000,1772133420000,2026-02-26 11:17:00,70.04453609695075,83.98580875457903,54.381634659763606,True,1.0394133333333333,1.0,0.007380073800738007,0.9395614710093758,272,ok,,unlabeled,0.0,,
P2,1350,1772133300000,1772133600000,1772133450000,2026-02-26 11:17:30,65.47039891682621,77.08087325677758,53.79569634429246,True,1.0394133333333333,1.0,0.01486988847583643,0.9408030974494285,270,ok,,unlabeled,0.0,,
P2,1351,1772133330000,1772133630000,1772133480000,2026-02-26 11:18:00,67.00357636188548,73.3902153252744,53.36400537652385,True,1.0393866666666667,1.0,0.011278195488721804,0.9438063159558802,267,ok,,unlabeled,0.0,,
P2,1352,1772133360000,1772133660000,1772133510000,2026-02-26 11:18:30,69.21803495936852,75.34465880248509,53.27168559654236,True,1.0394133333333333,1.0,0.0037735849056603774,0.9430502234434718,266,ok,,unlabeled,0.0,,
P2,1353,1772133390000,1772133690000,1772133540000,2026-02-26 11:19:00,65.42800950266572,75.79853132597006,52.672336675701295,True,1.0394133333333333,1.0,0.011406844106463879,0.9407695022982082,264,ok,,unlabeled,0.0,,
P2,1354,1772133420000,1772133720000,1772133570000,2026-02-26 11:19:30,64.17003275243263,77.63605868877838,52.59987954226059,True,1.0394133333333333,1.0,0.007633587786259542,0.9442192290114068,263,ok,,unlabeled,0.0,,
P2,1355,1772133450000,1772133750000,1772133600000,2026-02-26 11:20:00,68.48363061955206,79.58715275742568,52.631931377603976,True,1.0394133333333333,1.0,0.003816793893129771,0.9380329914814493,263,ok,,unlabeled,0.0,,
P2,1356,1772133480000,1772133780000,1772133630000,2026-02-26 11:20:30,70.5349906476238,107.6799524807878,53.29771247286693,True,1.0393866666666667,1.0,0.011278195488721804,0.9377708148890449,267,ok,,unlabeled,0.0,,
P2,1358,1772133540000,1772133840000,1772133690000,2026-02-26 11:21:30,69.08394487642346,64.87203760196556,51.739351319554,True,1.0394133333333333,1.0,0.0,0.9395943100285749,259,ok,,unlabeled,0.0,,
P2,1359,1772133570000,1772133870000,1772133720000,2026-02-26 11:22:00,67.45669907429506,67.42800869819523,51.78632599189957,True,1.0394133333333333,1.0,0.0,0.9399989536176776,258,ok,,unlabeled,0.0,,
P2,1360,1772133600000,1772133900000,1772133750000,2026-02-26 11:22:30,68.32854965294096,67.52418358773238,51.769283558422,True,1.0393866666666667,1.0,0.003861003861003861,0.9353985377583276,260,ok,,unlabeled,0.0,,
P2,1361,1772133630000,1772133930000,1772133780000,2026-02-26 11:23:00,68.49704344889865,68.86775697432672,51.85565840668984,True,1.0394133333333333,1.0,0.003861003861003861,0.9373318368488586,260,ok,,unlabeled,0.0,,
P2,1362,1772133660000,1772133960000,1772133810000,2026-02-26 11:23:30,68.24056853366955,70.336843100974,51.90866213273119,True,1.0394133333333333,1.0,0.007722007722007722,0.9399831128406615,260,ok,,unlabeled,0.0,,
P2,1363,1772133690000,1772133990000,1772133840000,2026-02-26 11:24:00,72.46116676989939,82.3909934615067,52.53975575029579,True,1.0394133333333333,1.0,0.003816793893129771,0.9401322391035136,263,ok,,unlabeled,0.0,,
P2,1364,1772133720000,1772134020000,1772133870000,2026-02-26 11:24:30,68.01368640546944,76.52091785542746,52.45985112926027,True,1.0394133333333333,1.0,0.0,0.9375745999947745,262,ok,,unlabeled,0.0,,
P2,1365,1772133750000,1772134050000,1772133900000,2026-02-26 11:25:00,70.59842725609745,76.7963878076997,52.419220380806294,True,1.0393866666666667,1.0,0.007633587786259542,0.9402278256737934,263,ok,,unlabeled,0.0,,
P2,1366,1772133780000,1772134080000,1772133930000,2026-02-26 11:25:30,69.07575160256643,72.43073809241363,52.05969511706758,True,1.0394133333333333,1.0,0.007692307692307693,0.9434135008106214,261,ok,,unlabeled,0.0,,
P2,1367,1772133810000,1772134110000,1772133960000,2026-02-26 11:26:00,73.04918827780345,81.30794628940176,52.461905047956584,True,1.0394133333333333,1.0,0.011450381679389313,0.9401623158215141,263,ok,,unlabeled,0.0,,
P2,1368,1772133840000,1772134140000,1772133990000,2026-02-26 11:26:30,74.20503913279488,85.79788755517002,53.112656504623885,True,1.0393866666666667,1.0,0.0,0.9380093406708654,265,ok,,unlabeled,0.0,,
P2,1369,1772133870000,1772134170000,1772134020000,2026-02-26 11:27:00,71.69284229519455,82.70996325550327,53.29204038128947,True,1.0393866666666667,1.0,0.0,0.9360409788489071,266,ok,,unlabeled,0.0,,
P2,1370,1772133900000,1772134200000,1772134050000,2026-02-26 11:27:30,77.12501317985343,117.62793832198759,54.198003372320215,True,1.0394133333333333,1.0,0.0,0.9347909208629994,271,ok,,unlabeled,0.0,,
P2,1371,1772133930000,1772134230000,1772134080000,2026-02-26 11:28:00,64.38938196133968,81.0304188749573,53.739723280529375,True,1.0394133333333333,1.0,0.0,0.9399502334371964,269,ok,,unlabeled,0.0,,
P2,1372,1772133960000,1772134260000,1772134110000,2026-02-26 11:28:30,65.49809157525127,76.40716089945617,53.50915868371478,True,1.0394133333333333,1.0,0.0,0.9410977727097568,268,ok,,unlabeled,0.0,,
P2,1373,1772133990000,1772134290000,1772134140000,2026-02-26 11:29:00,66.91921860110007,71.66562021388197,53.41306100510615,True,1.0393866666666667,1.0,0.0,0.9394424706016656,266,ok,,unlabeled,0.0,,
P2,1374,1772134020000,1772134320000,1772134170000,2026-02-26 11:29:30,68.14755966019949,70.06375118599651,53.707056065089745,True,1.0393866666666667,1.0,0.007462686567164179,0.9406597959919332,269,ok,,unlabeled,0.0,,
P2,1375,1772134050000,1772134350000,1772134200000,2026-02-26 11:30:00,69.27298368524858,68.50044640704776,53.89341525310538,True,1.0394133333333333,1.0,0.0,0.9370737929347299,270,ok,,unlabeled,0.0,,
P2,1376,1772134080000,1772134380000,1772134230000,2026-02-26 11:30:30,69.27532866070496,69.0723581807821,53.863572414347544,True,1.0393866666666667,1.0,0.0,0.9383551222808362,269,ok,,unlabeled,0.0,,
P2,1377,1772134110000,1772134410000,1772134260000,2026-02-26 11:31:00,66.58806311384745,65.14200042767528,53.81327394090542,True,1.0393866666666667,1.0,0.011152416356877323,0.9384813671175338,270,ok,,unlabeled,0.0,,
P2,1378,1772134140000,1772134440000,1772134290000,2026-02-26 11:31:30,70.11697022196991,71.96829251644175,53.64899941946978,True,1.0394133333333333,1.0,0.0037313432835820895,0.9415013878784468,269,ok,,unlabeled,0.0,,
P2,1379,1772134170000,1772134470000,1772134320000,2026-02-26 11:32:00,71.6325852718389,61.47838175871799,53.19718422954418,True,1.0394133333333333,1.0,0.0,0.9388891749125511,266,ok,,unlabeled,0.0,,
P2,1380,1772134200000,1772134500000,1772134350000,2026-02-26 11:32:30,73.11785371794903,62.20053825592759,53.20042184172875,True,1.0394133333333333,1.0,0.0,0.9407047277475677,265,ok,,unlabeled,0.0,,
P2,1381,1772134230000,1772134530000,1772134380000,2026-02-26 11:33:00,78.62654976760845,73.43560817455308,53.724427638455246,True,1.0393866666666667,1.0,0.007434944237918215,0.935305421835197,270,ok,,unlabeled,0.0,,
P2,1382,1772134260000,1772134560000,1772134410000,2026-02-26 11:33:30,77.66720047646076,66.34769175728934,53.77347175393472,True,1.0393866666666667,1.0,0.007434944237918215,0.936082899540519,270,ok,,unlabeled,0.0,,
P2,1383,1772134290000,1772134590000,1772134440000,2026-02-26 11:34:00,78.13251012591864,75.27214232760691,53.69629535633904,True,1.0394133333333333,1.0,0.0037313432835820895,0.9398019638516433,269,ok,,unlabeled,0.0,,
P2,1384,1772134320000,1772134620000,1772134470000,2026-02-26 11:34:30,74.17929066915579,74.63811154237787,53.769888862237146,True,1.0394133333333333,1.0,0.007434944237918215,0.9399638658061703,270,ok,,unlabeled,0.0,,
P2,1385,1772134350000,1772134650000,1772134500000,2026-02-26 11:35:00,75.44761946928537,75.738080870648,53.794979135280705,True,1.0393866666666667,1.0,0.007434944237918215,0.9367872060671225,270,ok,,unlabeled,0.0,,
P2,1386,1772134380000,1772134680000,1772134530000,2026-02-26 11:35:30,79.81856749824642,79.22218219146201,54.176615767401735,True,1.0394133333333333,1.0,0.003703703703703704,0.9365036962271323,271,ok,,unlabeled,0.0,,
P2,1388,1772134440000,1772134740000,1772134590000,2026-02-26 11:36:30,77.36890819567208,76.43185527396008,54.163573993460254,True,1.0394133333333333,1.0,0.003703703703703704,0.9368233788050531,271,ok,,unlabeled,0.0,,
P2,1389,1772134470000,1772134770000,1772134620000,2026-02-26 11:37:00,80.196227743192,87.5543520340316,54.06487785342411,True,1.0394133333333333,1.0,0.007407407407407408,0.9322602446976376,271,ok,,unlabeled,0.0,,
P2,1390,1772134500000,1772134800000,1772134650000,2026-02-26 11:37:30,77.9605201151789,81.90194103039885,53.83435890911769,True,1.0393866666666667,1.0,0.0,0.9326584831996306,269,ok,,unlabeled,0.0,,
P2,1391,1772134530000,1772134830000,1772134680000,2026-02-26 11:38:00,76.1923448138965,81.9481623567999,53.88848301239301,True,1.0394133333333333,1.0,0.0,0.9313075382411197,269,ok,,unlabeled,0.0,,
P2,1392,1772134560000,1772134860000,1772134710000,2026-02-26 11:38:30,76.92752346313381,82.16472475257572,54.01980726266298,True,1.0394133333333333,1.0,0.007407407407407408,0.9313313106489187,271,ok,,unlabeled,0.0,,
P2,1393,1772134590000,1772134890000,1772134740000,2026-02-26 11:39:00,79.30177115986066,98.60905494958395,55.17535500809638,True,1.0393866666666667,1.0,0.007246376811594203,0.9286034878339744,277,ok,,unlabeled,0.0,,
P2,1394,1772134620000,1772134920000,1772134770000,2026-02-26 11:39:30,75.84691981059774,150.6310784347132,57.355262894941944,True,1.0393866666666667,1.0,0.006968641114982578,0.9251506976375463,288,ok,,unlabeled,0.0,,
P2,1395,1772134650000,1772134950000,1772134800000,2026-02-26 11:40:00,76.82943384381994,158.7868010747411,58.997640094396225,True,1.0394133333333333,1.0,0.003389830508474576,0.9194767999279936,296,ok,,unlabeled,0.0,,
P2,1396,1772134680000,1772134980000,1772134830000,2026-02-26 11:40:30,73.93334521637527,156.61525619939138,60.546117964688115,True,1.0393866666666667,1.0,0.006622516556291391,0.924545927336767,303,ok,,unlabeled,0.0,,
P2,1397,1772134710000,1772135010000,1772134860000,2026-02-26 11:41:00,71.94469201878218,151.78201112978923,62.210368394732455,True,1.0393866666666667,1.0,0.006430868167202572,0.9191497623824502,312,ok,,unlabeled,0.0,,
P2,1398,1772134740000,1772135040000,1772134890000,2026-02-26 11:41:30,67.16156013104273,147.51372978533036,62.99790006999766,True,1.0393866666666667,1.0,0.009523809523809525,0.9177290420239245,316,ok,,unlabeled,0.0,,
P2,1399,1772134770000,1772135070000,1772134920000,2026-02-26 11:42:00,65.27389305496558,128.42949978108535,64.76847934005451,True,1.03936,1.0,0.006172839506172839,0.9141955741467089,325,ok,,unlabeled,0.0,,
P2,1400,1772134800000,1772135100000,1772134950000,2026-02-26 11:42:30,64.75983985469732,125.44173148676812,66.54284530792769,True,1.0393866666666667,1.0,0.0,0.9153032896593224,333,ok,,unlabeled,0.0,,
P2,1401,1772134830000,1772135130000,1772134980000,2026-02-26 11:43:00,56.94084490707104,110.45327403602477,66.24807109029958,True,1.0393866666666667,1.0,0.006024096385542169,0.9156818852645755,333,ok,,unlabeled,0.0,,
P2,1402,1772134860000,1772135160000,1772135010000,2026-02-26 11:43:30,58.60126094574363,96.22195756440493,67.24207145724608,True,1.03936,1.0,0.0,0.9115745276209059,336,ok,,unlabeled,0.0,,
P2,1403,1772134890000,1772135190000,1772135040000,2026-02-26 11:44:00,62.29637488131467,85.89251753658698,67.29925736441376,True,1.0393866666666667,1.0,0.0,0.9139928232803367,336,ok,,unlabeled,0.0,,
P2,1404,1772134920000,1772135220000,1772135070000,2026-02-26 11:44:30,60.99987389646486,69.74960650327687,65.60896253312313,True,1.03936,1.0,0.0,0.9232525777578164,327,ok,,unlabeled,0.0,,
P2,1405,1772134950000,1772135250000,1772135100000,2026-02-26 11:45:00,60.575260866975775,66.62523967984865,65.07548622501925,True,1.03936,1.0,0.0,0.922746562084102,325,ok,,unlabeled,0.0,,
P2,1406,1772134980000,1772135280000,1772135130000,2026-02-26 11:45:30,60.75477641422818,66.56276104268453,64.5221432804416,True,1.0393866666666667,1.0,0.006191950464396285,0.9268060694683248,324,ok,,unlabeled,0.0,,
P2,1407,1772135010000,1772135310000,1772135160000,2026-02-26 11:46:00,64.28299773243587,70.3290149725073,63.670813192110444,True,1.03936,1.0,0.0,0.9250793731121452,318,ok,,unlabeled,0.0,,
P2,1408,1772135040000,1772135340000,1772135190000,2026-02-26 11:46:30,67.02351750493386,78.71007030052287,63.55082729678437,True,1.03936,1.0,0.0031545741324921135,0.9253001797989193,318,ok,,unlabeled,0.0,,
P2,1409,1772135070000,1772135370000,1772135220000,2026-02-26 11:47:00,69.94857073429522,77.61341403531068,63.1224575676813,True,1.03936,1.0,0.006349206349206349,0.9262287946939355,316,ok,,unlabeled,0.0,,
P2,1410,1772135100000,1772135400000,1772135250000,2026-02-26 11:47:30,71.90502995850383,83.08524503282355,62.604173611574105,True,1.03936,1.0,0.006389776357827476,0.9250621838546563,314,ok,,unlabeled,0.0,,
P2,1411,1772135130000,1772135430000,1772135280000,2026-02-26 11:48:00,70.70344649504942,64.39559885338423,62.21609724442899,True,1.0393333333333334,1.0,0.0,0.9245285166785792,311,ok,,unlabeled,0.0,,
P2,1412,1772135160000,1772135460000,1772135310000,2026-02-26 11:48:30,71.18660314646617,63.52660377191933,61.995077844952114,True,1.03936,1.0,0.0,0.925884411243483,310,ok,,unlabeled,0.0,,
P2,1413,1772135190000,1772135490000,1772135340000,2026-02-26 11:49:00,64.61463674780879,67.42483078952431,62.54204437221508,True,1.0393333333333334,1.0,0.003194888178913738,0.9279839608289384,314,ok,,unlabeled,0.0,,
P2,1414,1772135220000,1772135520000,1772135370000,2026-02-26 11:49:30,63.80607486653146,80.28803366901725,63.520265035133185,True,1.03936,1.0,0.0031545741324921135,0.9276055203737805,318,ok,,unlabeled,0.0,,
P2,1415,1772135250000,1772135550000,1772135400000,2026-02-26 11:50:00,63.317137782029576,84.1643551172422,63.67981203107895,True,1.03936,1.0,0.0031446540880503146,0.9275524818880949,319,ok,,unlabeled,0.0,,
P2,1416,1772135280000,1772135580000,1772135430000,2026-02-26 11:50:30,63.1408528260229,85.7164927363938,63.90864469598318,True,1.0393333333333334,1.0,0.006269592476489028,0.9267536131262001,320,ok,,unlabeled,0.0,,
P2,1417,1772135310000,1772135610000,1772135460000,2026-02-26 11:51:00,64.91246228770224,96.4093082486392,63.79777309659946,True,1.03936,1.0,0.006289308176100629,0.926523048898503,319,ok,,unlabeled,0.0,,
P2,1418,1772135340000,1772135640000,1772135490000,2026-02-26 11:51:30,66.3330719409332,100.69077881829838,62.904385334291874,True,1.0393333333333334,1.0,0.006349206349206349,0.9207603228375361,316,ok,,unlabeled,0.0,,
P2,1419,1772135370000,1772135670000,1772135520000,2026-02-26 11:52:00,62.9976112969866,108.98892657266107,62.14625084365206,True,1.03936,1.0,0.0,0.9298031768056692,311,ok,,unlabeled,0.0,,
P2,1420,1772135400000,1772135700000,1772135550000,2026-02-26 11:52:30,67.02170168484254,118.31949872665716,61.630498062754704,True,1.0393333333333334,1.0,0.009771986970684038,0.9266636153537389,308,ok,,unlabeled,0.0,,
P2,1421,1772135430000,1772135730000,1772135580000,2026-02-26 11:53:00,66.88609721010788,120.87671790645952,60.99024156135018,True,1.03936,1.0,0.003278688524590164,0.928707961572134,306,ok,,unlabeled,0.0,,
P2,1422,1772135460000,1772135760000,1772135610000,2026-02-26 11:53:30,68.87323993255978,122.21532536445514,60.71698138413343,True,1.03936,1.0,0.0,0.928877448965382,304,ok,,unlabeled,0.0,,
P2,1423,1772135490000,1772135790000,1772135640000,2026-02-26 11:54:00,74.89134666110502,119.67649072364011,59.75815992994793,True,1.03936,1.0,0.006711409395973154,0.9304983209435409,299,ok,,unlabeled,0.0,,
P2,1424,1772135520000,1772135820000,1772135670000,2026-02-26 11:54:30,78.56287568272988,99.83503136771192,57.83519646562688,True,1.03936,1.0,0.003472222222222222,0.9324979493475303,289,ok,,unlabeled,0.0,,
P2,1425,1772135550000,1772135850000,1772135700000,2026-02-26 11:55:00,82.5807239719503,91.2503544299762,57.08619210977702,True,1.03936,1.0,0.0035211267605633804,0.9323337037772634,285,ok,,unlabeled,0.0,,
P2,1426,1772135580000,1772135880000,1772135730000,2026-02-26 11:55:30,82.64828099394735,79.68769558372833,56.20533683055429,True,1.03936,1.0,0.0,0.9379558687801716,281,ok,,unlabeled,0.0,,
P2,1427,1772135610000,1772135910000,1772135760000,2026-02-26 11:56:00,83.38499351116569,79.30187829021374,56.1161998082863,True,1.03936,1.0,0.0071174377224199285,0.9410030137850268,282,ok,,unlabeled,0.0,,
P2,1428,1772135640000,1772135940000,1772135790000,2026-02-26 11:56:30,81.62291344959453,84.13407364887576,56.20412163558661,True,1.0393866666666667,1.0,0.014234875444839857,0.9399085394350208,282,ok,,unlabeled,0.0,,
P2,1429,1772135670000,1772135970000,1772135820000,2026-02-26 11:57:00,80.53730280346582,78.6379488251347,56.14834352395796,True,1.03936,1.0,0.0035587188612099642,0.9296492836865702,282,ok,,unlabeled,0.0,,
P2,1430,1772135700000,1772136000000,1772135850000,2026-02-26 11:57:30,80.7398821613493,76.5580819279721,56.16293246457338,True,1.0393866666666667,1.0,0.0035587188612099642,0.942270748557033,282,ok,,unlabeled,0.0,,
P2,1431,1772135730000,1772136030000,1772135880000,2026-02-26 11:58:00,81.77364227811167,85.41692718019634,56.332945751974655,True,1.0393866666666667,1.0,0.0071174377224199285,0.9416975558135974,282,ok,,unlabeled,0.0,,
P2,1432,1772135760000,1772136060000,1772135910000,2026-02-26 11:58:30,80.2993496833367,71.7856315379816,55.81395348837209,True,1.03936,1.0,0.0,0.9443855340137435,279,ok,,unlabeled,0.0,,
P2,1433,1772135790000,1772136090000,1772135940000,2026-02-26 11:59:00,81.83013765460393,84.85149022852231,56.27691177943189,True,1.0393866666666667,1.0,0.0035587188612099642,0.9435997938930514,282,ok,,unlabeled,0.0,,
P2,1434,1772135820000,1772136120000,1772135970000,2026-02-26 11:59:30,72.15922259155735,72.75414343241724,56.05979711692472,True,1.0393866666666667,1.0,0.010714285714285714,0.9411736067020875,281,ok,,unlabeled,0.0,,
P2,1435,1772135850000,1772136150000,1772136000000,2026-02-26 12:00:00,72.55095848478456,78.48177392035434,56.09873377143773,True,1.03936,1.0,0.0035714285714285713,0.9443045262719973,281,ok,,unlabeled,0.0,,
P2,1436,1772135880000,1772136180000,1772136030000,2026-02-26 12:00:30,71.5352061175874,72.50198461600047,56.17603155986779,True,1.0393866666666667,1.0,0.0071174377224199285,0.9408379742304757,282,ok,,unlabeled,0.0,,
P2,1437,1772135910000,1772136210000,1772136060000,2026-02-26 12:01:00,69.90834932227007,76.32634636570539,56.67745919423212,True,1.03936,1.0,0.01060070671378092,0.9391162509950357,284,ok,,unlabeled,0.0,,
P2,1438,1772135940000,1772136240000,1772136090000,2026-02-26 12:01:30,73.12953629016243,86.2243620067055,56.589813833509965,True,1.03936,1.0,0.007067137809187279,0.9406548501943526,284,ok,,unlabeled,0.0,,
P2,1439,1772135970000,1772136270000,1772136120000,2026-02-26 12:02:00,70.24121704119719,84.85032007888103,56.37136896164339,True,1.0393866666666667,1.0,0.0035587188612099642,0.9429018347478503,282,ok,,unlabeled,0.0,,
P2,1440,1772136000000,1772136300000,1772136150000,2026-02-26 12:02:30,69.17291439812938,84.25497065417595,55.773600495765336,True,1.03936,1.0,0.0035842293906810036,0.9431786267245548,280,ok,,unlabeled,0.0,,
P2,1441,1772136030000,1772136330000,1772136180000,2026-02-26 12:03:00,67.20054813068677,90.63080040415815,55.971272092603364,True,1.03936,1.0,0.0035842293906810036,0.9459988668350982,280,ok,,unlabeled,0.0,,
P2,1443,1772136090000,1772136390000,1772136240000,2026-02-26 12:04:00,65.78720273697647,77.29457154345204,54.69171041338151,True,1.0393866666666667,1.0,0.010948905109489052,0.9427474815482643,275,ok,,unlabeled,0.0,,
P2,1444,1772136120000,1772136420000,1772136270000,2026-02-26 12:04:30,63.407296852315405,77.90129819386023,54.612742973360454,True,1.03936,1.0,0.007326007326007326,0.9434187038443047,274,ok,,unlabeled,0.0,,
P2,1445,1772136150000,1772136450000,1772136300000,2026-02-26 12:05:00,63.15014787370326,75.68093456695277,54.60582462129294,True,1.0393866666666667,1.0,0.014652014652014652,0.9449837273674547,274,ok,,unlabeled,0.0,,
P2,1446,1772136180000,1772136480000,1772136330000,2026-02-26 12:05:30,60.097829224446826,75.756876599243,54.53561188822873,True,1.0393866666666667,1.0,0.007352941176470588,0.9424950210112308,273,ok,,unlabeled,0.0,,
P2,1447,1772136210000,1772136510000,1772136360000,2026-02-26 12:06:00,60.652699857467184,70.12867325370509,54.39944737069337,True,1.0393866666666667,1.0,0.014652014652014652,0.9417743187813431,274,ok,,unlabeled,0.0,,
P2,1448,1772136240000,1772136540000,1772136390000,2026-02-26 12:06:30,66.36755362308485,86.16861183558999,55.30229927128739,True,1.0393866666666667,1.0,0.01444043321299639,0.9359492858713052,278,ok,,unlabeled,0.0,,
P2,1449,1772136270000,1772136570000,1772136420000,2026-02-26 12:07:00,66.02646881999328,84.81123901893832,55.541126406009624,True,1.0393866666666667,1.0,0.01079136690647482,0.9383904448488087,279,ok,,unlabeled,0.0,,
P2,1450,1772136300000,1772136600000,1772136450000,2026-02-26 12:07:30,70.7435331462487,84.21328556569517,55.75762420560375,True,1.0393866666666667,1.0,0.010752688172043012,0.9329633809655891,280,ok,,unlabeled,0.0,,
P2,1451,1772136330000,1772136630000,1772136480000,2026-02-26 12:08:00,68.22381701893477,83.97914466159676,55.88793034374081,True,1.0393866666666667,1.0,0.010752688172043012,0.9367355957125468,280,ok,,unlabeled,0.0,,
P2,1452,1772136360000,1772136660000,1772136510000,2026-02-26 12:08:30,66.41573879519997,79.32063008988047,55.835734870317005,True,1.0393866666666667,1.0,0.0035842293906810036,0.9315740526093669,280,ok,,unlabeled,0.0,,
P2,1453,1772136390000,1772136690000,1772136540000,2026-02-26 12:09:00,70.02713759679172,81.82605144120402,56.15732043646829,True,1.03936,1.0,0.0071174377224199285,0.9364611992995946,282,ok,,unlabeled,0.0,,
P2,1454,1772136420000,1772136720000,1772136570000,2026-02-26 12:09:30,69.93738206475807,77.77927709842074,56.001231090384785,True,1.0393866666666667,1.0,0.0,0.932775294526736,280,ok,,unlabeled,0.0,,
P2,1455,1772136450000,1772136750000,1772136600000,2026-02-26 12:10:00,71.34023108617305,82.84573103047967,56.258508849203174,True,1.0393866666666667,1.0,0.0035587188612099642,0.9375008946582064,282,ok,,unlabeled,0.0,,
P2,1456,1772136480000,1772136780000,1772136630000,2026-02-26 12:10:30,74.37877497018206,90.65712454109713,55.75574437929951,True,1.03936,1.0,0.0035971223021582736,0.9384080643151196,279,ok,,unlabeled,0.0,,
P2,1457,1772136510000,1772136810000,1772136660000,2026-02-26 12:11:00,69.72130902313612,90.7869040994635,56.00448035842867,True,1.0393866666666667,1.0,0.010714285714285714,0.9372521423539072,281,ok,,unlabeled,0.0,,
P2,1458,1772136540000,1772136840000,1772136690000,2026-02-26 12:11:30,67.35536003576438,82.71497450461597,55.13489671396015,True,1.03936,1.0,0.0036363636363636364,0.9367937263641948,276,ok,,unlabeled,0.0,,
P2,1459,1772136570000,1772136870000,1772136720000,2026-02-26 12:12:00,69.04024003815128,85.19076808836196,54.89168041730984,True,1.03936,1.0,0.007272727272727273,0.9375052715793586,276,ok,,unlabeled,0.0,,
P2,1460,1772136600000,1772136900000,1772136750000,2026-02-26 12:12:30,70.19774666158193,85.78560277965514,55.0876212526446,True,1.0393866666666667,1.0,0.007246376811594203,0.9357552531343099,277,ok,,unlabeled,0.0,,
P2,1461,1772136630000,1772136930000,1772136780000,2026-02-26 12:13:00,72.0585186326147,97.28219070711886,55.986936381510986,True,1.03936,1.0,0.007142857142857143,0.9394353734376917,281,ok,,unlabeled,0.0,,
P2,1462,1772136660000,1772136960000,1772136810000,2026-02-26 12:13:30,68.90334845688872,92.67973730083345,56.34876072832277,True,1.03936,1.0,0.014234875444839857,0.93458673149616,282,ok,,unlabeled,0.0,,
P2,1463,1772136690000,1772136990000,1772136840000,2026-02-26 12:14:00,71.69478254358285,93.27026968588463,56.73123826451859,True,1.03936,1.0,0.0035335689045936395,0.9396977318170701,284,ok,,unlabeled,0.0,,
P2,1464,1772136720000,1772137020000,1772136870000,2026-02-26 12:14:30,74.18116385190068,94.69664778937582,56.988982130121514,True,1.03936,1.0,0.017543859649122806,0.937973370320146,286,ok,,unlabeled,0.0,,
P2,1465,1772136750000,1772137050000,1772136900000,2026-02-26 12:15:00,72.34643749034129,92.63941596987935,57.14057380324463,True,1.03936,1.0,0.01048951048951049,0.9417194611987844,287,ok,,unlabeled,0.0,,
P2,1466,1772136780000,1772137080000,1772136930000,2026-02-26 12:15:30,69.06049461433292,85.6993773329849,57.604608368669496,True,1.03936,1.0,0.010416666666666666,0.9436758600772506,289,ok,,unlabeled,0.0,,
P2,1467,1772136810000,1772137110000,1772136960000,2026-02-26 12:16:00,69.85368166464286,75.81078312115802,57.22327079679069,True,1.03936,1.0,0.006993006993006993,0.9457515438977089,287,ok,,unlabeled,0.0,,
P2,1468,1772136840000,1772137140000,1772136990000,2026-02-26 12:16:30,73.34667812271822,71.78389751410226,57.80772241588107,True,1.0393866666666667,1.0,0.0,0.9456042252217671,289,ok,,unlabeled,0.0,,
P2,1469,1772136870000,1772137170000,1772137020000,2026-02-26 12:17:00,71.39618902686709,65.85094556620635,58.564762197649394,True,1.03936,1.0,0.003424657534246575,0.9476097804165697,293,ok,,unlabeled,0.0,,
P2,1470,1772136900000,1772137200000,1772137050000,2026-02-26 12:17:30,67.61026376463136,57.996061449237935,58.58630444814511,True,1.03936,1.0,0.0,0.9450263188246002,293,ok,,unlabeled,0.0,,
P2,1471,1772136930000,1772137230000,1772137080000,2026-02-26 12:18:00,68.54241229878785,53.90801845850411,58.17646862148517,True,1.03936,1.0,0.006896551724137931,0.9467065027712164,291,ok,,unlabeled,0.0,,
P2,1472,1772136960000,1772137260000,1772137110000,2026-02-26 12:18:30,73.69440312468183,67.79045354043762,58.09333662751487,True,1.03936,1.0,0.0034482758620689655,0.945471556517028,291,ok,,unlabeled,0.0,,
P2,1473,1772136990000,1772137290000,1772137140000,2026-02-26 12:19:00,67.47584417432898,57.71538964687488,57.75709931012354,True,1.0393866666666667,1.0,0.006944444444444444,0.9481806067624408,289,ok,,unlabeled,0.0,,
P2,1474,1772137020000,1772137320000,1772137170000,2026-02-26 12:19:30,64.45842760174102,53.71623381689164,58.152403565607585,True,1.03936,1.0,0.0,0.9479744323344232,290,ok,,unlabeled,0.0,,
P2,1475,1772137050000,1772137350000,1772137200000,2026-02-26 12:20:00,64.9805933233186,54.951715308914224,58.15974543412574,True,1.03936,1.0,0.0,0.9461042694235547,291,ok,,unlabeled,0.0,,
P2,1476,1772137080000,1772137380000,1772137230000,2026-02-26 12:20:30,66.67374532866144,60.90466248756487,58.3817070651196,True,1.0393866666666667,1.0,0.003424657534246575,0.9471062435494706,293,ok,,unlabeled,0.0,,
P2,1477,1772137110000,1772137410000,1772137260000,2026-02-26 12:21:00,68.16555549048552,62.485355625580205,58.44792730038631,True,1.03936,1.0,0.00684931506849315,0.9429970550182332,293,ok,,unlabeled,0.0,,
P2,1478,1772137140000,1772137440000,1772137290000,2026-02-26 12:21:30,61.937114766245045,54.458555051807465,58.335442110730796,True,1.03936,1.0,0.00684931506849315,0.9481288426520651,293,ok,,unlabeled,0.0,,
P2,1479,1772137170000,1772137470000,1772137320000,2026-02-26 12:22:00,61.62730237991462,53.5399121735063,58.37392631291356,True,1.03936,1.0,0.00684931506849315,0.9463981910651289,293,ok,,unlabeled,0.0,,
P2,1480,1772137200000,1772137500000,1772137350000,2026-02-26 12:22:30,69.29467312959872,71.90291541496234,58.32169794304115,True,1.03936,1.0,0.006872852233676976,0.9441389561928899,292,ok,,unlabeled,0.0,,
P2,1481,1772137230000,1772137530000,1772137380000,2026-02-26 12:23:00,62.185346352963755,56.11207017674845,58.0689084380131,True,1.0393866666666667,1.0,0.0034482758620689655,0.9471564980544975,291,ok,,unlabeled,0.0,,
P2,1482,1772137260000,1772137560000,1772137410000,2026-02-26 12:23:30,60.06811711846873,61.932734913852485,58.56828620904065,True,1.03936,1.0,0.003424657534246575,0.946922457418052,293,ok,,unlabeled,0.0,,
P2,1483,1772137290000,1772137590000,1772137440000,2026-02-26 12:24:00,61.09110992067673,62.33223173392173,58.44246819355398,True,1.03936,1.0,0.003424657534246575,0.9451127045614955,293,ok,,unlabeled,0.0,,
P2,1484,1772137320000,1772137620000,1772137470000,2026-02-26 12:24:30,62.408902250715585,70.96343248121575,57.84836230215057,True,1.03936,1.0,0.0,0.9453407727292487,289,ok,,unlabeled,0.0,,
P2,1485,1772137350000,1772137650000,1772137500000,2026-02-26 12:25:00,65.94774366955168,72.69206458747689,57.47855402383257,True,1.03936,1.0,0.0,0.9431362479044175,288,ok,,unlabeled,0.0,,
P2,1486,1772137380000,1772137680000,1772137530000,2026-02-26 12:25:30,64.73633432977296,72.68752462455065,57.23701326858035,True,1.03936,1.0,0.0034965034965034965,0.944936431787676,287,ok,,unlabeled,0.0,,
P2,1487,1772137410000,1772137710000,1772137560000,2026-02-26 12:26:00,63.31761656423816,74.32291738028182,56.724036559944416,True,1.03936,1.0,0.0,0.9476547283595368,284,ok,,unlabeled,0.0,,
P2,1488,1772137440000,1772137740000,1772137590000,2026-02-26 12:26:30,66.51766682618987,75.72282356826766,56.532410574176154,True,1.03936,1.0,0.0,0.9467713547376756,282,ok,,unlabeled,0.0,,
P2,1489,1772137470000,1772137770000,1772137620000,2026-02-26 12:27:00,64.17554051194271,74.80982498023886,56.33332219586354,True,1.0393866666666667,1.0,0.0,0.9487841930284987,282,ok,,unlabeled,0.0,,
P2,1490,1772137500000,1772137800000,1772137650000,2026-02-26 12:27:30,69.50161739228724,78.76989279498346,56.090924930640256,True,1.03936,1.0,0.0,0.9465242880102266,280,ok,,unlabeled,0.0,,
P2,1491,1772137530000,1772137830000,1772137680000,2026-02-26 12:28:00,73.01650547610757,87.69292294823674,55.806696803616425,True,1.03936,1.0,0.007168458781362007,0.9417944843304602,280,ok,,unlabeled,0.0,,
P2,1492,1772137560000,1772137860000,1772137710000,2026-02-26 12:28:30,70.24159987458413,68.09666105407864,54.81524118036824,True,1.03936,1.0,0.0,0.9447559477582217,274,ok,,unlabeled,0.0,,
P2,1494,1772137620000,1772137920000,1772137770000,2026-02-26 12:29:30,70.9094172486663,70.83315808704974,55.352773655288594,True,1.0393866666666667,1.0,0.0036231884057971015,0.9462241173429424,277,ok,,unlabeled,0.0,,
P2,1495,1772137650000,1772137950000,1772137800000,2026-02-26 12:30:00,70.28615713561302,78.22423121970338,55.98325184437058,True,1.03936,1.0,0.0035842293906810036,0.9462001912030389,280,ok,,unlabeled,0.0,,
P2,1496,1772137680000,1772137980000,1772137830000,2026-02-26 12:30:30,69.83124571205816,77.30244886550095,55.934242181234964,True,1.03936,1.0,0.0035842293906810036,0.9458166737936978,280,ok,,unlabeled,0.0,,
P2,1497,1772137710000,1772138010000,1772137860000,2026-02-26 12:31:00,70.61994976608621,83.33826474645097,56.58113962012663,True,1.0393866666666667,1.0,0.01060070671378092,0.9442070586979439,284,ok,,unlabeled,0.0,,
P2,1498,1772137740000,1772138040000,1772137890000,2026-02-26 12:31:30,67.79581404064481,74.02383716764497,56.087121996167376,True,1.03936,1.0,0.007142857142857143,0.9470076807840819,281,ok,,unlabeled,0.0,,
P2,1499,1772137770000,1772138070000,1772137920000,2026-02-26 12:32:00,66.07164570064376,73.2384496484766,55.89305794912401,True,1.03936,1.0,0.007142857142857143,0.9445805995790313,281,ok,,unlabeled,0.0,,
P2,1500,1772137800000,1772138100000,1772137950000,2026-02-26 12:32:30,64.54648797820285,75.9633864560801,56.409777694800425,True,1.0393866666666667,1.0,0.010638297872340425,0.9469967821236869,283,ok,,unlabeled,0.0,,
P2,1502,1772137860000,1772138160000,1772138010000,2026-02-26 12:33:30,63.19631830959241,71.40317114123131,57.206324142406956,True,1.0393866666666667,1.0,0.007017543859649123,0.9439579232221622,286,ok,,unlabeled,0.0,,
P2,1503,1772137890000,1772138190000,1772138040000,2026-02-26 12:34:00,59.69679486432392,84.82372580787944,57.99202609641174,True,1.0393866666666667,1.0,0.0,0.9456421169260228,289,ok,,unlabeled,0.0,,
P2,1504,1772137920000,1772138220000,1772138070000,2026-02-26 12:34:30,58.06114316403829,138.44737867789226,60.60200668896321,True,1.03936,1.0,0.0,0.9392843990115245,303,ok,,unlabeled,0.0,,
P2,1505,1772137950000,1772138250000,1772138100000,2026-02-26 12:35:00,61.20809891304434,147.32846156484618,61.63379753866333,True,1.0393866666666667,1.0,0.0,0.9324073938893751,308,ok,,unlabeled,0.0,,
P2,1506,1772137980000,1772138280000,1772138130000,2026-02-26 12:35:30,60.148591298082536,145.82418253570185,63.01509151236219,True,1.03936,1.0,0.0,0.9290067013721967,315,ok,,unlabeled,0.0,,
P2,1507,1772138010000,1772138310000,1772138160000,2026-02-26 12:36:00,64.75359614080244,145.33217761228852,64.11026966382177,True,1.03936,1.0,0.00625,0.9251934326253171,321,ok,,unlabeled,0.0,,
P2,1508,1772138040000,1772138340000,1772138190000,2026-02-26 12:36:30,60.96173663318109,134.50292519157426,64.93420001065587,True,1.03936,1.0,0.006153846153846154,0.9247900124920281,326,ok,,unlabeled,0.0,,
P2,1509,1772138070000,1772138370000,1772138220000,2026-02-26 12:37:00,62.54050675130063,124.61029219056508,65.67355438090661,True,1.03936,1.0,0.006097560975609756,0.9216292437750945,329,ok,,unlabeled,0.0,,
P2,1510,1772138100000,1772138400000,1772138250000,2026-02-26 12:37:30,64.34057794105148,118.7473402009079,66.30628711421191,True,1.0393333333333334,1.0,0.006024096385542169,0.9213190906873656,333,ok,,unlabeled,0.0,,
P2,1511,1772138130000,1772138430000,1772138280000,2026-02-26 12:38:00,63.497746853110364,110.35292249162322,66.73480430469549,True,1.03936,1.0,0.003003003003003003,0.9203620593459981,334,ok,,unlabeled,0.0,,
P2,1512,1772138160000,1772138460000,1772138310000,2026-02-26 12:38:30,64.84878995719494,109.53946389598869,66.67246815318602,True,1.0393333333333334,1.0,0.0,0.9185567731220392,333,ok,,unlabeled,0.0,,
P2,1513,1772138190000,1772138490000,1772138340000,2026-02-26 12:39:00,65.19174515507034,107.90466223059833,66.24814031529579,True,1.0393333333333334,1.0,0.0030211480362537764,0.9175127982067426,332,ok,,unlabeled,0.0,,
P2,1515,1772138250000,1772138550000,1772138400000,2026-02-26 12:40:00,65.81841609886688,74.84245515309905,63.014669975717275,True,1.0393333333333334,1.0,0.0,0.9208666840139377,315,ok,,unlabeled,0.0,,
P2,1516,1772138280000,1772138580000,1772138430000,2026-02-26 12:40:30,69.8952521872348,69.90095598460994,62.035153253510316,True,1.0393333333333334,1.0,0.0032258064516129032,0.9177281284414219,311,ok,,unlabeled,0.0,,
P2,1517,1772138310000,1772138610000,1772138460000,2026-02-26 12:41:00,71.379199798922,66.51120188680798,61.40837909974513,True,1.0393333333333334,1.0,0.006535947712418301,0.918004715277321,307,ok,,unlabeled,0.0,,
P2,1518,1772138340000,1772138640000,1772138490000,2026-02-26 12:41:30,72.96692139018691,65.88884496307402,61.006200959242236,True,1.0393333333333334,1.0,0.003289473684210526,0.9198607548067811,305,ok,,unlabeled,0.0,,
P2,1519,1772138370000,1772138670000,1772138520000,2026-02-26 12:42:00,71.5224101208961,66.75461127063673,60.594711004695085,True,1.0393066666666666,1.0,0.0033112582781456954,0.9179951145331505,303,ok,,unlabeled,0.0,,
P2,1520,1772138400000,1772138700000,1772138550000,2026-02-26 12:42:30,73.18598171414446,63.31050585949488,60.20699931537192,True,1.0393333333333334,1.0,0.0,0.9183282761797265,300,ok,,unlabeled,0.0,,
P2,1521,1772138430000,1772138730000,1772138580000,2026-02-26 12:43:00,72.24736025020515,64.47221748949376,60.520233530614156,True,1.0393066666666666,1.0,0.0,0.9193711593944416,303,ok,,unlabeled,0.0,,
P2,1522,1772138460000,1772138760000,1772138610000,2026-02-26 12:43:30,72.43704734329368,69.86848084859687,60.91921669548434,True,1.0393333333333334,1.0,0.0,0.9189116092840098,304,ok,,unlabeled,0.0,,
P2,1523,1772138490000,1772138790000,1772138640000,2026-02-26 12:44:00,75.61305002004173,78.364358513765,61.649887544179066,True,1.0393066666666666,1.0,0.0,0.913403292489462,308,ok,,unlabeled,0.0,,
P2,1524,1772138520000,1772138820000,1772138670000,2026-02-26 12:44:30,74.88520689841653,84.27545708663554,62.51962087460675,True,1.0393066666666666,1.0,0.003205128205128205,0.9115326637609871,313,ok,,unlabeled,0.0,,
P2,1525,1772138550000,1772138850000,1772138700000,2026-02-26 12:45:00,77.39496564632287,86.00246378867767,62.56684491978609,True,1.0393066666666666,1.0,0.0,0.911090458548723,313,ok,,unlabeled,0.0,,
P2,1526,1772138580000,1772138880000,1772138730000,2026-02-26 12:45:30,80.19641493329279,91.23404294147426,63.08832365311436,True,1.0393066666666666,1.0,0.006349206349206349,0.9090046744946859,316,ok,,unlabeled,0.0,,
P2,1527,1772138610000,1772138910000,1772138760000,2026-02-26 12:46:00,74.20536299645664,85.95552249448973,62.67395526721531,True,1.0393066666666666,1.0,0.003194888178913738,0.9133481904070059,314,ok,,unlabeled,0.0,,
P2,1528,1772138640000,1772138940000,1772138790000,2026-02-26 12:46:30,76.3289895759241,87.57722129422024,63.00840112014935,True,1.0393066666666666,1.0,0.0031746031746031746,0.9121862395243567,316,ok,,unlabeled,0.0,,
P2,1529,1772138670000,1772138970000,1772138820000,2026-02-26 12:47:00,81.31788687684063,97.49592039662188,63.0723229302934,True,1.0393333333333334,1.0,0.006349206349206349,0.9146392205316503,316,ok,,unlabeled,0.0,,
P2,1530,1772138700000,1772139000000,1772138850000,2026-02-26 12:47:30,77.96346741137069,100.32299309410028,62.607858088855004,True,1.0393066666666666,1.0,0.003205128205128205,0.9161034373783936,313,ok,,unlabeled,0.0,,
P2,1531,1772138730000,1772139030000,1772138880000,2026-02-26 12:48:00,78.27361094222394,103.35508983578337,61.68374522804903,True,1.0393066666666666,1.0,0.0,0.9142092894292076,308,ok,,unlabeled,0.0,,
P2,1532,1772138760000,1772139060000,1772138910000,2026-02-26 12:48:30,79.51733535850254,106.14803538473188,60.77503209242619,True,1.0393066666666666,1.0,0.0,0.9153791666277988,304,ok,,unlabeled,0.0,,
P2,1533,1772138790000,1772139090000,1772138940000,2026-02-26 12:49:00,79.86115069187589,105.7999971423796,59.35432123521155,True,1.0393066666666666,1.0,0.0,0.918870450798157,297,ok,,unlabeled,0.0,,
P2,1534,1772138820000,1772139120000,1772138970000,2026-02-26 12:49:30,80.01323932262056,96.99479333544176,57.76482229294253,True,1.0393333333333334,1.0,0.006944444444444444,0.9209781832125374,289,ok,,unlabeled,0.0,,
P2,1535,1772138850000,1772139150000,1772139000000,2026-02-26 12:50:00,77.99108877992417,93.68864706718207,56.72479454800561,True,1.0393066666666666,1.0,0.0,0.9264118678054221,284,ok,,unlabeled,0.0,,
P2,1536,1772138880000,1772139180000,1772139030000,2026-02-26 12:50:30,78.3741834750389,86.37262873727651,55.96977363783396,True,1.0393333333333334,1.0,0.0,0.9314379958647816,279,ok,,unlabeled,0.0,,
P2,1537,1772138910000,1772139210000,1772139060000,2026-02-26 12:51:00,76.62478492128756,85.06995567761496,55.13268599763431,True,1.0393333333333334,1.0,0.0,0.9292837034329562,276,ok,,unlabeled,0.0,,
P2,1538,1772138940000,1772139240000,1772139090000,2026-02-26 12:51:30,75.37243322353936,69.24878783695311,54.37317589988939,True,1.0393333333333334,1.0,0.003676470588235294,0.9288344763397887,273,ok,,unlabeled,0.0,,
P2,1540,1772139000000,1772139300000,1772139150000,2026-02-26 12:52:30,76.6273329050943,68.08935996377164,54.19494180543149,True,1.0393333333333334,1.0,0.0036900369003690036,0.9328181313267478,272,ok,,unlabeled,0.0,,
P2,1541,1772139030000,1772139330000,1772139180000,2026-02-26 12:53:00,71.65276968118592,66.69027056295457,54.160710330803155,True,1.03936,1.0,0.0,0.9370389022532581,270,ok,,unlabeled,0.0,,
P2,1542,1772139060000,1772139360000,1772139210000,2026-02-26 12:53:30,73.84970827135817,75.90127576664086,54.7328183057553,True,1.0393333333333334,1.0,0.0,0.9346692088879969,274,ok,,unlabeled,0.0,,
P2,1543,1772139090000,1772139390000,1772139240000,2026-02-26 12:54:00,72.88416967888858,79.49310212006783,55.04587155963303,True,1.03936,1.0,0.007272727272727273,0.9356334488880739,276,ok,,unlabeled,0.0,,
P2,1544,1772139120000,1772139420000,1772139270000,2026-02-26 12:54:30,67.8459216969531,71.83829007533946,55.094219099329294,True,1.0393333333333334,1.0,0.007246376811594203,0.938922086302733,277,ok,,unlabeled,0.0,,
P2,1545,1772139150000,1772139450000,1772139300000,2026-02-26 12:55:00,68.81912483057339,80.41023847504063,55.782149712092135,True,1.03936,1.0,0.007168458781362007,0.9346156063019561,280,ok,,unlabeled,0.0,,
P2,1546,1772139180000,1772139480000,1772139330000,2026-02-26 12:55:30,62.89982900778533,72.89806971459019,55.94433638788073,True,1.03936,1.0,0.0,0.9371937387520983,280,ok,,unlabeled,0.0,,
P2,1547,1772139210000,1772139510000,1772139360000,2026-02-26 12:56:00,58.79318240980276,65.14190748026309,56.52651552981125,True,1.0393333333333334,1.0,0.0035335689045936395,0.9371184694913575,284,ok,,unlabeled,0.0,,
P2,1548,1772139240000,1772139540000,1772139390000,2026-02-26 12:56:30,59.09266503127288,62.01550384984941,56.546266342272006,True,1.03936,1.0,0.0,0.9363281571942487,283,ok,,unlabeled,0.0,,
P2,1549,1772139270000,1772139570000,1772139420000,2026-02-26 12:57:00,62.102730347447476,68.92154536657544,56.954536642757354,True,1.0393333333333334,1.0,0.007042253521126761,0.9333507284543366,285,ok,,unlabeled,0.0,,
P2,1550,1772139300000,1772139600000,1772139450000,2026-02-26 12:57:30,62.89685234642286,68.04057187391908,57.35064101707151,True,1.03936,1.0,0.0034965034965034965,0.9318403983538854,287,ok,,unlabeled,0.0,,
P2,1551,1772139330000,1772139630000,1772139480000,2026-02-26 12:58:00,56.34801319966211,57.309491885230635,57.3275312954681,True,1.03936,1.0,0.0,0.9337332806393971,286,ok,,unlabeled,0.0,,
P2,1552,1772139360000,1772139660000,1772139510000,2026-02-26 12:58:30,55.51773663679099,58.22102799103988,57.07816090413951,True,1.03936,1.0,0.0,0.9331550183761178,285,ok,,unlabeled,0.0,,
P2,1553,1772139390000,1772139690000,1772139540000,2026-02-26 12:59:00,57.29407060347336,57.77305491425803,57.650829486585096,True,1.03936,1.0,0.0,0.9326553214995817,287,ok,,unlabeled,0.0,,
P2,1554,1772139420000,1772139720000,1772139570000,2026-02-26 12:59:30,58.94307180904058,56.955654024496205,57.81932798415322,True,1.03936,1.0,0.0,0.9302877770697995,289,ok,,unlabeled,0.0,,
P2,1555,1772139450000,1772139750000,1772139600000,2026-02-26 13:00:00,62.041299204784096,57.73856826033004,57.53639612936972,True,1.03936,1.0,0.0,0.9292643976434968,287,ok,,unlabeled,0.0,,
P2,1556,1772139480000,1772139780000,1772139630000,2026-02-26 13:00:30,58.390381226005964,58.7690567066738,57.264945815975246,True,1.03936,1.0,0.0,0.9347229001176998,286,ok,,unlabeled,0.0,,
P2,1557,1772139510000,1772139810000,1772139660000,2026-02-26 13:01:00,58.92415416495975,63.247455580532005,57.56886868146564,True,1.03936,1.0,0.003484320557491289,0.9345320893901008,288,ok,,unlabeled,0.0,,
P2,1558,1772139540000,1772139840000,1772139690000,2026-02-26 13:01:30,60.15976382183188,66.41850897580294,57.34791065799181,True,1.03936,1.0,0.0,0.9340118604584445,286,ok,,unlabeled,0.0,,
P2,1559,1772139570000,1772139870000,1772139720000,2026-02-26 13:02:00,60.9771251389387,66.9683603464576,57.333493147948374,True,1.0393866666666667,1.0,0.006968641114982578,0.9324018560447369,288,ok,,unlabeled,0.0,,
P2,1560,1772139600000,1772139900000,1772139750000,2026-02-26 13:02:30,62.42790895308297,67.26501647696479,57.03994804812244,True,1.03936,1.0,0.0,0.9318066148549123,285,ok,,unlabeled,0.0,,
P2,1561,1772139630000,1772139930000,1772139780000,2026-02-26 13:03:00,63.09628233953584,68.03807637577825,57.12224159701762,True,1.03936,1.0,0.0035087719298245615,0.9294370080690593,286,ok,,unlabeled,0.0,,
P2,1562,1772139660000,1772139960000,1772139810000,2026-02-26 13:03:30,64.15860223800665,63.964580894051885,56.8018358567443,True,1.03936,1.0,0.0035335689045936395,0.9311065831694347,284,ok,,unlabeled,0.0,,
P2,1563,1772139690000,1772139990000,1772139840000,2026-02-26 13:04:00,59.8057570090754,59.432551389939874,56.29156761665644,True,1.03936,1.0,0.0035587188612099642,0.9323604596808477,282,ok,,unlabeled,0.0,,
P2,1564,1772139720000,1772140020000,1772139870000,2026-02-26 13:04:30,59.067515848996294,61.08662288651009,56.22361391784549,True,1.0393866666666667,1.0,0.0035587188612099642,0.9296460121824464,282,ok,,unlabeled,0.0,,
P2,1565,1772139750000,1772140050000,1772139900000,2026-02-26 13:05:00,57.15030308631042,60.1239695401837,56.26902333529129,True,1.0393866666666667,1.0,0.0035587188612099642,0.9331389199809073,282,ok,,unlabeled,0.0,,
P2,1566,1772139780000,1772140080000,1772139930000,2026-02-26 13:05:30,60.89673892244067,64.25902882783375,56.37820042916739,True,1.03936,1.0,0.0035460992907801418,0.9320042837973663,283,ok,,unlabeled,0.0,,
P2,1567,1772139810000,1772140110000,1772139960000,2026-02-26 13:06:00,55.81726244634011,50.72746641253801,55.94311778910652,True,1.0393866666666667,1.0,0.0,0.9329114520815623,279,ok,,unlabeled,0.0,,
P2,1568,1772139840000,1772140140000,1772139990000,2026-02-26 13:06:30,56.82144011144057,75.64640801919856,57.25382529212843,True,1.0393866666666667,1.0,0.0,0.9324646234744316,286,ok,,unlabeled,0.0,,
P2,1569,1772139870000,1772140170000,1772140020000,2026-02-26 13:07:00,57.863772917225305,132.13291213814395,59.60504134221723,True,1.03936,1.0,0.003367003367003367,0.9328736704501034,298,ok,,unlabeled,0.0,,
P2,1570,1772139900000,1772140200000,1772140050000,2026-02-26 13:07:30,57.00031226849114,155.88987643695728,62.1080680383868,True,1.0393866666666667,1.0,0.0032258064516129032,0.9250496642380976,311,ok,,unlabeled,0.0,,
P2,1571,1772139930000,1772140230000,1772140080000,2026-02-26 13:08:00,59.77166810197209,185.0646235356164,65.48507837452377,True,1.0393866666666667,1.0,0.0,0.914195687208053,327,ok,,unlabeled,0.0,,
P2,1572,1772139960000,1772140260000,1772140110000,2026-02-26 13:08:30,58.1662441056045,191.30436187339774,68.94063890336285,True,1.0393866666666667,1.0,0.0029069767441860465,0.9062289938758934,345,ok,,unlabeled,0.0,,
P2,1573,1772139990000,1772140290000,1772140140000,2026-02-26 13:09:00,60.86810018256452,188.81777667001413,72.81893292255987,True,1.0393866666666667,1.0,0.0027472527472527475,0.899820908833022,365,ok,,unlabeled,0.0,,
P2,1574,1772140020000,1772140320000,1772140170000,2026-02-26 13:09:30,60.022394409818666,175.02603997983366,75.76817736550649,True,1.03936,1.0,0.0079155672823219,0.9031742983692724,380,ok,,unlabeled,0.0,,
P2,1575,1772140050000,1772140350000,1772140200000,2026-02-26 13:10:00,61.50757529103076,156.4497205979771,79.58623178237075,True,1.03936,1.0,0.0025188916876574307,0.9012610897491007,398,ok,,unlabeled,0.0,,
P2,1576,1772140080000,1772140380000,1772140230000,2026-02-26 13:10:30,60.127380508321274,140.71938212664355,85.2956917313353,True,1.03936,1.0,0.002352941176470588,0.8981821241012391,426,ok,,unlabeled,0.0,,
P2,1577,1772140110000,1772140410000,1772140260000,2026-02-26 13:11:00,59.741596027927855,105.72069314575984,89.64742689823915,True,1.03936,1.0,0.0044742729306487695,0.8959925721682791,448,ok,,unlabeled,0.0,,
P2,1578,1772140140000,1772140440000,1772140290000,2026-02-26 13:11:30,60.83464108947595,104.5313972367734,95.72023313905079,True,1.0393333333333334,1.0,0.008350730688935281,0.8904343956549629,480,ok,,unlabeled,0.0,,
P2,1579,1772140170000,1772140470000,1772140320000,2026-02-26 13:12:00,57.91406884409643,111.76729841340918,101.69288349605083,True,1.0393333333333334,1.0,0.011787819253438114,0.8407880163262049,510,ok,,unlabeled,0.0,,
P2,1580,1772140200000,1772140500000,1772140350000,2026-02-26 13:12:30,57.18121832667881,106.1526473756157,106.95723717215499,True,1.0393066666666666,1.0,0.009380863039399626,0.8157540457986951,534,ok,,unlabeled,0.0,,
P2,1581,1772140230000,1772140530000,1772140380000,2026-02-26 13:13:00,56.16078054762985,101.70459597584919,108.78146032085847,True,1.03928,1.0,0.00922509225092251,0.817183777648957,543,ok,,unlabeled,0.0,,
P2,1582,1772140260000,1772140560000,1772140410000,2026-02-26 13:13:30,55.646024116732725,95.22165369695787,110.40756622450208,True,1.0393066666666666,1.0,0.010889292196007259,0.822860975700772,552,ok,,unlabeled,0.0,,
P2,1583,1772140290000,1772140590000,1772140440000,2026-02-26 13:14:00,53.734488590816376,95.3367029096128,110.36715473475094,True,1.03928,1.0,0.00909090909090909,0.831386003550225,551,ok,,unlabeled,0.0,,
P2,1584,1772140320000,1772140620000,1772140470000,2026-02-26 13:14:30,53.85103700460803,101.24806634711801,109.85853374942364,True,1.0392533333333334,1.0,0.009124087591240875,0.8376917302696666,549,ok,,unlabeled,0.0,,
P2,1585,1772140350000,1772140650000,1772140500000,2026-02-26 13:15:00,53.63287307824247,122.69128480081483,107.6965244305989,True,1.0392266666666667,1.0,0.0074487895716946,0.8459716090044285,538,ok,,unlabeled,0.0,,
P2,1586,1772140380000,1772140680000,1772140530000,2026-02-26 13:15:30,55.44864767677278,146.7392072278453,103.41227025073292,True,1.0392266666666667,1.0,0.009708737864077669,0.8538246537223418,516,ok,,unlabeled,0.0,,
P2,1587,1772140410000,1772140710000,1772140560000,2026-02-26 13:16:00,57.02476345671755,164.40177829151003,100.2385677913434,True,1.0392,1.0,0.01,0.8626915097962269,501,ok,,unlabeled,0.0,,
P2,1588,1772140440000,1772140740000,1772140590000,2026-02-26 13:16:30,56.77692709470216,167.35599196364905,94.92530139784516,True,1.0392,1.0,0.004219409282700422,0.8982230714283174,475,ok,,unlabeled,0.0,,
P2,1589,1772140470000,1772140770000,1772140620000,2026-02-26 13:17:00,57.46769278721492,150.35708239777563,89.95472212204993,True,1.0392,1.0,0.0,0.9087858721753791,450,ok,,unlabeled,0.0,,
P2,1590,1772140500000,1772140800000,1772140650000,2026-02-26 13:17:30,62.17911112636716,127.07612953191128,86.40564543613802,True,1.0392,1.0,0.002320185614849188,0.9007184550543658,432,ok,,unlabeled,0.0,,
P2,1591,1772140530000,1772140830000,1772140680000,2026-02-26 13:18:00,62.36784085420574,118.27482389113001,82.96782401982121,True,1.0392,1.0,0.0,0.9088711491819847,414,ok,,unlabeled,0.0,,
P2,1592,1772140560000,1772140860000,1772140710000,2026-02-26 13:18:30,65.43502940358367,105.19861382797984,79.67223616078577,True,1.0391733333333333,1.0,0.002512562814070352,0.9117977901028379,399,ok,,unlabeled,0.0,,
P2,1593,1772140590000,1772140890000,1772140740000,2026-02-26 13:19:00,68.53007466813835,98.65653536869115,78.08109193095143,True,1.0391733333333333,1.0,0.0,0.9164843614483708,390,ok,,unlabeled,0.0,,
P2,1594,1772140620000,1772140920000,1772140770000,2026-02-26 13:19:30,67.87260794378619,97.26563542969683,77.66912149382269,True,1.0392,1.0,0.0,0.9140481999984755,387,ok,,unlabeled,0.0,,
P2,1595,1772140650000,1772140950000,1772140800000,2026-02-26 13:20:00,70.83758896435405,95.9902720666099,78.23784304285027,True,1.0392,1.0,0.0,0.9083072251994704,391,ok,,unlabeled,0.0,,
P2,1597,1772140710000,1772141010000,1772140860000,2026-02-26 13:21:00,69.07064811032069,87.35186865736627,79.49146871863499,True,1.0391733333333333,1.0,0.0025252525252525255,0.905548209036464,397,ok,,unlabeled,0.0,,
P2,1598,1772140740000,1772141040000,1772140890000,2026-02-26 13:21:30,72.689464067346,87.70440326495917,79.71851485875668,True,1.0392,1.0,0.002512562814070352,0.8781583240899467,399,ok,,unlabeled,0.0,,
P2,1599,1772140770000,1772141070000,1772140920000,2026-02-26 13:22:00,72.10072118162856,78.84565013772206,79.02178781780866,True,1.0392,1.0,0.005076142131979695,0.9056381172211676,395,ok,,unlabeled,0.0,,
P2,1600,1772140800000,1772141100000,1772140950000,2026-02-26 13:22:30,72.72070749587974,58.80317157273906,77.22007722007721,True,1.0391733333333333,1.0,0.0051813471502590676,0.9091616545209709,387,ok,,unlabeled,0.0,,
P2,1601,1772140830000,1772141130000,1772140980000,2026-02-26 13:23:00,70.531488776935,56.60175049359786,77.3469592225228,True,1.0391733333333333,1.0,0.0025906735751295338,0.9076768915995335,387,ok,,unlabeled,0.0,,
P2,1602,1772140860000,1772141160000,1772141010000,2026-02-26 13:23:30,71.54862811799406,56.28741631687575,77.95018402121421,True,1.0391733333333333,1.0,0.005141388174807198,0.9043312145182594,390,ok,,unlabeled,0.0,,
P2,1603,1772140890000,1772141190000,1772141040000,2026-02-26 13:24:00,70.94697418340017,59.003761001376276,78.3864130217429,True,1.0391733333333333,1.0,0.00510204081632653,0.9042697249919316,393,ok,,unlabeled,0.0,,
P2,1604,1772140920000,1772141220000,1772141070000,2026-02-26 13:24:30,70.88721644606126,59.75458629839021,78.84467865123571,True,1.0391733333333333,1.0,0.007614213197969543,0.9024567010617137,395,ok,,unlabeled,0.0,,
P2,1605,1772140950000,1772141250000,1772141100000,2026-02-26 13:25:00,69.53100908580139,58.5635315756951,78.93891105814296,True,1.0391733333333333,1.0,0.002544529262086514,0.9071346999530913,394,ok,,unlabeled,0.0,,
P2,1606,1772140980000,1772141280000,1772141130000,2026-02-26 13:25:30,69.4799093300467,59.814484325295304,78.59701652141368,True,1.0391733333333333,1.0,0.002551020408163265,0.9075074132281453,393,ok,,unlabeled,0.0,,
P2,1607,1772141010000,1772141310000,1772141160000,2026-02-26 13:26:00,69.99071366974336,68.12856556822578,80.54041749795803,True,1.0392266666666667,1.0,0.0024937655860349127,0.901757374319206,402,ok,,unlabeled,0.0,,
P2,1608,1772141040000,1772141340000,1772141190000,2026-02-26 13:26:30,67.6137106021119,68.74739434561735,81.09785808208572,True,1.0392,1.0,0.0049382716049382715,0.90478842972413,406,ok,,unlabeled,0.0,,
P2,1609,1772141070000,1772141370000,1772141220000,2026-02-26 13:27:00,68.1400201360379,68.17242193997781,80.76289460643156,True,1.0392,1.0,0.0,0.9068591734302708,403,ok,,unlabeled,0.0,,
P2,1610,1772141100000,1772141400000,1772141250000,2026-02-26 13:27:30,68.7814655266955,72.06579945696552,80.44777915981221,True,1.0392266666666667,1.0,0.0,0.9070594132860652,402,ok,,unlabeled,0.0,,
P2,1611,1772141130000,1772141430000,1772141280000,2026-02-26 13:28:00,68.62961700971559,84.09061943772032,82.55299822337399,True,1.0392,1.0,0.0,0.9055062710270082,413,ok,,unlabeled,0.0,,
P2,1612,1772141160000,1772141460000,1772141310000,2026-02-26 13:28:30,70.09814126625221,97.03626503651122,85.11036914615296,True,1.0392,1.0,0.0023584905660377358,0.9048850921950403,425,ok,,unlabeled,0.0,,
P2,1613,1772141190000,1772141490000,1772141340000,2026-02-26 13:29:00,67.01955214987915,97.82537019419348,86.68032376669046,True,1.0392,1.0,0.004618937644341801,0.9053412429176046,434,ok,,unlabeled,0.0,,
P2,1614,1772141220000,1772141520000,1772141370000,2026-02-26 13:29:30,66.28708340722623,100.62027829561448,89.01482243815073,True,1.0392,1.0,0.0045045045045045045,0.9046086695660528,445,ok,,unlabeled,0.0,,
P2,1615,1772141250000,1772141550000,1772141400000,2026-02-26 13:30:00,66.6556350521884,101.01057984861207,91.9048640531989,True,1.0392,1.0,0.00437636761487965,0.9063090125863003,458,ok,,unlabeled,0.0,,
P2,1616,1772141280000,1772141580000,1772141430000,2026-02-26 13:30:30,67.33055295587982,94.38724131960737,95.48784882091523,True,1.0391733333333333,1.0,0.010482180293501049,0.9056847697547613,478,ok,,unlabeled,0.0,,
P2,1617,1772141310000,1772141610000,1772141460000,2026-02-26 13:31:00,66.39989501566464,96.40104680824862,97.0873786407767,True,1.0391466666666667,1.0,0.006211180124223602,0.9169911919917539,484,ok,,unlabeled,0.0,,
P2,1618,1772141340000,1772141640000,1772141490000,2026-02-26 13:31:30,64.89257634465181,89.67239958488804,99.46324605789991,True,1.03912,1.0,0.006048387096774193,0.9231198733345863,497,ok,,unlabeled,0.0,,
P2,1619,1772141370000,1772141670000,1772141520000,2026-02-26 13:32:00,63.80383322229368,77.54440365964004,102.10222257883333,True,1.03912,1.0,0.003929273084479371,0.9300280120022307,510,ok,,unlabeled,0.0,,
P2,1620,1772141400000,1772141700000,1772141550000,2026-02-26 13:32:30,63.62791408164878,48.047461389581024,105.19706917625686,True,1.0390933333333334,1.0,0.009523809523809525,0.9310979110785803,526,ok,,unlabeled,0.0,,
P2,1621,1772141430000,1772141730000,1772141580000,2026-02-26 13:33:00,64.58479268311004,44.020943677537616,105.85687936058169,True,1.0390933333333334,1.0,0.003787878787878788,0.9333434387497656,529,ok,,unlabeled,0.0,,
P2,1622,1772141460000,1772141760000,1772141610000,2026-02-26 13:33:30,64.86314263684172,43.598597304131026,106.01768965609384,True,1.0390666666666666,1.0,0.005671077504725898,0.9289841537261353,530,ok,,unlabeled,0.0,,
P2,1623,1772141490000,1772141790000,1772141640000,2026-02-26 13:34:00,68.64949596077564,42.70663934026291,106.8645043790342,True,1.03904,1.0,0.0,0.9302206616993202,533,ok,,unlabeled,0.0,,
P2,1624,1772141520000,1772141820000,1772141670000,2026-02-26 13:34:30,66.03775575521314,45.227435116816444,108.45160772993344,True,1.0390133333333333,1.0,0.0,0.9327836057813802,542,ok,,unlabeled,0.0,,
P2,1625,1772141550000,1772141850000,1772141700000,2026-02-26 13:35:00,66.4794925956856,45.83457809611556,109.30930930930931,True,1.0389866666666667,1.0,0.0018315018315018315,0.9324953265483054,547,ok,,unlabeled,0.0,,
P2,1626,1772141580000,1772141880000,1772141730000,2026-02-26 13:35:30,66.01598822336155,45.91607045413601,108.83653807608536,True,1.03896,1.0,0.001841620626151013,0.9281668984640976,544,ok,,unlabeled,0.0,,
P2,1627,1772141610000,1772141910000,1772141760000,2026-02-26 13:36:00,66.23080571885129,50.734423627637355,107.57076055471191,True,1.0389333333333333,1.0,0.0,0.9286573801469913,537,ok,,unlabeled,0.0,,
P2,1628,1772141640000,1772141940000,1772141790000,2026-02-26 13:36:30,66.72291112556623,58.674919604191494,105.98295173225922,True,1.0389333333333333,1.0,0.0,0.9259079774306651,529,ok,,unlabeled,0.0,,
P2,1629,1772141670000,1772141970000,1772141820000,2026-02-26 13:37:00,68.05965070552895,70.11168339361456,103.96387355745108,True,1.0389066666666666,1.0,0.0019305019305019305,0.932194592172445,519,ok,,unlabeled,0.0,,
P2,1630,1772141700000,1772142000000,1772141850000,2026-02-26 13:37:30,68.44654216144355,76.54216787914199,102.11246414026924,True,1.0389066666666666,1.0,0.0,0.9338180417942483,510,ok,,unlabeled,0.0,,
P2,1631,1772141730000,1772142030000,1772141880000,2026-02-26 13:38:00,68.01650159320131,82.75103699802496,100.21914586562617,True,1.0389066666666666,1.0,0.0,0.9292762515325035,501,ok,,unlabeled,0.0,,
P2,1632,1772141760000,1772142060000,1772141910000,2026-02-26 13:38:30,67.93746369497433,91.74381932251669,97.74009413492672,True,1.0389066666666666,1.0,0.0,0.9277045780478093,489,ok,,unlabeled,0.0,,
P2,1633,1772141790000,1772142090000,1772141940000,2026-02-26 13:39:00,66.35944071155131,100.51649542933353,94.77213859755976,True,1.0389066666666666,1.0,0.00211864406779661,0.9235217264254345,473,ok,,unlabeled,0.0,,
P2,1634,1772141820000,1772142120000,1772141970000,2026-02-26 13:39:30,67.95295110202638,96.43138466048146,90.38988168968818,True,1.0389066666666666,1.0,0.0022222222222222222,0.9229953338687499,451,ok,,unlabeled,0.0,,
P2,1635,1772141850000,1772142150000,1772142000000,2026-02-26 13:40:00,66.40928143377594,80.74368735626933,87.6594720372302,True,1.0389066666666666,1.0,0.0,0.9251270780359607,438,ok,,unlabeled,0.0,,
P2,1636,1772141880000,1772142180000,1772142030000,2026-02-26 13:40:30,67.06747892214202,70.3867209216594,86.07831990101327,True,1.0389333333333333,1.0,0.002331002331002331,0.9254563774541432,430,ok,,unlabeled,0.0,,
P2,1637,1772141910000,1772142210000,1772142060000,2026-02-26 13:41:00,67.31677641640881,80.6569041251928,87.19531751122514,True,1.0389333333333333,1.0,0.0022988505747126436,0.9264367343452756,436,ok,,unlabeled,0.0,,
P2,1638,1772141940000,1772142240000,1772142090000,2026-02-26 13:41:30,67.58671500334826,96.11468938929399,89.42535188675463,True,1.0389333333333333,1.0,0.004484304932735426,0.9254877657323552,447,ok,,unlabeled,0.0,,
P2,1639,1772141970000,1772142270000,1772142120000,2026-02-26 13:42:00,66.82088828436143,95.91202177087804,90.39646164330478,True,1.0389333333333333,1.0,0.0066518847006651885,0.9234859337195497,452,ok,,unlabeled,0.0,,
P2,1640,1772142000000,1772142300000,1772142150000,2026-02-26 13:42:30,66.49306304892502,96.22967293975232,90.6374634849071,True,1.0389333333333333,1.0,0.006622516556291391,0.9177471711101733,454,ok,,unlabeled,0.0,,
P2,1641,1772142030000,1772142330000,1772142180000,2026-02-26 13:43:00,65.69408206452583,97.70967380084385,92.31077962473661,True,1.0389333333333333,1.0,0.004347826086956522,0.9116556712883233,461,ok,,unlabeled,0.0,,
P2,1642,1772142060000,1772142360000,1772142210000,2026-02-26 13:43:30,65.33394230771054,99.13591400705505,92.20940977942062,True,1.03896,1.0,0.006535947712418301,0.9118101122795563,460,ok,,unlabeled,0.0,,
P2,1643,1772142090000,1772142390000,1772142240000,2026-02-26 13:44:00,62.63433036809239,104.6229846750023,91.7455803846876,True,1.03896,1.0,0.0043859649122807015,0.914222257449395,457,ok,,unlabeled,0.0,,
P2,1655,1772142450000,1772142750000,1772142600000,2026-02-26 13:50:00,68.24564776067561,57.198428714173644,75.56042231540029,True,1.03904,1.0,0.0,0.9193605722119422,378,ok,,unlabeled,0.0,,
P2,1656,1772142480000,1772142780000,1772142630000,2026-02-26 13:50:30,65.92672143562251,56.83126168576089,75.52727196361576,True,1.0060533333333332,1.0,0.0027397260273972603,0.9175415164559089,366,ok,,unlabeled,0.0,,
P2,1670,1772142900000,1772143200000,1772143050000,2026-02-26 13:57:30,64.74329151038064,60.31933974407505,75.17138445557188,True,1.0390133333333333,1.0,0.0,0.9170002404343571,376,ok,,unlabeled,0.0,,
P2,1671,1772142930000,1772143230000,1772143080000,2026-02-26 13:58:00,64.4426934710868,59.053819867136056,75.20610610387543,True,1.0390133333333333,1.0,0.0,0.9177842044491419,376,ok,,unlabeled,0.0,,
P2,1672,1772142960000,1772143260000,1772143110000,2026-02-26 13:58:30,65.80884738167262,56.617540963129414,75.96988368810915,True,1.0390133333333333,1.0,0.0,0.9178511819527991,379,ok,,work_study,19.271,work_study:19s:start focus (stressed) -> stop focus,
P2,1673,1772142990000,1772143290000,1772143140000,2026-02-26 13:59:00,66.63337524961516,57.71560841340379,76.13014444475539,True,1.0390133333333333,1.0,0.0,0.9207631794995834,381,ok,,work_study,49.271,work_study:49s:start focus (stressed) -> stop focus,
P2,1675,1772143050000,1772143350000,1772143200000,2026-02-26 14:00:00,62.11841696799237,49.486560251602675,76.48164877537116,True,1.0389866666666667,1.0,0.0,0.9230493046063935,382,ok,,work_study,109.271,work_study:109s:start focus (stressed) -> stop focus,
P2,1676,1772143080000,1772143380000,1772143230000,2026-02-26 14:00:30,63.21767381979686,49.80107211162447,76.48541808515444,True,1.0389866666666667,1.0,0.0026246719160104987,0.9243350968470838,382,ok,,work_study,139.271,work_study:139s:start focus (stressed) -> stop focus,
P2,1677,1772143110000,1772143410000,1772143260000,2026-02-26 14:01:00,63.14250746714639,51.16340598447444,76.60909169773129,True,1.0390133333333333,1.0,0.0,0.9286350024374375,383,ok,,work_study,169.271,work_study:169s:start focus (stressed) -> stop focus,
P2,1678,1772143140000,1772143440000,1772143290000,2026-02-26 14:01:30,62.42161388707667,51.177488822900315,76.49611408275808,True,1.00912,1.0,0.0,0.927583149068294,371,ok,,work_study,199.271,work_study:199s:start focus (stressed) -> stop focus,
P2,1696,1772143680000,1772143980000,1772143830000,2026-02-26 14:10:30,66.72289562528549,84.3272236669679,74.3287027187163,True,1.0389866666666667,1.0,0.005405405405405406,0.9152486447036613,371,ok,,work_study,289.103,work_study:202s:start focus (stressed) -> stop focus | work_study:87s:start discussion about PhD topics,
P2,1697,1772143710000,1772144010000,1772143860000,2026-02-26 14:11:00,67.27355450891328,86.11455250411268,73.34343253282015,True,1.0389866666666667,1.0,0.0027397260273972603,0.9155043961844844,366,ok,,work_study,289.103,work_study:172s:start focus (stressed) -> stop focus | work_study:117s:start discussion about PhD topics,
P2,1698,1772143740000,1772144040000,1772143890000,2026-02-26 14:11:30,67.14360590138828,88.07661270596977,73.21893283199705,True,1.0389866666666667,1.0,0.0027397260273972603,0.913985414970773,366,ok,,work_study,289.103,work_study:142s:start focus (stressed) -> stop focus | work_study:147s:start discussion about PhD topics,
P2,1699,1772143770000,1772144070000,1772143920000,2026-02-26 14:12:00,69.44702079152586,96.77650848739803,71.85180702001692,True,1.0390133333333333,1.0,0.002793296089385475,0.9127250954711805,359,ok,,work_study,289.103,work_study:112s:start focus (stressed) -> stop focus | work_study:177s:start discussion about PhD topics,
P2,1700,1772143800000,1772144100000,1772143950000,2026-02-26 14:12:30,69.37649614778152,95.91020260540195,71.13524138155276,True,1.0390133333333333,1.0,0.005649717514124294,0.9146463781861777,355,ok,,work_study,289.103,work_study:82s:start focus (stressed) -> stop focus | work_study:207s:start discussion about PhD topics,
P2,1701,1772143830000,1772144130000,1772143980000,2026-02-26 14:13:00,68.91748237229646,93.72559003185319,70.98524537933092,True,1.0389866666666667,1.0,0.005649717514124294,0.9155396062665303,355,ok,,work_study,289.103,work_study:52s:start focus (stressed) -> stop focus | work_study:237s:start discussion about PhD topics,
P2,1702,1772143860000,1772144160000,1772144010000,2026-02-26 14:13:30,67.07183180852496,91.77998887597398,70.6315773638288,True,1.0390133333333333,1.0,0.0,0.9185473211900472,353,ok,,work_study,289.103,work_study:22s:start focus (stressed) -> stop focus | work_study:267s:start discussion about PhD topics,
P2,1703,1772143890000,1772144190000,1772144040000,2026-02-26 14:14:00,65.10631992034331,88.06716271501067,69.95409022227568,True,1.0390133333333333,1.0,0.0,0.9215735349486028,350,ok,,work_study,296.764,work_study:297s:start discussion about PhD topics,
P2,1704,1772143920000,1772144220000,1772144070000,2026-02-26 14:14:30,64.13120360762711,70.01594791391652,68.87745445120919,True,1.0390133333333333,1.0,0.0,0.9232319149538092,344,ok,,work_study,300.0,work_study:300s:start discussion about PhD topics,
P2,1705,1772143950000,1772144250000,1772144100000,2026-02-26 14:15:00,63.79258880512279,69.18557043368077,68.88470967626591,True,1.0390133333333333,1.0,0.0029154518950437317,0.923406470999866,344,ok,,work_study,300.0,work_study:300s:start discussion about PhD topics,
P2,1706,1772143980000,1772144280000,1772144130000,2026-02-26 14:15:30,62.35389694670993,66.23900483131185,68.61679243272688,True,1.0390133333333333,1.0,0.0,0.9277919634458922,343,ok,,work_study,300.0,work_study:300s:start discussion about PhD topics,
P2,1707,1772144010000,1772144310000,1772144160000,2026-02-26 14:16:00,61.747174341349954,63.97581458269694,68.37939106204179,True,1.0390133333333333,1.0,0.002932551319648094,0.9276450988180563,342,ok,,work_study,300.0,work_study:300s:start discussion about PhD topics,
P2,1708,1772144040000,1772144340000,1772144190000,2026-02-26 14:16:30,61.642274505411926,59.98519525440947,68.0320453743937,True,1.03904,1.0,0.0029411764705882353,0.9264343344695374,341,ok,,work_study,300.0,work_study:300s:start discussion about PhD topics,
P2,1709,1772144070000,1772144370000,1772144220000,2026-02-26 14:17:00,60.03360828921528,52.20567596917533,68.75081409764023,True,1.0390133333333333,1.0,0.0,0.9308956488781026,344,ok,,work_study,300.0,work_study:300s:start discussion about PhD topics,
P2,1710,1772144100000,1772144400000,1772144250000,2026-02-26 14:17:30,62.128962840518135,56.86668194300656,69.48466245577903,True,1.03904,1.0,0.0,0.9296874804543401,347,ok,,work_study,300.0,work_study:300s:start discussion about PhD topics,
P2,1711,1772144130000,1772144430000,1772144280000,2026-02-26 14:18:00,58.44187431410487,56.790684608601346,69.24128282402333,True,1.03904,1.0,0.0,0.9303675041980133,346,ok,,work_study,300.0,work_study:300s:start discussion about PhD topics,
P2,1712,1772144160000,1772144460000,1772144310000,2026-02-26 14:18:30,59.82703109146408,60.30072227688399,68.71089019519287,True,1.03904,1.0,0.0,0.9280115351601024,344,ok,,work_study,300.0,work_study:300s:start discussion about PhD topics,
P2,1713,1772144190000,1772144490000,1772144340000,2026-02-26 14:19:00,59.899364490651465,60.32085066123843,68.6182839303901,True,1.03904,1.0,0.0029239766081871343,0.9253796080031074,343,ok,,work_study,300.0,work_study:300s:start discussion about PhD topics,
P2,1714,1772144220000,1772144520000,1772144370000,2026-02-26 14:19:30,59.74227944059879,58.31868752133873,67.74243802421239,True,1.03904,1.0,0.0,0.9272010659410548,338,ok,,work_study,300.0,work_study:300s:start discussion about PhD topics,
P2,1715,1772144250000,1772144550000,1772144400000,2026-02-26 14:20:00,59.05535576230261,56.47850802450383,67.56930230927377,True,1.03904,1.0,0.0,0.9275957730582518,337,ok,,work_study,300.0,work_study:300s:start discussion about PhD topics,
P2,1716,1772144280000,1772144580000,1772144430000,2026-02-26 14:20:30,60.41708663389961,56.116874472972874,67.60242367242763,True,1.03904,1.0,0.0,0.9283688342551298,337,ok,,work_study,300.0,work_study:300s:start discussion about PhD topics,stop discussion
P2,1717,1772144310000,1772144610000,1772144460000,2026-02-26 14:21:00,56.285636257651134,54.853701779612805,67.85587318848157,True,1.03904,1.0,0.0,0.9295466895961668,339,ok,,work_study,300.0,work_study:274s:start discussion about PhD topics | work_study:26s:start work coding -> stop work coding,stop discussion
P2,1718,1772144340000,1772144640000,1772144490000,2026-02-26 14:21:30,54.77248960768747,54.676436440522075,68.3172779938895,True,1.03904,1.0,0.0,0.9328544361744315,342,ok,,work_study,300.0,work_study:244s:start discussion about PhD topics | work_study:56s:start work coding -> stop work coding,stop discussion
P2,1719,1772144370000,1772144670000,1772144520000,2026-02-26 14:22:00,54.99059558067431,55.68706829179195,68.4052270932847,True,1.03904,1.0,0.002932551319648094,0.931458486714372,342,ok,,work_study,300.0,work_study:214s:start discussion about PhD topics | work_study:86s:start work coding -> stop work coding,stop discussion
P2,1720,1772144400000,1772144700000,1772144550000,2026-02-26 14:22:30,55.13721206900184,50.81094321718249,68.17820878283999,True,1.03904,1.0,0.0,0.9352013138775401,341,ok,,work_study,300.0,work_study:184s:start discussion about PhD topics | work_study:116s:start work coding -> stop work coding,stop discussion
P2,1721,1772144430000,1772144730000,1772144580000,2026-02-26 14:23:00,57.55427958856723,53.11611961042628,68.71540370299675,True,1.03904,1.0,0.0,0.9347557154955292,343,ok,,work_study,300.0,work_study:154s:start discussion about PhD topics | work_study:146s:start work coding -> stop work coding,stop discussion
P2,1722,1772144460000,1772144760000,1772144610000,2026-02-26 14:23:30,56.63658399463265,54.59152144684044,69.56930852983837,True,1.0390133333333333,1.0,0.0,0.9377007186622406,348,ok,,work_study,300.0,work_study:124s:start discussion about PhD topics | work_study:176s:start work coding -> stop work coding,stop discussion
P2,1723,1772144490000,1772144790000,1772144640000,2026-02-26 14:24:00,57.31947632198239,54.347513650120874,69.95764957470293,True,1.03904,1.0,0.0028653295128939827,0.9360989509361362,350,ok,,work_study,300.0,work_study:94s:start discussion about PhD topics | work_study:206s:start work coding -> stop work coding,stop discussion
P2,1724,1772144520000,1772144820000,1772144670000,2026-02-26 14:24:30,58.23119041835994,53.56390337716354,69.99187108343912,True,1.03904,1.0,0.0028653295128939827,0.9376243190792636,350,ok,,work_study,300.0,work_study:64s:start discussion about PhD topics | work_study:236s:start work coding -> stop work coding,stop discussion
P2,1725,1772144550000,1772144850000,1772144700000,2026-02-26 14:25:00,59.352360860507645,55.259345064842876,69.87760042532966,True,1.0390133333333333,1.0,0.0,0.937080401944049,349,ok,,work_study,300.0,work_study:34s:start discussion about PhD topics | work_study:266s:start work coding -> stop work coding,stop discussion
P2,1726,1772144580000,1772144880000,1772144730000,2026-02-26 14:25:30,62.29191361868694,57.47459748790174,69.66587603650574,True,1.03904,1.0,0.0028735632183908046,0.934643608781366,349,ok,,work_study,300.0,work_study:4s:start discussion about PhD topics | work_study:296s:start work coding -> stop work coding,
P2,1727,1772144610000,1772144910000,1772144760000,2026-02-26 14:26:00,64.62651956221247,59.14457902540721,69.4081550456851,True,1.03904,1.0,0.0,0.9358528202786583,347,ok,,work_study,300.0,work_study:300s:start work coding -> stop work coding,
P2,1728,1772144640000,1772144940000,1772144790000,2026-02-26 14:26:30,61.475621831800744,57.39820150562517,69.23436062076705,True,1.03904,1.0,0.002898550724637681,0.9352701510891607,346,ok,,work_study,300.0,work_study:300s:start work coding -> stop work coding,
P2,1729,1772144670000,1772144970000,1772144820000,2026-02-26 14:27:00,61.668458820332035,57.08862164319725,69.23255682345437,True,1.03904,1.0,0.002898550724637681,0.9344178251776739,346,ok,,work_study,300.0,work_study:300s:start work coding -> stop work coding,
P2,1730,1772144700000,1772145000000,1772144850000,2026-02-26 14:27:30,63.2474782595833,55.879937511605384,69.03548691119956,True,1.0390133333333333,1.0,0.0029069767441860465,0.9335475742417918,345,ok,,work_study,300.0,work_study:300s:start work coding -> stop work coding,
P2,1731,1772144730000,1772145030000,1772144880000,2026-02-26 14:28:00,64.7041918313965,56.76094397014737,69.04259267895108,True,1.03904,1.0,0.0,0.9328295050010201,345,ok,,work_study,300.0,work_study:300s:start work coding -> stop work coding,
P2,1732,1772144760000,1772145060000,1772144910000,2026-02-26 14:28:30,63.59604927391068,52.50102812606171,68.60423482941928,True,1.03904,1.0,0.0,0.9315274987153411,343,ok,,work_study,300.0,work_study:300s:start work coding -> stop work coding,
P2,1733,1772144790000,1772145090000,1772144940000,2026-02-26 14:29:00,67.50922020133976,52.47423501633332,68.54261432170935,True,1.03904,1.0,0.0,0.9285358111672033,343,ok,,work_study,300.0,work_study:300s:start work coding -> stop work coding,
