participant,window_idx,t0_ms,t1_ms,center_ms,center_time,ecg_rmssd_ms,ecg_sdnn_ms,ecg_hr_bpm,ecg_label_qc_pass,ecg_valid_sample_ratio,ecg_valid_ibi_ratio,ecg_ibi_correction_ratio,ecg_qrs_sqi,ecg_peak_count,ecg_label_qc_reason,accel_motion_mean_mag,activity_category,activity_overlap_sec,activity_raw,activity_point_events
P15,331,1774777560000,1774777860000,1774777710000,2026-03-29 02:48:29,67.93391099729122,77.17727326852534,98.21109182707737,True,1.0002566669233335,1.0,0.012219959266802444,0.9322204481776006,492,ok,,unlabeled,0.0,,
P15,332,1774777590000,1774777890000,1774777740000,2026-03-29 02:48:59,68.39392815594346,77.48354805903982,99.20030426916243,True,1.0002566669233335,1.0,0.012096774193548387,0.930897976478138,497,ok,,unlabeled,0.0,,
P15,333,1774777620000,1774777920000,1774777770000,2026-03-29 02:49:29,68.07247520694568,73.5551046723493,101.27158255655276,True,1.000205333538667,1.0,0.013806706114398421,0.928155306288315,508,ok,,unlabeled,0.0,,
P15,334,1774777650000,1774777950000,1774777800000,2026-03-29 02:49:59,67.62477145380379,58.34965334136857,103.8420422524924,True,1.000205333538667,1.0,0.01348747591522158,0.928761091924292,520,ok,,unlabeled,0.0,,
P15,335,1774777680000,1774777980000,1774777830000,2026-03-29 02:50:29,69.82885940388456,58.70830873218069,103.38901668387948,True,1.0001796668463334,1.0,0.013539651837524178,0.9129225714579365,518,ok,,unlabeled,0.0,,
P15,336,1774777710000,1774778010000,1774777860000,2026-03-29 02:50:59,70.16907427832068,58.855883991589074,103.11610186636467,True,1.0001540001540001,1.0,0.015533980582524271,0.9028936722747438,516,ok,,unlabeled,0.0,,
P15,337,1774777740000,1774778040000,1774777890000,2026-03-29 02:51:29,67.62745981990871,56.65922979032371,102.7525430404508,True,1.0001283334616669,1.0,0.017543859649122806,0.8945498216519687,514,ok,,unlabeled,0.0,,
P15,338,1774777770000,1774778070000,1774777920000,2026-03-29 02:51:59,66.57097001477675,57.050400150041405,102.74730198714057,True,1.0001026667693333,1.0,0.017543859649122806,0.8789774852067732,514,ok,,unlabeled,0.0,,
P15,339,1774777800000,1774778100000,1774777950000,2026-03-29 02:52:29,67.50290599409112,56.242508413147995,102.49152840463061,True,1.000077000077,1.0,0.017578125,0.8607086222964131,513,ok,,unlabeled,0.0,,
P15,340,1774777830000,1774778130000,1774777980000,2026-03-29 02:52:59,68.92507800146622,57.72782188698923,103.46132738471358,True,1.0000513333846668,1.0,0.017374517374517374,0.8523087620914237,519,ok,,unlabeled,0.0,,
P15,341,1774777860000,1774778160000,1774778010000,2026-03-29 02:53:29,68.53379899072304,55.64021072547905,105.79642756252534,True,1.0000256666923333,1.0,0.015122873345935728,0.8502999597963843,530,ok,,unlabeled,0.0,,
P15,401,1774779660000,1774779960000,1774779810000,2026-03-29 03:23:29,58.3401221193526,54.98143440034878,101.3954228443079,True,1.0,1.0,0.007905138339920948,0.936094236199154,507,ok,,unlabeled,0.0,,
P15,435,1774780680000,1774780980000,1774780830000,2026-03-29 03:40:29,50.61850557368687,76.24474376779045,88.98578298772938,True,1.0,1.0,0.004514672686230248,0.890587541599587,444,ok,,unlabeled,0.0,,
P15,436,1774780710000,1774781010000,1774780860000,2026-03-29 03:40:59,43.909073638135304,67.37947014995689,86.78804075496909,True,1.0000256666923333,1.0,0.0023094688221709007,0.8968679826106244,434,ok,,unlabeled,0.0,,
P15,437,1774780740000,1774781040000,1774780890000,2026-03-29 03:41:29,40.388952584133854,52.09534333651734,84.80230210739502,True,1.0000256666923333,1.0,0.002369668246445498,0.908575571087896,423,ok,,unlabeled,0.0,,
P15,438,1774780770000,1774781070000,1774780920000,2026-03-29 03:41:59,41.50578803290444,41.95539991518811,83.78566905626568,True,1.0000513333846668,1.0,0.0023923444976076554,0.9140293040054805,419,ok,,unlabeled,0.0,,
P15,439,1774780800000,1774781100000,1774780950000,2026-03-29 03:42:29,40.02819004166215,45.1745285002049,84.35677292535559,True,1.0000513333846668,1.0,0.0,0.9265559055556689,421,ok,,unlabeled,0.0,,
P15,440,1774780830000,1774781130000,1774780980000,2026-03-29 03:42:59,38.254034287370025,44.76098886810628,84.62836055165897,True,1.000077000077,1.0,0.0,0.923655959261114,422,ok,,unlabeled,0.0,,
P15,441,1774780860000,1774781160000,1774781010000,2026-03-29 03:43:29,39.237294559423766,46.74271291506974,84.84511753073687,True,1.000077000077,1.0,0.0,0.9292194830458885,424,ok,,unlabeled,0.0,,
P15,442,1774780890000,1774781190000,1774781040000,2026-03-29 03:43:59,44.23083075170325,59.61043584185274,86.6332960775596,True,1.000077000077,1.0,0.0023094688221709007,0.9346738560365058,434,ok,,unlabeled,0.0,,
P15,443,1774780920000,1774781220000,1774781070000,2026-03-29 03:44:29,47.51754784603985,70.49224360620045,88.70799418468553,True,1.000077000077,1.0,0.0,0.9331232722530833,443,ok,,unlabeled,0.0,,
P15,444,1774780950000,1774781250000,1774781100000,2026-03-29 03:44:59,50.50425080587413,71.63694624979425,89.46074830474089,True,1.0001026667693333,1.0,0.004484304932735426,0.934988043556362,447,ok,,unlabeled,0.0,,
P15,445,1774780980000,1774781280000,1774781130000,2026-03-29 03:45:29,51.85577932560676,73.81505501467038,91.25076588731135,True,1.0001026667693333,1.0,0.006578947368421052,0.9289276845344349,457,ok,,unlabeled,0.0,,
P15,446,1774781010000,1774781310000,1774781160000,2026-03-29 03:45:59,54.20277571774878,74.99323739306807,92.31686230381625,True,1.0001026667693333,1.0,0.010869565217391304,0.9285977886979151,461,ok,,unlabeled,0.0,,
P15,447,1774781040000,1774781340000,1774781190000,2026-03-29 03:46:29,57.20809777324289,77.18847219592398,92.04346546153678,True,1.0001026667693333,1.0,0.008733624454148471,0.9313498284731986,459,ok,,unlabeled,0.0,,
P15,448,1774781070000,1774781370000,1774781220000,2026-03-29 03:46:59,55.26601504152422,80.57055657499451,91.64386689411863,True,1.000077000077,1.0,0.010917030567685589,0.929135465578457,459,ok,,unlabeled,0.0,,
P15,449,1774781100000,1774781400000,1774781250000,2026-03-29 03:47:29,55.75356420594762,82.51112539345453,91.14062287305013,True,1.0001026667693333,1.0,0.013215859030837005,0.9276748302434018,455,ok,,unlabeled,0.0,,
P15,450,1774781130000,1774781430000,1774781280000,2026-03-29 03:47:59,58.16838803384068,90.20898921928553,90.43538610857468,True,1.000077000077,1.0,0.011111111111111112,0.9292364265962287,451,ok,,unlabeled,0.0,,
P15,451,1774781160000,1774781460000,1774781310000,2026-03-29 03:48:29,57.63436117551802,95.73820554427762,89.30073899592854,True,1.0001026667693333,1.0,0.01126126126126126,0.9296208345002752,445,ok,,unlabeled,0.0,,
P15,452,1774781190000,1774781490000,1774781340000,2026-03-29 03:48:59,53.640953026967956,95.13676172887752,86.94459039325861,True,1.000077000077,1.0,0.013856812933025405,0.9302281922961758,434,ok,,unlabeled,0.0,,
P15,453,1774781220000,1774781520000,1774781370000,2026-03-29 03:49:29,52.35527276792718,88.6602752671689,84.1309994090348,True,1.0001026667693333,1.0,0.011933174224343675,0.9344254685643592,420,ok,,unlabeled,0.0,,
P15,454,1774781250000,1774781550000,1774781400000,2026-03-29 03:49:59,51.33976266038842,85.04264540703306,82.66590867289783,True,1.000077000077,1.0,0.007281553398058253,0.9330648681293732,413,ok,,unlabeled,0.0,,
P15,455,1774781280000,1774781580000,1774781430000,2026-03-29 03:50:29,52.78184849327277,69.23715543665735,80.87215868560673,True,1.0001026667693333,1.0,0.009950248756218905,0.936926059944572,403,ok,,unlabeled,0.0,,
P15,456,1774781310000,1774781610000,1774781460000,2026-03-29 03:50:59,51.9833309685333,58.76588157562438,79.50314546778874,True,1.0001026667693333,1.0,0.007575757575757576,0.9392751131875294,397,ok,,unlabeled,0.0,,
P15,457,1774781340000,1774781640000,1774781490000,2026-03-29 03:51:29,52.635445785321565,58.91739452396576,79.1010258850816,True,1.0001026667693333,1.0,0.005089058524173028,0.9383761595815738,394,ok,,unlabeled,0.0,,
P15,458,1774781370000,1774781670000,1774781520000,2026-03-29 03:51:59,51.76603283111082,58.651077088168435,78.89762813971096,True,1.0001026667693333,1.0,0.005089058524173028,0.9365771193002357,394,ok,,unlabeled,0.0,,
P15,459,1774781400000,1774781700000,1774781550000,2026-03-29 03:52:29,51.17881835199159,58.01598138914974,78.26139305279634,True,1.0001026667693333,1.0,0.005128205128205128,0.941242333321392,391,ok,,unlabeled,0.0,,
P15,460,1774781430000,1774781730000,1774781580000,2026-03-29 03:52:59,50.55828716790645,55.762904032983485,78.23967420197204,True,1.0001283334616669,1.0,0.002564102564102564,0.9416134717173803,391,ok,,unlabeled,0.0,,
P15,461,1774781460000,1774781760000,1774781610000,2026-03-29 03:53:29,49.61213915484663,56.06661404994853,78.25738875175128,True,1.0001026667693333,1.0,0.005115089514066497,0.9397855199578269,392,ok,,unlabeled,0.0,,
P15,462,1774781490000,1774781790000,1774781640000,2026-03-29 03:53:59,50.95229109257092,55.71054624223225,78.20630821561501,True,1.0001283334616669,1.0,0.005128205128205128,0.9393567518950117,391,ok,,unlabeled,0.0,,
P15,463,1774781520000,1774781820000,1774781670000,2026-03-29 03:54:29,47.90232200955712,54.02265731318821,78.33897332592971,True,1.0001540001540001,1.0,0.005115089514066497,0.9413660442490709,392,ok,,unlabeled,0.0,,
P15,464,1774781550000,1774781850000,1774781700000,2026-03-29 03:54:59,47.96254659024826,52.66097293746138,78.25984874624096,True,1.0001540001540001,1.0,0.005128205128205128,0.9377656246275596,391,ok,,unlabeled,0.0,,
P15,465,1774781580000,1774781880000,1774781730000,2026-03-29 03:55:29,44.63939863120062,48.10219742017485,77.75854466209293,True,1.0001283334616669,1.0,0.0,0.9456325409689009,388,ok,,unlabeled,0.0,,
P15,466,1774781610000,1774781910000,1774781760000,2026-03-29 03:55:59,44.82778721403749,46.515610954666144,78.06419527090091,True,1.0001540001540001,1.0,0.005141388174807198,0.941827537565912,390,ok,,unlabeled,0.0,,
P15,467,1774781640000,1774781940000,1774781790000,2026-03-29 03:56:29,43.12425239636287,45.901374982579284,78.08879840610525,True,1.0001540001540001,1.0,0.0,0.943440552651152,390,ok,,unlabeled,0.0,,
P15,468,1774781670000,1774781970000,1774781820000,2026-03-29 03:56:59,39.697872032573386,42.038539658272676,77.85432412547655,True,1.0001796668463334,1.0,0.0,0.941040389757632,389,ok,,unlabeled,0.0,,
P15,469,1774781700000,1774782000000,1774781850000,2026-03-29 03:57:29,39.06577830735593,39.72251314994356,77.98323458146976,True,1.0001796668463334,1.0,0.002570694087403599,0.940812655673031,390,ok,,unlabeled,0.0,,
P15,470,1774781730000,1774782030000,1774781880000,2026-03-29 03:57:59,39.584912252889005,39.33981301068895,78.14671090739247,True,1.0001796668463334,1.0,0.0,0.9412306900418684,390,ok,,unlabeled,0.0,,
P15,471,1774781760000,1774782060000,1774781910000,2026-03-29 03:58:29,37.94036965403126,37.811887627707385,78.17733594147752,True,1.0001796668463334,1.0,0.0,0.9425840673274788,390,ok,,unlabeled,0.0,,
P15,472,1774781790000,1774782090000,1774781940000,2026-03-29 03:58:59,40.43495704579562,41.85361826442307,77.79806677499874,True,1.0001796668463334,1.0,0.0,0.9394471135990377,388,ok,,unlabeled,0.0,,
P15,473,1774781820000,1774782120000,1774781970000,2026-03-29 03:59:29,41.59852956941702,43.509436894188106,77.46752117311783,True,1.0001796668463334,1.0,0.0,0.942042306823112,387,ok,,unlabeled,0.0,,
P15,474,1774781850000,1774782150000,1774782000000,2026-03-29 03:59:59,39.73580557622642,43.748249694425006,77.2038180797305,True,1.000205333538667,1.0,0.0,0.9441084065382988,386,ok,,unlabeled,0.0,,
P15,475,1774781880000,1774782180000,1774782030000,2026-03-29 04:00:29,38.56688082895737,43.08688034636067,77.08530774056622,True,1.000205333538667,1.0,0.0025974025974025974,0.9446801707745367,386,ok,,unlabeled,0.0,,
P15,476,1774781910000,1774782210000,1774782060000,2026-03-29 04:00:59,43.27321514314675,43.20454169685032,76.8090890755406,True,1.0002310002310002,1.0,0.0026041666666666665,0.9404967553776412,385,ok,,unlabeled,0.0,,
P15,477,1774781940000,1774782240000,1774782090000,2026-03-29 04:01:29,48.47536077322417,43.78258478078079,76.7928781121918,True,1.0002310002310002,1.0,0.0026109660574412533,0.9339131552197116,384,ok,,unlabeled,0.0,,
P15,478,1774781970000,1774782270000,1774782120000,2026-03-29 04:01:59,47.913413254670076,46.4751959332309,77.1213389121339,True,1.0002310002310002,1.0,0.0026041666666666665,0.9424577897912443,385,ok,,unlabeled,0.0,,
P15,479,1774782000000,1774782300000,1774782150000,2026-03-29 04:02:29,47.92699390522701,49.615740471308435,77.2094950966957,True,1.0002566669233335,1.0,0.0025974025974025974,0.944408083483882,386,ok,,unlabeled,0.0,,
P15,480,1774782030000,1774782330000,1774782180000,2026-03-29 04:02:59,46.15232507008721,50.33603486817371,77.20020586721564,True,1.0002566669233335,1.0,0.0,0.9472562616051755,386,ok,,unlabeled,0.0,,
P15,481,1774782060000,1774782360000,1774782210000,2026-03-29 04:03:29,45.39988986770783,50.803621015469226,77.3238470283237,True,1.000282333615667,1.0,0.0025906735751295338,0.9467838480907437,387,ok,,unlabeled,0.0,,
P15,482,1774782090000,1774782390000,1774782240000,2026-03-29 04:03:59,44.5908573542323,48.21010481072908,77.85715123969575,True,1.000282333615667,1.0,0.0,0.9462662002358527,388,ok,,unlabeled,0.0,,
P15,483,1774782120000,1774782420000,1774782270000,2026-03-29 04:04:29,44.17240266062442,46.427279282245735,78.16858357858449,True,1.000282333615667,1.0,0.002564102564102564,0.9460569872363893,391,ok,,unlabeled,0.0,,
P15,484,1774782150000,1774782450000,1774782300000,2026-03-29 04:04:59,46.89778312303973,46.56142928350801,78.22017269432301,True,1.0003080003080003,1.0,0.0,0.9441023887162889,390,ok,,unlabeled,0.0,,
P15,485,1774782180000,1774782480000,1774782330000,2026-03-29 04:05:29,47.912925788178995,46.906100690479136,78.1234350273432,True,1.0003080003080003,1.0,0.0,0.9422537789386048,391,ok,,unlabeled,0.0,,
P15,486,1774782210000,1774782510000,1774782360000,2026-03-29 04:05:59,44.31347738950889,46.013506943836674,77.94341588522882,True,1.000282333615667,1.0,0.002570694087403599,0.9416846810696764,390,ok,,unlabeled,0.0,,
P15,487,1774782240000,1774782540000,1774782390000,2026-03-29 04:06:29,43.30174512771279,48.02935538442573,78.26100043645557,True,1.0003080003080003,1.0,0.002564102564102564,0.9461684771725167,391,ok,,unlabeled,0.0,,
P15,488,1774782270000,1774782570000,1774782420000,2026-03-29 04:06:59,45.075585870384884,50.0750338848822,77.45262464404733,True,1.0003080003080003,1.0,0.0025906735751295338,0.9455795745868333,387,ok,,unlabeled,0.0,,
P15,489,1774782300000,1774782600000,1774782450000,2026-03-29 04:07:29,46.37768211010291,49.02511581189697,76.87457034039912,True,1.0003080003080003,1.0,0.0,0.9445145533921636,384,ok,,unlabeled,0.0,,
P15,490,1774782330000,1774782630000,1774782480000,2026-03-29 04:07:59,53.852289449450225,49.81352493939464,76.461498324269,True,1.0003336670003338,1.0,0.0,0.9394725187765062,382,ok,,unlabeled,0.0,,
P15,491,1774782360000,1774782660000,1774782510000,2026-03-29 04:08:29,47.65883041048098,47.12769625391003,76.16884093072979,True,1.0003080003080003,1.0,0.0,0.9426066725598384,381,ok,,unlabeled,0.0,,
P15,492,1774782390000,1774782690000,1774782540000,2026-03-29 04:08:59,45.19584326042726,48.5645079144039,76.15942706732761,True,1.0003336670003338,1.0,0.002631578947368421,0.9462194770521377,381,ok,,unlabeled,0.0,,
P15,493,1774782420000,1774782720000,1774782570000,2026-03-29 04:09:29,52.265866703625676,52.281062445952585,75.77820507894398,True,1.0003336670003338,1.0,0.0,0.9401080143401359,379,ok,,unlabeled,0.0,,
P15,494,1774782450000,1774782750000,1774782600000,2026-03-29 04:09:59,53.42367321156835,53.62312198419123,75.72583108932677,True,1.0003080003080003,1.0,0.0026455026455026454,0.938516819137555,379,ok,,unlabeled,0.0,,
P15,495,1774782480000,1774782780000,1774782630000,2026-03-29 04:10:29,52.57411341691653,62.599809477430526,76.71876647470239,True,1.0003336670003338,1.0,0.0,0.9417297661012002,383,ok,,unlabeled,0.0,,
P15,496,1774782510000,1774782810000,1774782660000,2026-03-29 04:10:59,52.7877179853713,73.09028257222495,77.97218858312105,True,1.0003336670003338,1.0,0.002570694087403599,0.9370766523476395,390,ok,,unlabeled,0.0,,
P15,497,1774782540000,1774782840000,1774782690000,2026-03-29 04:11:29,53.637864543813755,75.9343677469445,78.58546168958743,True,1.0003336670003338,1.0,0.0,0.9373066326295749,392,ok,,unlabeled,0.0,,
P15,498,1774782570000,1774782870000,1774782720000,2026-03-29 04:11:59,48.25348292724134,74.03577515633835,79.97012841099556,True,1.0003336670003338,1.0,0.0,0.9382771268674823,399,ok,,unlabeled,0.0,,
P15,499,1774782600000,1774782900000,1774782750000,2026-03-29 04:12:29,50.39018381589811,72.3924222071444,80.54607965558684,True,1.000359333692667,1.0,0.0,0.9335815870948956,402,ok,,unlabeled,0.0,,
P15,500,1774782630000,1774782930000,1774782780000,2026-03-29 04:12:59,51.86160366940165,71.93036171026827,80.67861013366158,True,1.0003336670003338,1.0,0.0,0.9089048202754586,403,ok,,unlabeled,0.0,,
P15,501,1774782660000,1774782960000,1774782810000,2026-03-29 04:13:29,55.42671709331102,72.36190515885957,81.05708605794712,True,1.000359333692667,1.0,0.0024752475247524753,0.9255804074805181,405,ok,,unlabeled,0.0,,
P15,502,1774782690000,1774782990000,1774782840000,2026-03-29 04:13:59,57.77878174721502,89.25615767639495,83.56266866166136,True,1.0003336670003338,1.0,0.002398081534772182,0.9230418536395262,418,ok,,unlabeled,0.0,,
P15,503,1774782720000,1774783020000,1774782870000,2026-03-29 04:14:29,53.828109530122404,84.39508175096019,85.54899783790101,True,1.000359333692667,1.0,0.0,0.9277999771453035,428,ok,,unlabeled,0.0,,
P15,504,1774782750000,1774783050000,1774782900000,2026-03-29 04:14:59,54.16915820971769,84.87278092565485,87.48915164619066,True,1.000359333692667,1.0,0.0,0.9274255345432711,437,ok,,unlabeled,0.0,,
P15,505,1774782780000,1774783080000,1774782930000,2026-03-29 04:15:29,57.57125020854344,87.48665804941383,87.50700373811456,True,1.000359333692667,1.0,0.0022935779816513763,0.9239122183317798,437,ok,,unlabeled,0.0,,
P15,506,1774782810000,1774783110000,1774782960000,2026-03-29 04:15:59,57.4900103327196,94.30446277401755,85.86561095655897,True,1.000359333692667,1.0,0.002336448598130841,0.9254652540371892,429,ok,,unlabeled,0.0,,
P15,507,1774782840000,1774783140000,1774782990000,2026-03-29 04:16:29,57.77636551672556,98.55825590685659,84.9649243500836,True,1.0003336670003338,1.0,0.004728132387706856,0.9245958763205601,424,ok,,unlabeled,0.0,,
P15,508,1774782870000,1774783170000,1774783020000,2026-03-29 04:16:59,59.25589751988649,102.61360978996903,83.94684036209607,True,1.000359333692667,1.0,0.004784688995215311,0.9267749563424621,419,ok,,unlabeled,0.0,,
P15,509,1774782900000,1774783200000,1774783050000,2026-03-29 04:17:29,58.98079123697612,105.70257203559315,83.47826086956522,True,1.0003336670003338,1.0,0.002403846153846154,0.9279213308594236,417,ok,,unlabeled,0.0,,
P15,510,1774782930000,1774783230000,1774783080000,2026-03-29 04:17:59,59.22961659519998,103.72624251419732,83.64879513049279,True,1.0003336670003338,1.0,0.009569377990430622,0.926675070622329,419,ok,,unlabeled,0.0,,
P15,511,1774782960000,1774783260000,1774783110000,2026-03-29 04:18:29,57.139284529458905,101.90378349364686,83.62634865034694,True,1.0003336670003338,1.0,0.004796163069544364,0.9319108703415926,418,ok,,unlabeled,0.0,,
P15,512,1774782990000,1774783290000,1774783140000,2026-03-29 04:18:59,54.908601227658814,90.89861283682967,80.54309823786927,True,1.0003336670003338,1.0,0.007462686567164179,0.9337865008562487,403,ok,,unlabeled,0.0,,
P15,513,1774783020000,1774783320000,1774783170000,2026-03-29 04:19:29,55.191093123837305,84.36346248763644,78.7619871535792,True,1.0003080003080003,1.0,0.005089058524173028,0.9297833188380058,394,ok,,unlabeled,0.0,,
P15,514,1774783050000,1774783350000,1774783200000,2026-03-29 04:19:59,53.08852998253772,64.05243890491569,76.67923520971671,True,1.0003336670003338,1.0,0.007832898172323759,0.9316321583495965,384,ok,,unlabeled,0.0,,
P15,515,1774783080000,1774783380000,1774783230000,2026-03-29 04:20:29,50.659283768277795,53.19327631529118,75.65862640459304,True,1.0003080003080003,1.0,0.002652519893899204,0.9341812374678595,378,ok,,unlabeled,0.0,,
P15,516,1774783110000,1774783410000,1774783260000,2026-03-29 04:20:59,54.75789921642123,54.31739190567539,75.64319286506117,True,1.0003080003080003,1.0,0.002652519893899204,0.9340585254906736,378,ok,,unlabeled,0.0,,
P15,517,1774783140000,1774783440000,1774783290000,2026-03-29 04:21:29,52.37867186133538,52.030582896227955,75.48366105767225,True,1.0003336670003338,1.0,0.002652519893899204,0.9359042840135071,378,ok,,unlabeled,0.0,,
P15,518,1774783170000,1774783470000,1774783320000,2026-03-29 04:21:59,54.60870163369247,51.06421744265061,75.12596119493683,True,1.0003336670003338,1.0,0.0026666666666666666,0.9341594138031644,376,ok,,unlabeled,0.0,,
P15,519,1774783200000,1774783500000,1774783350000,2026-03-29 04:22:29,53.795792896223155,50.806350750627075,75.28582584145927,True,1.0003080003080003,1.0,0.0026595744680851063,0.9360765551564169,377,ok,,unlabeled,0.0,,
P15,520,1774783230000,1774783530000,1774783380000,2026-03-29 04:22:59,54.45961928462221,56.13555329909944,75.81493534169371,True,1.0003336670003338,1.0,0.0026455026455026454,0.934888200516112,379,ok,,unlabeled,0.0,,
P15,521,1774783260000,1774783560000,1774783410000,2026-03-29 04:23:29,56.90971292786421,56.02138516521468,75.61474587829436,True,1.0003336670003338,1.0,0.0,0.9335097088323611,378,ok,,unlabeled,0.0,,
P15,522,1774783290000,1774783590000,1774783440000,2026-03-29 04:23:59,57.19731044288478,55.44311398808705,76.09702370522416,True,1.0003336670003338,1.0,0.002631578947368421,0.9350241131112673,381,ok,,unlabeled,0.0,,
P15,523,1774783320000,1774783620000,1774783470000,2026-03-29 04:24:29,64.29917054934171,84.17602861677064,78.39481110559741,True,1.0003336670003338,1.0,0.0025575447570332483,0.9334453191271993,392,ok,,unlabeled,0.0,,
P15,524,1774783350000,1774783650000,1774783500000,2026-03-29 04:24:59,67.60415310772656,100.14896120136484,80.81307714674358,True,1.0003336670003338,1.0,0.0024813895781637717,0.9289552339056797,404,ok,,unlabeled,0.0,,
P15,525,1774783380000,1774783680000,1774783530000,2026-03-29 04:25:29,68.23837212284178,98.91435656648483,81.80943214629451,True,1.0003336670003338,1.0,0.004901960784313725,0.9272743844061819,409,ok,,unlabeled,0.0,,
P15,526,1774783410000,1774783710000,1774783560000,2026-03-29 04:25:59,67.11938245552214,94.2226223517626,82.81849613080254,True,1.0003336670003338,1.0,0.007246376811594203,0.928323192584472,415,ok,,unlabeled,0.0,,
P15,527,1774783440000,1774783740000,1774783590000,2026-03-29 04:26:29,69.60784275532208,97.86343924988013,84.9167605457504,True,1.0003080003080003,1.0,0.0047169811320754715,0.9213102223844891,425,ok,,unlabeled,0.0,,
P15,528,1774783470000,1774783770000,1774783620000,2026-03-29 04:26:59,70.03025596948845,91.39304155633312,87.02335126592303,True,1.0003080003080003,1.0,0.006896551724137931,0.920060304641963,436,ok,,unlabeled,0.0,,
P15,529,1774783500000,1774783800000,1774783650000,2026-03-29 04:27:29,70.98772301026297,85.11393321601045,88.4160298328917,True,1.0003336670003338,1.0,0.011337868480725623,0.9180660216081905,442,ok,,unlabeled,0.0,,
P15,530,1774783530000,1774783830000,1774783680000,2026-03-29 04:27:59,68.99816793458774,82.92123801719677,88.77943276474282,True,1.0003080003080003,1.0,0.006756756756756757,0.9094854389300362,445,ok,,unlabeled,0.0,,
P15,531,1774783560000,1774783860000,1774783710000,2026-03-29 04:28:29,68.7747074109682,77.23144854802221,89.87549541614956,True,1.0003080003080003,1.0,0.0066815144766146995,0.9081312881987849,450,ok,,unlabeled,0.0,,
P15,532,1774783590000,1774783890000,1774783740000,2026-03-29 04:28:59,66.48960920225153,71.73126478830511,91.38169727474796,True,1.000282333615667,1.0,0.008771929824561403,0.8999785426265409,457,ok,,unlabeled,0.0,,
P15,533,1774783620000,1774783920000,1774783770000,2026-03-29 04:29:29,66.37242731091622,65.78284949183451,89.97334865173568,True,1.000282333615667,1.0,0.0066815144766146995,0.9013719686162642,450,ok,,unlabeled,0.0,,
P15,534,1774783650000,1774783950000,1774783800000,2026-03-29 04:29:59,65.11343635287157,60.748837165232956,88.7952642525732,True,1.000282333615667,1.0,0.009009009009009009,0.8981499466878906,445,ok,,unlabeled,0.0,,
P15,535,1774783680000,1774783980000,1774783830000,2026-03-29 04:30:29,63.24012670865015,61.05733262014408,89.25571763101286,True,1.0002566669233335,1.0,0.0044943820224719105,0.9155530150289906,446,ok,,unlabeled,0.0,,
P15,536,1774783710000,1774784010000,1774783860000,2026-03-29 04:30:59,58.30718855001622,56.38793294989272,89.95096770746903,True,1.0002566669233335,1.0,0.004454342984409799,0.9291074888752486,450,ok,,unlabeled,0.0,,
P15,537,1774783740000,1774784040000,1774783890000,2026-03-29 04:31:29,55.420709632589286,50.55284528115162,89.42101895184264,True,1.0002566669233335,1.0,0.004484304932735426,0.9340123941899676,447,ok,,unlabeled,0.0,,
P15,538,1774783770000,1774784070000,1774783920000,2026-03-29 04:31:59,54.36703290014721,50.47730937429202,89.07211531227901,True,1.0002566669233335,1.0,0.006756756756756757,0.9364610246944802,445,ok,,unlabeled,0.0,,
P15,539,1774783800000,1774784100000,1774783950000,2026-03-29 04:32:29,53.07583241586486,56.407713807035314,90.3313655593268,True,1.0002310002310002,1.0,0.0044444444444444444,0.9375410721237659,451,ok,,unlabeled,0.0,,
P15,540,1774783830000,1774784130000,1774783980000,2026-03-29 04:32:59,57.57807408540699,59.04025737201106,91.55921732932204,True,1.0002310002310002,1.0,0.006578947368421052,0.9383750815109295,457,ok,,unlabeled,0.0,,
P15,541,1774783860000,1774784160000,1774784010000,2026-03-29 04:33:29,58.82307167312794,63.40384916505377,90.90985107574984,True,1.0002310002310002,1.0,0.006622516556291391,0.9393471159941604,454,ok,,unlabeled,0.0,,
P15,542,1774783890000,1774784190000,1774784040000,2026-03-29 04:33:59,57.371886909638796,65.21196569787364,90.49167141468646,True,1.0002566669233335,1.0,0.006666666666666667,0.9400522099813768,451,ok,,unlabeled,0.0,,
P15,543,1774783920000,1774784220000,1774784070000,2026-03-29 04:34:29,55.58971091687227,65.82288704800357,90.09777314022845,True,1.0002566669233335,1.0,0.0066815144766146995,0.9406126561943943,450,ok,,unlabeled,0.0,,
P15,544,1774783950000,1774784250000,1774784100000,2026-03-29 04:34:59,57.027491891724246,68.57288473760941,89.47034957295963,True,1.0002566669233335,1.0,0.006726457399103139,0.9343424854336682,447,ok,,unlabeled,0.0,,
P15,545,1774783980000,1774784280000,1774784130000,2026-03-29 04:35:29,57.05681976607338,70.42589688583887,88.53584597573463,True,1.0002566669233335,1.0,0.009070294784580499,0.9295538553059615,442,ok,,unlabeled,0.0,,
P15,546,1774784010000,1774784310000,1774784160000,2026-03-29 04:35:59,57.48887507057982,73.45546433802154,87.7148964783573,True,1.0002566669233335,1.0,0.009153318077803204,0.9297596338474129,438,ok,,unlabeled,0.0,,
P15,547,1774784040000,1774784340000,1774784190000,2026-03-29 04:36:29,60.32012950297615,75.68238036260931,86.73399227913185,True,1.0002566669233335,1.0,0.009280742459396751,0.9291047188112153,432,ok,,unlabeled,0.0,,
P15,548,1774784070000,1774784370000,1774784220000,2026-03-29 04:36:59,61.807348790301475,74.96721431189009,85.98572917501804,True,1.0002566669233335,1.0,0.006993006993006993,0.9332165897622164,430,ok,,unlabeled,0.0,,
P15,549,1774784100000,1774784400000,1774784250000,2026-03-29 04:37:29,64.90002868374064,66.95325305941523,84.33170470517368,True,1.000282333615667,1.0,0.014285714285714285,0.9248469902395086,421,ok,,unlabeled,0.0,,
P15,550,1774784130000,1774784430000,1774784280000,2026-03-29 04:37:59,60.98681668435362,54.18147379309018,82.46026571647413,True,1.000282333615667,1.0,0.00975609756097561,0.9303930595851169,411,ok,,unlabeled,0.0,,
P15,551,1774784160000,1774784460000,1774784310000,2026-03-29 04:38:29,62.09531117486176,56.54989538429996,83.09831288292125,True,1.000282333615667,1.0,0.009685230024213076,0.9317549689723439,414,ok,,unlabeled,0.0,,
P15,552,1774784190000,1774784490000,1774784340000,2026-03-29 04:38:59,62.524762480647546,62.28357233113424,83.76753507014028,True,1.0002566669233335,1.0,0.014354066985645933,0.9286884217479093,419,ok,,unlabeled,0.0,,
P15,553,1774784220000,1774784520000,1774784370000,2026-03-29 04:39:29,61.993849040373185,62.02259086919056,83.40884234221409,True,1.000282333615667,1.0,0.014457831325301205,0.9309617076398045,416,ok,,unlabeled,0.0,,
P15,554,1774784250000,1774784550000,1774784400000,2026-03-29 04:39:59,57.80948276949832,60.440733674029566,83.68844617782624,True,1.000282333615667,1.0,0.009592326139088728,0.9351803095056845,418,ok,,unlabeled,0.0,,
P15,555,1774784280000,1774784580000,1774784430000,2026-03-29 04:40:29,55.36080300732085,59.58140182407816,83.64563936092325,True,1.000282333615667,1.0,0.007194244604316547,0.9374330012639874,418,ok,,unlabeled,0.0,,
P15,556,1774784310000,1774784610000,1774784460000,2026-03-29 04:40:59,54.00552522481095,58.743707078381114,83.49546314619715,True,1.0003080003080003,1.0,0.007194244604316547,0.9389102001436569,418,ok,,unlabeled,0.0,,
P15,557,1774784340000,1774784640000,1774784490000,2026-03-29 04:41:29,51.431554704063814,57.512879332360875,83.51024054361955,True,1.0003080003080003,1.0,0.009615384615384616,0.9401808692728373,417,ok,,unlabeled,0.0,,
P15,558,1774784370000,1774784670000,1774784520000,2026-03-29 04:41:59,48.15825443140062,56.44273508003993,83.41367803857548,True,1.0003080003080003,1.0,0.009615384615384616,0.9400469301032656,417,ok,,unlabeled,0.0,,
P15,559,1774784400000,1774784700000,1774784550000,2026-03-29 04:42:29,40.56903063881815,51.91729204905342,82.95969741752874,True,1.0003080003080003,1.0,0.004830917874396135,0.9474263480016922,415,ok,,unlabeled,0.0,,
P15,560,1774784430000,1774784730000,1774784580000,2026-03-29 04:42:59,39.29394982377851,50.4607206221694,83.1753613869241,True,1.0003080003080003,1.0,0.004819277108433735,0.9468360128817157,416,ok,,unlabeled,0.0,,
P15,561,1774784460000,1774784760000,1774784610000,2026-03-29 04:43:29,37.425661256441785,51.4811161807506,83.13432388413153,True,1.0003080003080003,1.0,0.007211538461538462,0.9519705650030286,417,ok,,unlabeled,0.0,,
P15,562,1774784490000,1774784790000,1774784640000,2026-03-29 04:43:59,31.633790971599765,47.88007400786502,82.87500187669842,True,1.0003336670003338,1.0,0.007246376811594203,0.9547960126658936,415,ok,,unlabeled,0.0,,
P15,563,1774784520000,1774784820000,1774784670000,2026-03-29 04:44:29,33.77395769593196,52.74554238819759,82.72367188947476,True,1.0003080003080003,1.0,0.004842615012106538,0.9539726556950516,414,ok,,unlabeled,0.0,,
P15,564,1774784550000,1774784850000,1774784700000,2026-03-29 04:44:59,39.605370416821735,56.70789339224978,82.28118410164696,True,1.0003336670003338,1.0,0.0072992700729927005,0.9552009701588006,412,ok,,unlabeled,0.0,,
P15,791,1774791360000,1774791660000,1774791510000,2026-03-29 06:38:29,54.109281844307105,48.514465187792226,91.99794892009307,True,1.0,1.0,0.0,0.947557165069253,460,ok,,unlabeled,0.0,,
P15,792,1774791390000,1774791690000,1774791540000,2026-03-29 06:38:59,55.10505829910144,49.084187064547564,91.18516666359687,True,1.0,1.0,0.0,0.9493080758786365,456,ok,,unlabeled,0.0,,
P15,793,1774791420000,1774791720000,1774791570000,2026-03-29 06:39:29,55.78701764444546,48.51367574491473,90.69168022544432,True,1.0,1.0,0.002207505518763797,0.9487031380645005,454,ok,,unlabeled,0.0,,
P15,794,1774791450000,1774791750000,1774791600000,2026-03-29 06:39:59,54.64882583384329,47.866906252253074,90.50804717316613,True,1.0,1.0,0.0,0.9533492657623772,452,ok,,unlabeled,0.0,,
P15,795,1774791480000,1774791780000,1774791630000,2026-03-29 06:40:29,57.79829533600111,48.96656830931599,90.22332781003031,True,1.0,1.0,0.0,0.9540681478987842,450,ok,,unlabeled,0.0,,
P15,796,1774791510000,1774791810000,1774791660000,2026-03-29 06:40:59,57.90807387721043,49.201580363518936,90.12146328888788,True,1.0000256666923333,1.0,0.0022271714922048997,0.9505313362007308,450,ok,,unlabeled,0.0,,
P15,797,1774791540000,1774791840000,1774791690000,2026-03-29 06:41:29,60.79411252745667,50.69477347005197,90.5139325631001,True,1.0000256666923333,1.0,0.0022172949002217295,0.9502473479311786,452,ok,,unlabeled,0.0,,
P15,798,1774791570000,1774791870000,1774791720000,2026-03-29 06:41:59,62.09125938142803,53.9014616348585,91.13290855946622,True,1.0000256666923333,1.0,0.0022026431718061676,0.9481741346446595,455,ok,,unlabeled,0.0,,
P15,799,1774791600000,1774791900000,1774791750000,2026-03-29 06:42:29,61.97798245152387,54.00334390016305,90.85348004777383,True,1.0000513333846668,1.0,0.0022123893805309734,0.9518918533628976,453,ok,,unlabeled,0.0,,
P15,800,1774791630000,1774791930000,1774791780000,2026-03-29 06:42:59,63.78320494940902,58.87514954644697,90.17740908150894,True,1.0000513333846668,1.0,0.0022222222222222222,0.9500149775992883,451,ok,,unlabeled,0.0,,
P15,801,1774791660000,1774791960000,1774791810000,2026-03-29 06:43:29,59.439061446105356,63.01168065115434,89.10599002776706,True,1.0000256666923333,1.0,0.0022522522522522522,0.9515536962798443,445,ok,,unlabeled,0.0,,
P15,802,1774791690000,1774791990000,1774791840000,2026-03-29 06:43:59,59.70971960317227,66.83684156688776,88.44032182009789,True,1.0000513333846668,1.0,0.0022675736961451248,0.9509054409602512,442,ok,,unlabeled,0.0,,
P15,803,1774791720000,1774792020000,1774791870000,2026-03-29 06:44:29,58.94721927257248,71.03422086542876,87.26878793786815,True,1.0000513333846668,1.0,0.0022988505747126436,0.9512847047252361,436,ok,,unlabeled,0.0,,
P15,804,1774791750000,1774792050000,1774791900000,2026-03-29 06:44:59,59.59282113440486,71.7088175239647,86.23271344760417,True,1.0000513333846668,1.0,0.004651162790697674,0.9409800295709405,431,ok,,unlabeled,0.0,,
P15,805,1774791780000,1774792080000,1774791930000,2026-03-29 06:45:29,57.158961282791694,71.20742367832966,85.45734057999377,True,1.000077000077,1.0,0.004694835680751174,0.950472967738861,427,ok,,unlabeled,0.0,,
P15,806,1774791810000,1774792110000,1774791960000,2026-03-29 06:45:59,54.65146022158509,66.88005115153355,84.1847294401799,True,1.0000513333846668,1.0,0.004761904761904762,0.9530507843638194,421,ok,,unlabeled,0.0,,
P15,807,1774791840000,1774792140000,1774791990000,2026-03-29 06:46:29,48.57412381969243,62.440342230215464,83.2727460279305,True,1.000077000077,1.0,0.0,0.9563135452139918,416,ok,,unlabeled,0.0,,
P15,808,1774791870000,1774792170000,1774792020000,2026-03-29 06:46:59,42.89592850220133,45.30381899406446,81.69713249748747,True,1.000077000077,1.0,0.002457002457002457,0.9567813564776891,408,ok,,unlabeled,0.0,,
P15,809,1774791900000,1774792200000,1774792050000,2026-03-29 06:47:29,44.0489348462009,44.295619063260936,81.36250810248708,True,1.0000513333846668,1.0,0.0,0.9581540942568161,407,ok,,unlabeled,0.0,,
P15,810,1774791930000,1774792230000,1774792080000,2026-03-29 06:47:59,41.616907383857495,43.62439387957148,81.64509861261224,True,1.000077000077,1.0,0.002457002457002457,0.9583036604233827,408,ok,,unlabeled,0.0,,
P15,811,1774791960000,1774792260000,1774792110000,2026-03-29 06:48:29,40.489478994314844,44.016773578971836,81.97058904642044,True,1.000077000077,1.0,0.0024509803921568627,0.9612381415528628,409,ok,,unlabeled,0.0,,
P15,812,1774791990000,1774792290000,1774792140000,2026-03-29 06:48:59,41.94471864011701,42.49257454395813,81.8632996995727,True,1.000077000077,1.0,0.0,0.9592532911362326,409,ok,,unlabeled,0.0,,
P15,813,1774792020000,1774792320000,1774792170000,2026-03-29 06:49:29,39.770947179565376,41.94896086416182,82.62794291149952,True,1.000077000077,1.0,0.0,0.9619472593591798,413,ok,,unlabeled,0.0,,
P15,814,1774792050000,1774792350000,1774792200000,2026-03-29 06:49:59,42.12990801762852,43.39479587276529,83.11428220567137,True,1.0001026667693333,1.0,0.0024096385542168677,0.9592034765807443,416,ok,,unlabeled,0.0,,
P15,815,1774792080000,1774792380000,1774792230000,2026-03-29 06:50:29,42.931877371724205,54.14984549522859,84.60363799774427,True,1.000077000077,1.0,0.002364066193853428,0.9581706139116881,424,ok,,unlabeled,0.0,,
P15,816,1774792110000,1774792410000,1774792260000,2026-03-29 06:50:59,40.79467540590193,54.77932491451217,85.64122277748993,True,1.0001026667693333,1.0,0.0,0.9604290795328088,428,ok,,unlabeled,0.0,,
P15,817,1774792140000,1774792440000,1774792290000,2026-03-29 06:51:29,41.72169905989523,56.150395277480435,86.36763824680389,True,1.0001026667693333,1.0,0.0,0.9562891799339406,431,ok,,unlabeled,0.0,,
P15,818,1774792170000,1774792470000,1774792320000,2026-03-29 06:51:59,39.502633317274,53.07602172281937,86.78532685121942,True,1.0001026667693333,1.0,0.0,0.9616731871234032,433,ok,,unlabeled,0.0,,
P15,819,1774792200000,1774792500000,1774792350000,2026-03-29 06:52:29,40.435170378046784,51.465378587014435,87.18151193623063,True,1.0001283334616669,1.0,0.0022988505747126436,0.9577681598686241,436,ok,,unlabeled,0.0,,
P15,820,1774792230000,1774792530000,1774792380000,2026-03-29 06:52:59,41.46605541748944,52.47282634662761,87.91861705389364,True,1.0001026667693333,1.0,0.0,0.9556681064445994,439,ok,,unlabeled,0.0,,
P15,821,1774792260000,1774792560000,1774792410000,2026-03-29 06:53:29,45.43814042418655,51.04637081745801,89.00965207424244,True,1.0001283334616669,1.0,0.002257336343115124,0.95624947397341,444,ok,,unlabeled,0.0,,
P15,822,1774792290000,1774792590000,1774792440000,2026-03-29 06:53:59,43.2244506645582,48.04354242088733,89.89644846302188,True,1.0001026667693333,1.0,0.002232142857142857,0.9556157639377064,449,ok,,unlabeled,0.0,,
P15,823,1774792320000,1774792620000,1774792470000,2026-03-29 06:54:29,43.69363755176789,47.11977355153104,90.51735378343416,True,1.0001283334616669,1.0,0.0022172949002217295,0.9556593425544779,452,ok,,unlabeled,0.0,,
P15,824,1774792350000,1774792650000,1774792500000,2026-03-29 06:54:59,43.89892241225922,47.356544658264326,91.55922147123626,True,1.0001283334616669,1.0,0.00437636761487965,0.9548922711864498,458,ok,,unlabeled,0.0,,
P15,825,1774792380000,1774792680000,1774792530000,2026-03-29 06:55:29,44.64869449712564,45.74584644762796,90.9725445187369,True,1.0001283334616669,1.0,0.0022026431718061676,0.956922769118823,455,ok,,unlabeled,0.0,,
P15,826,1774792410000,1774792710000,1774792560000,2026-03-29 06:55:59,44.01074495339798,47.93956480852921,91.05159590434579,True,1.0001283334616669,1.0,0.004395604395604396,0.9557105951441354,456,ok,,unlabeled,0.0,,
P15,827,1774792440000,1774792740000,1774792590000,2026-03-29 06:56:29,44.112274110966574,50.23860888322677,90.7471919009532,True,1.0001283334616669,1.0,0.004415011037527594,0.9551113223005816,454,ok,,unlabeled,0.0,,
P15,828,1774792470000,1774792770000,1774792620000,2026-03-29 06:56:59,44.73770410846741,53.332040654172836,90.24408012600446,True,1.0001283334616669,1.0,0.0022222222222222222,0.9541500553916963,451,ok,,unlabeled,0.0,,
P15,829,1774792500000,1774792800000,1774792650000,2026-03-29 06:57:29,45.26537940071767,56.43268499978307,89.88715948290123,True,1.0001283334616669,1.0,0.006696428571428571,0.9536173584897789,449,ok,,unlabeled,0.0,,
P15,830,1774792530000,1774792830000,1774792680000,2026-03-29 06:57:59,47.31519103379122,60.36432444299739,89.11799220717741,True,1.0001540001540001,1.0,0.0044943820224719105,0.95650910509895,446,ok,,unlabeled,0.0,,
P15,831,1774792560000,1774792860000,1774792710000,2026-03-29 06:58:29,43.699910253594695,64.26853180077134,87.58805150381109,True,1.0001540001540001,1.0,0.002288329519450801,0.95628937200289,438,ok,,unlabeled,0.0,,
P15,832,1774792590000,1774792890000,1774792740000,2026-03-29 06:58:59,45.21932303554343,66.26549091674467,86.59729750949246,True,1.0001540001540001,1.0,0.0,0.9592413220656529,433,ok,,unlabeled,0.0,,
P15,833,1774792620000,1774792920000,1774792770000,2026-03-29 06:59:29,45.53444346004264,67.7578045098519,85.3413654618474,True,1.0001540001540001,1.0,0.002352941176470588,0.9585964563823732,426,ok,,unlabeled,0.0,,
P15,834,1774792650000,1774792950000,1774792800000,2026-03-29 06:59:59,43.44881763863629,64.02596741818692,83.4933678226379,True,1.0001540001540001,1.0,0.007211538461538462,0.9570355230193182,417,ok,,unlabeled,0.0,,
P15,835,1774792680000,1774792980000,1774792830000,2026-03-29 07:00:29,43.39646065831228,61.098579626611766,82.39871824216068,True,1.0001540001540001,1.0,0.0,0.9610371321028612,412,ok,,unlabeled,0.0,,
P15,836,1774792710000,1774793010000,1774792860000,2026-03-29 07:00:59,42.548062533241335,56.36999079678154,81.98523198079923,True,1.0001540001540001,1.0,0.0,0.9604836800226682,410,ok,,unlabeled,0.0,,
P15,837,1774792740000,1774793040000,1774792890000,2026-03-29 07:01:29,44.33021479209597,64.11749552779129,82.78925625326978,True,1.0001540001540001,1.0,0.002421307506053269,0.9566421328487792,414,ok,,unlabeled,0.0,,
P15,838,1774792770000,1774793070000,1774792920000,2026-03-29 07:01:59,47.37409256956679,68.00755188757286,83.0176168191981,True,1.0001796668463334,1.0,0.0,0.9570234337833876,415,ok,,unlabeled,0.0,,
P15,839,1774792800000,1774793100000,1774792950000,2026-03-29 07:02:29,44.80991919417463,67.61728902134188,82.84486178299274,True,1.0001540001540001,1.0,0.0,0.9585490842671722,414,ok,,unlabeled,0.0,,
P15,840,1774792830000,1774793130000,1774792980000,2026-03-29 07:02:59,44.50740641608226,64.79368331373945,82.58074174364467,True,1.0001540001540001,1.0,0.0,0.9596410664720403,413,ok,,unlabeled,0.0,,
P15,841,1774792860000,1774793160000,1774793010000,2026-03-29 07:03:29,44.387967821001,63.73182825069795,83.48635273109647,True,1.0001796668463334,1.0,0.002398081534772182,0.9590591551575338,418,ok,,unlabeled,0.0,,
P15,842,1774792890000,1774793190000,1774793040000,2026-03-29 07:03:59,45.80563128314278,63.25535909441655,83.66667356392179,True,1.0001540001540001,1.0,0.0,0.9542284978428073,418,ok,,unlabeled,0.0,,
P15,843,1774792920000,1774793220000,1774793070000,2026-03-29 07:04:29,42.38410225526258,61.339298513021255,83.95130822753147,True,1.0001540001540001,1.0,0.007159904534606206,0.9570344348557125,420,ok,,unlabeled,0.0,,
P15,844,1774792950000,1774793250000,1774793100000,2026-03-29 07:04:59,42.41478797743008,58.49497139819945,84.57190650906239,True,1.0001540001540001,1.0,0.002369668246445498,0.9588073335237004,423,ok,,unlabeled,0.0,,
P15,845,1774792980000,1774793280000,1774793130000,2026-03-29 07:05:29,43.264824636909324,56.65717924562784,85.10541727123021,True,1.0001796668463334,1.0,0.0,0.9589869870996964,426,ok,,unlabeled,0.0,,
P15,846,1774793010000,1774793310000,1774793160000,2026-03-29 07:05:59,45.080855899438156,54.854262772448116,84.81171829182117,True,1.0001540001540001,1.0,0.002364066193853428,0.9583608450061161,424,ok,,unlabeled,0.0,,
P15,847,1774793040000,1774793340000,1774793190000,2026-03-29 07:06:29,40.47834281807925,45.92017113594861,83.85637942545188,True,1.0001540001540001,1.0,0.002386634844868735,0.960731018713967,420,ok,,unlabeled,0.0,,
P15,848,1774793070000,1774793370000,1774793220000,2026-03-29 07:06:59,40.68600725226478,42.43029991704296,83.65590339486904,True,1.0001540001540001,1.0,0.002398081534772182,0.9618556097490849,418,ok,,unlabeled,0.0,,
P15,849,1774793100000,1774793400000,1774793250000,2026-03-29 07:07:29,43.2158811507851,43.69585470328049,84.0079425828555,True,1.0001540001540001,1.0,0.0,0.9630267699090183,419,ok,,unlabeled,0.0,,
P15,850,1774793130000,1774793430000,1774793280000,2026-03-29 07:07:59,43.153146607267594,46.0845810384413,83.86936042924526,True,1.0001540001540001,1.0,0.0023923444976076554,0.9626200429837302,419,ok,,unlabeled,0.0,,
P15,851,1774793160000,1774793460000,1774793310000,2026-03-29 07:08:29,45.94753189216559,48.959708819947785,82.90473631688033,True,1.0001540001540001,1.0,0.0,0.9608938525030878,415,ok,,unlabeled,0.0,,
P15,852,1774793190000,1774793490000,1774793340000,2026-03-29 07:08:59,42.88437930215656,49.40216268960235,82.76824025649942,True,1.0001796668463334,1.0,0.0,0.9650515288386049,414,ok,,unlabeled,0.0,,
P15,853,1774793220000,1774793520000,1774793370000,2026-03-29 07:09:29,45.10409461975863,56.114746349892705,81.88194683694186,True,1.0001540001540001,1.0,0.0,0.9634169814704356,409,ok,,unlabeled,0.0,,
P15,854,1774793250000,1774793550000,1774793400000,2026-03-29 07:09:59,43.881314072525946,56.98524945292295,81.09823697131877,True,1.0001540001540001,1.0,0.0024691358024691358,0.9642976793602005,406,ok,,unlabeled,0.0,,
P15,855,1774793280000,1774793580000,1774793430000,2026-03-29 07:10:29,47.239761794566405,62.896695723345076,80.85561151354464,True,1.0001540001540001,1.0,0.0024813895781637717,0.9625241046558124,404,ok,,unlabeled,0.0,,
P15,856,1774793310000,1774793610000,1774793460000,2026-03-29 07:10:59,42.59989893050705,64.02089330159752,79.87110918126412,True,1.0001796668463334,1.0,0.002512562814070352,0.9614776934547347,399,ok,,unlabeled,0.0,,
P15,857,1774793340000,1774793640000,1774793490000,2026-03-29 07:11:29,41.84579659703699,64.72719677776908,78.61025620634396,True,1.0001540001540001,1.0,0.002551020408163265,0.9623844431694173,393,ok,,unlabeled,0.0,,
P15,858,1774793370000,1774793670000,1774793520000,2026-03-29 07:11:59,40.90008881746047,65.9064152122895,77.6497215170371,True,1.0001540001540001,1.0,0.002583979328165375,0.9613946115261381,388,ok,,unlabeled,0.0,,
P15,859,1774793400000,1774793700000,1774793550000,2026-03-29 07:12:29,36.28356804393324,61.24194869960533,76.61897701135739,True,1.0001796668463334,1.0,0.002617801047120419,0.9648770951856731,383,ok,,unlabeled,0.0,,
P15,860,1774793430000,1774793730000,1774793580000,2026-03-29 07:12:59,42.098297916538925,60.28173410452255,76.00945671384645,True,1.0001796668463334,1.0,0.002638522427440633,0.9597544275520258,380,ok,,unlabeled,0.0,,
P15,861,1774793460000,1774793760000,1774793610000,2026-03-29 07:13:29,35.62300034421189,58.71620874415754,75.67444599079327,True,1.0001540001540001,1.0,0.002652519893899204,0.9609983303164737,378,ok,,unlabeled,0.0,,
P15,862,1774793490000,1774793790000,1774793640000,2026-03-29 07:13:59,38.43766501463089,58.4395097758444,75.12997485650175,True,1.0001540001540001,1.0,0.0,0.9590089374439525,376,ok,,unlabeled,0.0,,
P15,863,1774793520000,1774793820000,1774793670000,2026-03-29 07:14:29,38.286425834296885,57.71341082184392,75.25581962843894,True,1.0001796668463334,1.0,0.0026666666666666666,0.9582422037421867,376,ok,,unlabeled,0.0,,
P15,864,1774793550000,1774793850000,1774793700000,2026-03-29 07:14:59,37.27062871226841,56.79148068327066,74.94497168024803,True,1.0001796668463334,1.0,0.002680965147453083,0.961611124036494,374,ok,,unlabeled,0.0,,
P15,865,1774793580000,1774793880000,1774793730000,2026-03-29 07:15:29,37.295312754462316,40.46096335836824,74.09363304363289,True,1.0001540001540001,1.0,0.0027100271002710027,0.9584731405457301,370,ok,,unlabeled,0.0,,
P15,866,1774793610000,1774793910000,1774793760000,2026-03-29 07:15:59,39.17990305794168,38.757541866167266,73.8699948311077,True,1.0001540001540001,1.0,0.0,0.9608526405165683,369,ok,,unlabeled,0.0,,
P15,867,1774793640000,1774793940000,1774793790000,2026-03-29 07:16:29,39.41544861459582,41.807082900586266,74.10712463894035,True,1.0001796668463334,1.0,0.0027100271002710027,0.9575625572507374,370,ok,,unlabeled,0.0,,
P15,868,1774793670000,1774793970000,1774793820000,2026-03-29 07:16:59,39.190533325807635,41.64178668638754,74.09378184501549,True,1.0001796668463334,1.0,0.0,0.962440026356704,370,ok,,unlabeled,0.0,,
P15,869,1774793700000,1774794000000,1774793850000,2026-03-29 07:17:29,45.243351995977726,53.609362365736,74.94326654454431,True,1.0001540001540001,1.0,0.00267379679144385,0.9551437748979545,375,ok,,unlabeled,0.0,,
P15,870,1774793730000,1774794030000,1774793880000,2026-03-29 07:17:59,39.86879462031636,51.82449221185002,74.97216104808174,True,1.0001540001540001,1.0,0.00267379679144385,0.96024439164348,375,ok,,unlabeled,0.0,,
P15,871,1774793760000,1774794060000,1774793910000,2026-03-29 07:18:29,39.85343766309902,51.700044478829604,74.60885653380525,True,1.0001796668463334,1.0,0.0,0.9621730731491345,372,ok,,unlabeled,0.0,,
P15,872,1774793790000,1774794090000,1774793940000,2026-03-29 07:18:59,41.80445759819274,53.313505792940106,74.91634677249809,True,1.0001796668463334,1.0,0.002680965147453083,0.9572181558268004,374,ok,,unlabeled,0.0,,
P15,873,1774793820000,1774794120000,1774793970000,2026-03-29 07:19:29,45.130872646719425,54.97246797847523,74.8739388084937,True,1.0001540001540001,1.0,0.002680965147453083,0.953600767393765,374,ok,,unlabeled,0.0,,
P15,874,1774793850000,1774794150000,1774794000000,2026-03-29 07:19:59,39.73045572477298,53.87321766753309,74.80820343004997,True,1.0001540001540001,1.0,0.002688172043010753,0.959789501203026,373,ok,,unlabeled,0.0,,
P15,875,1774793880000,1774794180000,1774794030000,2026-03-29 07:20:29,37.88524483211305,58.04870948575649,75.18499729725634,True,1.0001796668463334,1.0,0.0,0.9622225469579557,375,ok,,unlabeled,0.0,,
P15,876,1774793910000,1774794210000,1774794060000,2026-03-29 07:20:59,42.7458564348672,59.71908286655748,75.52121154452897,True,1.0001796668463334,1.0,0.002652519893899204,0.9603557911308289,378,ok,,unlabeled,0.0,,
P15,877,1774793940000,1774794240000,1774794090000,2026-03-29 07:21:29,37.35974611702107,56.26207267599124,75.55776602211472,True,1.0001540001540001,1.0,0.0,0.9628068163528749,377,ok,,unlabeled,0.0,,
P15,878,1774793970000,1774794270000,1774794120000,2026-03-29 07:21:59,40.79195293185854,56.75150408427177,75.7949975178274,True,1.0001540001540001,1.0,0.002638522427440633,0.9583951396361782,380,ok,,unlabeled,0.0,,
P15,879,1774794000000,1774794300000,1774794150000,2026-03-29 07:22:29,42.52535306203485,48.62749938521434,75.21491406889083,True,1.0001796668463334,1.0,0.0,0.957362809297232,376,ok,,unlabeled,0.0,,
P15,880,1774794030000,1774794330000,1774794180000,2026-03-29 07:22:59,40.170801050490844,49.218933896603225,75.42302591217405,True,1.0001540001540001,1.0,0.0026595744680851063,0.9610453581585701,377,ok,,unlabeled,0.0,,
P15,881,1774794060000,1774794360000,1774794210000,2026-03-29 07:23:29,37.59482908850312,47.6275772077498,75.78354051086002,True,1.0001540001540001,1.0,0.0,0.9621948312488631,378,ok,,unlabeled,0.0,,
P15,882,1774794090000,1774794390000,1774794240000,2026-03-29 07:23:59,40.78193600467616,48.0951621486843,75.6819657647997,True,1.0001540001540001,1.0,0.0,0.9602471959878143,378,ok,,unlabeled,0.0,,
P15,883,1774794120000,1774794420000,1774794270000,2026-03-29 07:24:29,41.032784412425094,48.08967174951276,75.79686972395963,True,1.0001796668463334,1.0,0.0,0.9607038683728762,379,ok,,unlabeled,0.0,,
P15,884,1774794150000,1774794450000,1774794300000,2026-03-29 07:24:59,43.18682315089217,47.819374365720634,76.06303092305167,True,1.0001540001540001,1.0,0.002631578947368421,0.9572025247396669,381,ok,,unlabeled,0.0,,
P15,885,1774794180000,1774794480000,1774794330000,2026-03-29 07:25:29,42.36836858557122,48.51756410475382,76.39846893537596,True,1.0001540001540001,1.0,0.0,0.9613013734534955,381,ok,,unlabeled,0.0,,
P15,886,1774794210000,1774794510000,1774794360000,2026-03-29 07:25:59,41.56153222010429,47.340568999112676,76.44380478717659,True,1.0001540001540001,1.0,0.0026246719160104987,0.9592774233120096,382,ok,,unlabeled,0.0,,
P15,887,1774794240000,1774794540000,1774794390000,2026-03-29 07:26:29,40.34847456874488,46.93633132095311,76.57940002024485,True,1.0001796668463334,1.0,0.0,0.9583893764712871,383,ok,,unlabeled,0.0,,
P15,888,1774794270000,1774794570000,1774794420000,2026-03-29 07:26:59,40.81397511078457,47.93314082999552,76.77632963706647,True,1.0001540001540001,1.0,0.0,0.9585484393138002,384,ok,,unlabeled,0.0,,
P15,889,1774794300000,1774794600000,1774794450000,2026-03-29 07:27:29,40.31061784154724,47.560724850207805,76.77063554510013,True,1.0001540001540001,1.0,0.0,0.9624907608495845,384,ok,,unlabeled,0.0,,
P15,890,1774794330000,1774794630000,1774794480000,2026-03-29 07:27:59,45.62210827151511,47.59063088290597,76.76499357201175,True,1.0001796668463334,1.0,0.0026109660574412533,0.9579695296951076,384,ok,,unlabeled,0.0,,
P15,891,1774794360000,1774794660000,1774794510000,2026-03-29 07:28:29,42.76362086400965,46.120582903573556,76.77993270031205,True,1.0001796668463334,1.0,0.0,0.9611904712502137,383,ok,,unlabeled,0.0,,
P15,892,1774794390000,1774794690000,1774794540000,2026-03-29 07:28:59,42.69207538539305,45.27643617731626,77.08877456205647,True,1.0001796668463334,1.0,0.0,0.9622834089284121,385,ok,,unlabeled,0.0,,
P15,893,1774794420000,1774794720000,1774794570000,2026-03-29 07:29:29,44.039447906606064,45.0792085785259,77.6450477834421,True,1.0001796668463334,1.0,0.0,0.9592170730121065,388,ok,,unlabeled,0.0,,
P15,894,1774794450000,1774794750000,1774794600000,2026-03-29 07:29:59,39.401061203023936,49.790579288928015,78.80007337346971,True,1.0001796668463334,1.0,0.0,0.9612198925614819,394,ok,,unlabeled,0.0,,
P15,895,1774794480000,1774794780000,1774794630000,2026-03-29 07:30:29,40.978339645899894,59.737903591576455,79.73568724329427,True,1.0001796668463334,1.0,0.0,0.9550902826653862,398,ok,,unlabeled,0.0,,
P15,896,1774794510000,1774794810000,1774794660000,2026-03-29 07:30:59,43.78968210893712,90.58637418315665,83.01517529382684,True,1.0001796668463334,1.0,0.004830917874396135,0.9458090149352265,415,ok,,unlabeled,0.0,,
P15,897,1774794540000,1774794840000,1774794690000,2026-03-29 07:31:29,43.86177990711067,90.65293611926869,84.34440632583048,True,1.0001796668463334,1.0,0.002380952380952381,0.9484263312510722,421,ok,,unlabeled,0.0,,
P15,898,1774794570000,1774794870000,1774794720000,2026-03-29 07:31:59,40.91287311871252,88.36186456475947,84.57769578303588,True,1.000205333538667,1.0,0.0023752969121140144,0.9505713850799324,422,ok,,unlabeled,0.0,,
P15,899,1774794600000,1774794900000,1774794750000,2026-03-29 07:32:29,42.40539009842695,85.74957184548623,85.07723831906075,True,1.0001796668463334,1.0,0.0047169811320754715,0.9484442942748823,425,ok,,unlabeled,0.0,,
P15,900,1774794630000,1774794930000,1774794780000,2026-03-29 07:32:59,44.99338706517185,84.76333100854599,85.45865486204914,True,1.0001796668463334,1.0,0.004694835680751174,0.9471771234425402,427,ok,,unlabeled,0.0,,
P15,901,1774794660000,1774794960000,1774794810000,2026-03-29 07:33:29,44.4438084173798,85.23891397880095,85.39698237267297,True,1.0001796668463334,1.0,0.004694835680751174,0.9467048047098574,427,ok,,unlabeled,0.0,,
P15,902,1774794690000,1774794990000,1774794840000,2026-03-29 07:33:59,41.19590801134783,87.37921703909015,85.10752184560211,True,1.0001796668463334,1.0,0.0047169811320754715,0.9477390628393204,425,ok,,unlabeled,0.0,,
P15,903,1774794720000,1774795020000,1774794870000,2026-03-29 07:34:29,37.81331982778164,90.33674840717106,84.67550232290459,True,1.0001540001540001,1.0,0.0070921985815602835,0.9480431314769735,424,ok,,unlabeled,0.0,,
P15,904,1774794750000,1774795050000,1774794900000,2026-03-29 07:34:59,43.44299685684235,93.91106081609978,83.49250206556971,True,1.0001796668463334,1.0,0.004807692307692308,0.9466088791440626,417,ok,,unlabeled,0.0,,
P15,905,1774794780000,1774795080000,1774794930000,2026-03-29 07:35:29,40.25329049378939,94.37067448300617,81.77294978880333,True,1.0001540001540001,1.0,0.007352941176470588,0.9509112346468132,409,ok,,unlabeled,0.0,,
P15,906,1774794810000,1774795110000,1774794960000,2026-03-29 07:35:59,37.99545873283761,61.453397341582004,78.28783828542943,True,1.0001540001540001,1.0,0.007692307692307693,0.9529317810693474,391,ok,,unlabeled,0.0,,
P15,907,1774794840000,1774795140000,1774794990000,2026-03-29 07:36:29,41.26826678383812,52.633713206690764,77.15814237753573,True,1.0001540001540001,1.0,0.005208333333333333,0.9515272666869832,385,ok,,unlabeled,0.0,,
P15,908,1774794870000,1774795170000,1774795020000,2026-03-29 07:36:59,36.708603085243844,50.72910312932187,76.79168090123571,True,1.0001540001540001,1.0,0.0078125,0.9557409099655114,385,ok,,unlabeled,0.0,,
P15,909,1774794900000,1774795200000,1774795050000,2026-03-29 07:37:29,34.901642800657626,48.79315793015566,76.15917267088214,True,1.0001540001540001,1.0,0.005263157894736842,0.9575835254385103,381,ok,,unlabeled,0.0,,
P15,910,1774794930000,1774795230000,1774795080000,2026-03-29 07:37:59,36.96810224442657,44.850491819971616,75.85728261687557,True,1.0001283334616669,1.0,0.0026455026455026454,0.9546767826143869,379,ok,,unlabeled,0.0,,
P15,911,1774794960000,1774795260000,1774795110000,2026-03-29 07:38:29,37.62117624921728,48.180076319997724,76.15408509885,True,1.0001283334616669,1.0,0.002631578947368421,0.9560776086331475,381,ok,,unlabeled,0.0,,
P15,912,1774794990000,1774795290000,1774795140000,2026-03-29 07:38:59,36.63259980428707,47.809208317196756,76.18552475029745,True,1.0001283334616669,1.0,0.005249343832020997,0.9592920243027021,382,ok,,unlabeled,0.0,,
P15,913,1774795020000,1774795320000,1774795170000,2026-03-29 07:39:29,39.42503155935914,49.0828341448757,76.16705975105398,True,1.0001283334616669,1.0,0.002631578947368421,0.9553083009931205,381,ok,,unlabeled,0.0,,
P15,914,1774795050000,1774795350000,1774795200000,2026-03-29 07:39:59,36.89568184195377,53.00747666329673,76.71761090916394,True,1.0001026667693333,1.0,0.002617801047120419,0.9586326269464254,383,ok,,unlabeled,0.0,,
P15,915,1774795080000,1774795380000,1774795230000,2026-03-29 07:40:29,41.17956443935685,54.05777736922643,76.74512723402766,True,1.0001283334616669,1.0,0.0078125,0.9523611350365417,385,ok,,unlabeled,0.0,,
P15,916,1774795110000,1774795410000,1774795260000,2026-03-29 07:40:59,39.215413859992935,53.154680880062216,76.42545509252294,True,1.0001026667693333,1.0,0.005249343832020997,0.9554337978207852,382,ok,,unlabeled,0.0,,
P15,917,1774795140000,1774795440000,1774795290000,2026-03-29 07:41:29,36.942113323984394,49.825486582041265,76.2606271986229,True,1.000077000077,1.0,0.007874015748031496,0.9551073808231456,382,ok,,unlabeled,0.0,,
P15,918,1774795170000,1774795470000,1774795320000,2026-03-29 07:41:59,38.87536596544614,50.22517204031058,76.40923395230607,True,1.0001026667693333,1.0,0.005249343832020997,0.9541975341156659,382,ok,,unlabeled,0.0,,
P15,919,1774795200000,1774795500000,1774795350000,2026-03-29 07:42:29,40.837894115643685,51.53757871457117,76.67680325976777,True,1.000077000077,1.0,0.002617801047120419,0.9517242993102382,383,ok,,unlabeled,0.0,,
P15,920,1774795230000,1774795530000,1774795380000,2026-03-29 07:42:59,39.17895911961336,51.46417371895835,76.74709860566085,True,1.0001026667693333,1.0,0.0026109660574412533,0.9538920281965622,384,ok,,unlabeled,0.0,,
P15,921,1774795260000,1774795560000,1774795410000,2026-03-29 07:43:29,35.42421951270048,48.12465907207816,76.57036907118338,True,1.000077000077,1.0,0.002617801047120419,0.9559416105735496,383,ok,,unlabeled,0.0,,
P15,922,1774795290000,1774795590000,1774795440000,2026-03-29 07:43:59,36.30139433088613,48.271505477701396,76.86775601679183,True,1.0001026667693333,1.0,0.0026109660574412533,0.95233563054582,384,ok,,unlabeled,0.0,,
P15,923,1774795320000,1774795620000,1774795470000,2026-03-29 07:44:29,34.07369079215627,44.804806403435045,76.69668835612427,True,1.000077000077,1.0,0.002617801047120419,0.9542488929118565,383,ok,,unlabeled,0.0,,
P15,924,1774795350000,1774795650000,1774795500000,2026-03-29 07:44:59,35.44514173926614,46.79641562145795,77.04096011045873,True,1.0001026667693333,1.0,0.005194805194805195,0.9526797213869556,386,ok,,unlabeled,0.0,,
P15,925,1774795380000,1774795680000,1774795530000,2026-03-29 07:45:29,39.976944456560226,48.34149222770263,77.53853551678999,True,1.0001026667693333,1.0,0.0,0.950571372474259,388,ok,,unlabeled,0.0,,
P15,926,1774795410000,1774795710000,1774795560000,2026-03-29 07:45:59,34.252100815226065,42.00616556458165,78.47899281947322,True,1.0001026667693333,1.0,0.0025575447570332483,0.9532761343398528,392,ok,,unlabeled,0.0,,
P15,927,1774795440000,1774795740000,1774795590000,2026-03-29 07:46:29,38.63932524605907,46.30059190592963,79.2506721556585,True,1.0001026667693333,1.0,0.0,0.9530595550225703,395,ok,,unlabeled,0.0,,
P15,928,1774795470000,1774795770000,1774795620000,2026-03-29 07:46:59,40.23638433911699,47.152952885117486,79.77497310768285,True,1.000077000077,1.0,0.0,0.949765725728003,399,ok,,unlabeled,0.0,,
P15,929,1774795500000,1774795800000,1774795650000,2026-03-29 07:47:29,33.58758141039631,44.851026025456314,80.43594543995721,True,1.0001026667693333,1.0,0.0024937655860349127,0.9535606371280805,402,ok,,unlabeled,0.0,,
P15,930,1774795530000,1774795830000,1774795680000,2026-03-29 07:47:59,37.929871961719286,47.345663447115754,80.66943591595931,True,1.000077000077,1.0,0.0,0.9534484293512906,403,ok,,unlabeled,0.0,,
P15,931,1774795560000,1774795860000,1774795710000,2026-03-29 07:48:29,36.71286102428587,47.226154746998425,80.70668540453724,True,1.000077000077,1.0,0.0,0.9536770045918899,403,ok,,unlabeled,0.0,,
P15,932,1774795590000,1774795890000,1774795740000,2026-03-29 07:48:59,38.103592350328334,49.591010851079865,80.38971973858305,True,1.000077000077,1.0,0.0024937655860349127,0.951675152482762,402,ok,,unlabeled,0.0,,
P15,933,1774795620000,1774795920000,1774795770000,2026-03-29 07:49:29,40.19656263466666,47.824656678369905,81.09301609816804,True,1.000077000077,1.0,0.0,0.9524590644500803,405,ok,,unlabeled,0.0,,
P15,934,1774795650000,1774795950000,1774795800000,2026-03-29 07:49:59,38.61721224901994,47.22499717722402,80.9720656394839,True,1.0000513333846668,1.0,0.0,0.953084383227096,405,ok,,unlabeled,0.0,,
P15,935,1774795680000,1774795980000,1774795830000,2026-03-29 07:50:29,40.16068101080795,50.341734373423414,80.75180871329425,True,1.000077000077,1.0,0.0024875621890547263,0.9486390779774685,403,ok,,unlabeled,0.0,,
P15,936,1774795710000,1774796010000,1774795860000,2026-03-29 07:50:59,41.095886351312586,52.540136480566055,80.38918254291767,True,1.000077000077,1.0,0.0,0.9486168471571189,402,ok,,unlabeled,0.0,,
P15,937,1774795740000,1774796040000,1774795890000,2026-03-29 07:51:29,40.20806246455619,50.047247416572986,79.73222260248245,True,1.000077000077,1.0,0.002512562814070352,0.9476220030681956,399,ok,,unlabeled,0.0,,
P15,938,1774795770000,1774796070000,1774795920000,2026-03-29 07:51:59,45.08779956053739,51.45157534235927,79.05085471228699,True,1.000077000077,1.0,0.0,0.9480454095374917,395,ok,,unlabeled,0.0,,
P15,939,1774795800000,1774796100000,1774795950000,2026-03-29 07:52:29,42.84125070709698,48.59768379290283,78.62512995543908,True,1.0000513333846668,1.0,0.0,0.9495226601724469,393,ok,,unlabeled,0.0,,
P15,940,1774795830000,1774796130000,1774795980000,2026-03-29 07:52:59,45.27678554893964,53.00782694961858,79.0602175323538,True,1.000077000077,1.0,0.002531645569620253,0.9449638760374242,396,ok,,unlabeled,0.0,,
P15,941,1774795860000,1774796160000,1774796010000,2026-03-29 07:53:29,39.887198542827456,50.8755430877911,79.44375993673923,True,1.000077000077,1.0,0.0025252525252525255,0.9474882648047427,397,ok,,unlabeled,0.0,,
P15,942,1774795890000,1774796190000,1774796040000,2026-03-29 07:53:59,39.23878024352949,54.222936726140006,80.56091288974606,True,1.0000513333846668,1.0,0.0,0.9527879938226819,402,ok,,unlabeled,0.0,,
P15,943,1774795920000,1774796220000,1774796070000,2026-03-29 07:54:29,39.61796205896683,55.167984104397455,80.45685617836604,True,1.000077000077,1.0,0.0024875621890547263,0.9515644530334686,403,ok,,unlabeled,0.0,,
P15,944,1774795950000,1774796250000,1774796100000,2026-03-29 07:54:59,38.0833079690389,56.195261085086635,80.30193527664018,True,1.000077000077,1.0,0.0025,0.9531010839662621,401,ok,,unlabeled,0.0,,
P15,945,1774795980000,1774796280000,1774796130000,2026-03-29 07:55:29,39.45514727657903,53.67378899425678,80.3348624851255,True,1.0000513333846668,1.0,0.0,0.9493054061884385,401,ok,,unlabeled,0.0,,
P15,946,1774796010000,1774796310000,1774796160000,2026-03-29 07:55:59,34.4995833308172,51.88494822435875,80.3245029796184,True,1.000077000077,1.0,0.0,0.955104882131917,402,ok,,unlabeled,0.0,,
P15,947,1774796040000,1774796340000,1774796190000,2026-03-29 07:56:29,38.756097565701424,63.12666877399894,81.7805521694284,True,1.0000513333846668,1.0,0.0,0.9544108255353525,408,ok,,unlabeled,0.0,,
P15,948,1774796070000,1774796370000,1774796220000,2026-03-29 07:56:59,44.0716950307634,68.94998671169479,83.554994514825,True,1.0000513333846668,1.0,0.002398081534772182,0.9482497460167706,418,ok,,unlabeled,0.0,,
P15,1063,1774799520000,1774799820000,1774799670000,2026-03-29 08:54:29,43.14088847088991,38.14553390432959,85.96016103079441,True,1.0,1.0,0.002331002331002331,0.9256277954869003,430,ok,,transport,300.0,transport:300s:Start driving,
P15,1064,1774799550000,1774799850000,1774799700000,2026-03-29 08:54:59,47.919578405922856,43.213774236501976,86.51280143831963,True,1.0,1.0,0.0,0.9270320580793698,432,ok,,transport,300.0,transport:300s:Start driving,
P15,1065,1774799580000,1774799880000,1774799730000,2026-03-29 08:55:29,41.500487328587255,41.22461670167768,86.35784482379087,True,1.0000256666923333,1.0,0.002320185614849188,0.9328317967297961,432,ok,,transport,300.0,transport:300s:Start driving,
P15,1066,1774799610000,1774799910000,1774799760000,2026-03-29 08:55:59,41.00289650431651,41.578525944396134,86.53898161856453,True,1.0000256666923333,1.0,0.0,0.924993362663234,433,ok,,transport,300.0,transport:300s:Start driving,
P15,1067,1774799640000,1774799940000,1774799790000,2026-03-29 08:56:29,45.55232653304384,42.458065077535935,86.76459246014056,True,1.0000256666923333,1.0,0.0023094688221709007,0.9190834399241602,434,ok,,transport,300.0,transport:300s:Start driving,
P15,1068,1774799670000,1774799970000,1774799820000,2026-03-29 08:56:59,43.32747090557648,42.040681943853045,87.13462299252345,True,1.0000513333846668,1.0,0.0,0.9204236009864137,436,ok,,transport,300.0,transport:300s:Start driving,
P15,1069,1774799700000,1774800000000,1774799850000,2026-03-29 08:57:29,45.0793425017682,44.443856982403716,88.12093127701323,True,1.0000513333846668,1.0,0.0022727272727272726,0.9234574573873529,441,ok,,transport,300.0,transport:300s:Start driving,
P15,1070,1774799730000,1774800030000,1774799880000,2026-03-29 08:57:59,42.935611096710595,44.93834803042548,88.1908914133538,True,1.0000256666923333,1.0,0.004555808656036446,0.9355039120562504,440,ok,,transport,300.0,transport:300s:Start driving,
P15,1071,1774799760000,1774800060000,1774799910000,2026-03-29 08:58:29,41.75704411693125,45.367272778796185,88.16952061264843,True,1.0000513333846668,1.0,0.004545454545454545,0.935102429607473,441,ok,,transport,300.0,transport:300s:Start driving,
P15,1072,1774799790000,1774800090000,1774799940000,2026-03-29 08:58:59,43.18516408610232,48.59906107963418,88.97150742362464,True,1.0000513333846668,1.0,0.006756756756756757,0.9433978275755116,445,ok,,transport,300.0,transport:300s:Start driving,
P15,1073,1774799820000,1774800120000,1774799970000,2026-03-29 08:59:29,43.2284763249654,48.37535892119301,89.96620271115778,True,1.0000513333846668,1.0,0.006666666666666667,0.947809926639025,451,ok,,transport,300.0,transport:300s:Start driving,
P15,1074,1774799850000,1774800150000,1774800000000,2026-03-29 08:59:59,45.348103546214396,52.43033573013972,90.60845984854409,True,1.000077000077,1.0,0.00663716814159292,0.9483876265945382,453,ok,,transport,300.0,transport:300s:Start driving,
P15,1075,1774799880000,1774800180000,1774800030000,2026-03-29 09:00:29,50.88905385641458,65.81090766654447,93.6085910675834,True,1.0000513333846668,1.0,0.006423982869379015,0.9364141025108064,468,ok,,transport,300.0,transport:300s:Start driving,
P15,1076,1774799910000,1774800210000,1774800060000,2026-03-29 09:00:59,52.075421168835554,65.5359637530618,95.42268469191626,True,1.000077000077,1.0,0.008403361344537815,0.9363285237677869,477,ok,,transport,300.0,transport:300s:Start driving,
P15,1077,1774799940000,1774800240000,1774800090000,2026-03-29 09:01:29,50.75259246490469,63.99226036313505,95.89889058741547,True,1.000077000077,1.0,0.008333333333333333,0.9372868770513388,481,ok,,transport,300.0,transport:300s:Start driving,
P15,1078,1774799970000,1774800270000,1774800120000,2026-03-29 09:01:59,51.26532934474527,63.95838032411956,96.315932230065,True,1.0000513333846668,1.0,0.010395010395010396,0.9380697992968279,482,ok,,transport,300.0,transport:300s:Start driving,
P15,1079,1774800000000,1774800300000,1774800150000,2026-03-29 09:02:29,51.90874990890264,67.94695363130315,96.34049655747967,True,1.000077000077,1.0,0.006237006237006237,0.9379094739200398,482,ok,,transport,300.0,transport:300s:Start driving,
P15,1080,1774800030000,1774800330000,1774800180000,2026-03-29 09:02:59,55.92459163482832,67.68093104875447,96.85921323416079,True,1.000077000077,1.0,0.006198347107438017,0.9351517932589019,485,ok,,transport,300.0,transport:300s:Start driving,
P15,1081,1774800060000,1774800360000,1774800210000,2026-03-29 09:03:29,57.36844847217524,67.82585854030688,97.6077073459239,True,1.0000513333846668,1.0,0.00411522633744856,0.9364503730457757,487,ok,,transport,300.0,transport:300s:Start driving,
P15,1082,1774800090000,1774800390000,1774800240000,2026-03-29 09:03:59,58.90347967846087,67.31524305481464,98.10232060862457,True,1.000077000077,1.0,0.006122448979591836,0.9309040471482563,491,ok,,transport,300.0,transport:300s:Start driving,
P15,1083,1774800120000,1774800420000,1774800270000,2026-03-29 09:04:29,61.20270638252733,68.27572794836274,98.6343196268861,True,1.000077000077,1.0,0.010183299389002037,0.9307539600445716,492,ok,,transport,300.0,transport:300s:Start driving,
P15,1084,1774800150000,1774800450000,1774800300000,2026-03-29 09:04:59,60.25749473168864,68.57085002118782,98.07306796858548,True,1.0000513333846668,1.0,0.006134969325153374,0.9326806444036438,490,ok,,transport,300.0,transport:300s:Start driving,
P15,1085,1774800180000,1774800480000,1774800330000,2026-03-29 09:05:29,60.3710330710542,62.32424971185796,96.09904229535755,True,1.000077000077,1.0,0.008368200836820083,0.9373459475164228,479,ok,,transport,300.0,transport:300s:Start driving,
P15,1086,1774800210000,1774800510000,1774800360000,2026-03-29 09:05:59,60.93789051217938,60.05932433057935,95.53631948789331,True,1.0000513333846668,1.0,0.012605042016806723,0.9368982278831998,477,ok,,transport,300.0,transport:300s:Start driving,
P15,1087,1774800240000,1774800540000,1774800390000,2026-03-29 09:06:29,58.79144694926615,57.852639077980534,95.71132161246952,True,1.0000513333846668,1.0,0.012605042016806723,0.9375791945709782,477,ok,,transport,300.0,transport:300s:Start driving,
P15,1088,1774800270000,1774800570000,1774800420000,2026-03-29 09:06:59,57.178599712337416,55.80188251904086,95.76061441672599,True,1.000077000077,1.0,0.008403361344537815,0.9393952786894824,477,ok,,transport,300.0,transport:300s:Start driving,
P15,1089,1774800300000,1774800600000,1774800450000,2026-03-29 09:07:29,57.06631653838172,51.96178948136935,95.84070736336848,True,1.0000513333846668,1.0,0.008385744234800839,0.9397677585878834,478,ok,,transport,300.0,transport:300s:Start driving,
P15,1090,1774800330000,1774800630000,1774800480000,2026-03-29 09:07:59,55.09793655928247,51.4550750544728,95.7312764087617,True,1.0000513333846668,1.0,0.012605042016806723,0.9390286200737152,477,ok,,transport,300.0,transport:300s:Start driving,
P15,1091,1774800360000,1774800660000,1774800510000,2026-03-29 09:08:29,54.48936063374607,48.132173474359625,95.68565321185689,True,1.000077000077,1.0,0.012578616352201259,0.9394724073017743,478,ok,,transport,300.0,transport:300s:Start driving,
P15,1092,1774800390000,1774800690000,1774800540000,2026-03-29 09:08:59,50.72623550088187,46.89847162052281,95.25331017756218,True,1.0000513333846668,1.0,0.012658227848101266,0.9457514576571222,475,ok,,transport,300.0,transport:300s:Start driving,
P15,1093,1774800420000,1774800720000,1774800570000,2026-03-29 09:09:29,50.73451367641179,46.24844401866761,94.45211077022012,True,1.000077000077,1.0,0.00851063829787234,0.9474243433792356,471,ok,,transport,300.0,transport:300s:Start driving,
P15,1094,1774800450000,1774800750000,1774800600000,2026-03-29 09:09:59,49.159638656186935,46.749111831991335,94.78837964926075,True,1.000077000077,1.0,0.01059322033898305,0.9483970809925679,473,ok,,transport,300.0,transport:300s:Start driving,
P15,1095,1774800480000,1774800780000,1774800630000,2026-03-29 09:10:29,49.51239084759345,47.164412978436,94.92146788475156,True,1.000077000077,1.0,0.010548523206751054,0.9487282111585944,475,ok,,transport,300.0,transport:300s:Start driving,
P15,1096,1774800510000,1774800810000,1774800660000,2026-03-29 09:10:59,47.50709354732598,45.81757305294169,94.63829928380673,True,1.000077000077,1.0,0.006355932203389831,0.9505898343647801,473,ok,,transport,300.0,transport:300s:Start driving,
P15,1097,1774800540000,1774800840000,1774800690000,2026-03-29 09:11:29,48.56702587928743,47.441260490491196,94.2354315966279,True,1.0001026667693333,1.0,0.006382978723404255,0.9512460806647349,471,ok,,transport,300.0,transport:300s:Start driving,
P15,1098,1774800570000,1774800870000,1774800720000,2026-03-29 09:11:59,50.77446546710942,48.874173625032,94.22406487227411,True,1.000077000077,1.0,0.00851063829787234,0.9513830601806248,471,ok,,transport,300.0,transport:300s:Start driving,
P15,1099,1774800600000,1774800900000,1774800750000,2026-03-29 09:12:29,48.52026368279323,48.15737877190815,94.08460600974574,True,1.0001026667693333,1.0,0.008528784648187633,0.9520222585128089,470,ok,,transport,300.0,transport:300s:Start driving,
P15,1100,1774800630000,1774800930000,1774800780000,2026-03-29 09:12:59,46.20044775927866,47.00615571633124,94.37577302319374,True,1.0001026667693333,1.0,0.006382978723404255,0.9539641322977254,471,ok,,transport,300.0,transport:300s:Start driving,
P15,1101,1774800660000,1774800960000,1774800810000,2026-03-29 09:13:29,44.350622591882825,46.041483792021026,94.06645901476426,True,1.0001026667693333,1.0,0.010660980810234541,0.953272424291671,470,ok,,transport,300.0,transport:300s:Start driving,
P15,1102,1774800690000,1774800990000,1774800840000,2026-03-29 09:13:59,48.43756633804571,48.849393223436124,93.37758960646708,True,1.0001283334616669,1.0,0.01284796573875803,0.9562877640234624,468,ok,,transport,300.0,transport:300s:Start driving,
P15,1103,1774800720000,1774801020000,1774800870000,2026-03-29 09:14:29,47.56705981042769,49.19701802533654,93.34231737673385,True,1.0001026667693333,1.0,0.008602150537634409,0.9544537661973244,466,ok,,transport,300.0,transport:300s:Start driving,
P15,1104,1774800750000,1774801050000,1774800900000,2026-03-29 09:14:59,50.36114105987836,49.902803273902215,92.84555620446608,True,1.0001283334616669,1.0,0.01293103448275862,0.9551476071964125,465,ok,,transport,300.0,transport:300s:Start driving,
P15,1105,1774800780000,1774801080000,1774800930000,2026-03-29 09:15:29,50.342984177617744,51.010452404515014,92.26825455706462,True,1.0001283334616669,1.0,0.010869565217391304,0.957833349223576,461,ok,,transport,300.0,transport:300s:Start driving,
P15,1106,1774800810000,1774801110000,1774800960000,2026-03-29 09:15:59,49.40017267672302,53.0884847797598,91.78007245734682,True,1.0001540001540001,1.0,0.010917030567685589,0.9577561578974805,459,ok,,transport,300.0,transport:300s:Start driving,
P15,1107,1774800840000,1774801140000,1774800990000,2026-03-29 09:16:29,47.717184643787995,53.18028661072039,92.3958483698512,True,1.0001283334616669,1.0,0.008676789587852495,0.9567123102841054,462,ok,,transport,300.0,transport:300s:Start driving,
P15,1108,1774800870000,1774801170000,1774801020000,2026-03-29 09:16:59,48.775368574373225,54.0915824786702,92.78268909973603,True,1.0001540001540001,1.0,0.0064794816414686825,0.9567400917335438,464,ok,,transport,300.0,transport:300s:Start driving,
P15,1109,1774800900000,1774801200000,1774801050000,2026-03-29 09:17:29,49.677142223362885,55.111648197643866,92.33468548280563,True,1.0001540001540001,1.0,0.008676789587852495,0.955175180893447,462,ok,,transport,300.0,transport:300s:Start driving,
P15,1110,1774800930000,1774801230000,1774801080000,2026-03-29 09:17:59,51.24689284741143,55.557539365368,91.35207071731709,True,1.0001540001540001,1.0,0.006578947368421052,0.955545115864872,457,ok,,transport,300.0,transport:300s:Start driving,
P15,1111,1774800960000,1774801260000,1774801110000,2026-03-29 09:18:29,51.93853753467013,56.61423103266926,91.49794778752764,True,1.0001540001540001,1.0,0.0043859649122807015,0.9543161210543696,457,ok,,transport,300.0,transport:300s:Start driving,
P15,1112,1774800990000,1774801290000,1774801140000,2026-03-29 09:18:59,49.51928584074606,55.794660539803395,91.90386478167319,True,1.0001540001540001,1.0,0.006550218340611353,0.952223789580253,459,ok,,transport,300.0,transport:300s:Start driving,
P15,1113,1774801020000,1774801320000,1774801170000,2026-03-29 09:19:29,47.9498426239621,55.39904231578237,91.65127725179869,True,1.0001540001540001,1.0,0.006564551422319475,0.9524865770979584,458,ok,,transport,300.0,transport:300s:Start driving,
P15,1114,1774801050000,1774801350000,1774801200000,2026-03-29 09:19:59,46.08716750510502,55.42115120074527,91.16667231152196,True,1.0001540001540001,1.0,0.004405286343612335,0.9515693299270694,455,ok,,transport,300.0,transport:300s:Start driving,
P15,1115,1774801080000,1774801380000,1774801230000,2026-03-29 09:20:29,46.82243977647243,55.09487848873259,91.73605976560802,True,1.0001540001540001,1.0,0.0,0.9528185926014902,458,ok,,transport,300.0,transport:300s:Start driving,
P15,1116,1774801110000,1774801410000,1774801260000,2026-03-29 09:20:59,45.29010474056718,52.3178378976596,91.98418728891001,True,1.0001283334616669,1.0,0.0,0.953556954971189,459,ok,,transport,300.0,transport:300s:Start driving,
P15,1117,1774801140000,1774801440000,1774801290000,2026-03-29 09:21:29,45.58331732844457,53.105431814756486,92.05702323884935,True,1.0001540001540001,1.0,0.004357298474945534,0.9515136571194565,460,ok,,transport,300.0,transport:300s:Start driving,
P15,1118,1774801170000,1774801470000,1774801320000,2026-03-29 09:21:59,44.52706960987087,50.627453638309,91.6841841916386,True,1.0001540001540001,1.0,0.0021929824561403508,0.952975581282087,457,ok,,transport,300.0,transport:300s:Start driving,
P15,1119,1774801200000,1774801500000,1774801350000,2026-03-29 09:22:29,45.77660861461633,50.33017801188027,91.54742246826707,True,1.0001540001540001,1.0,0.0043859649122807015,0.9501021964641645,457,ok,,transport,300.0,transport:300s:Start driving,
P15,1120,1774801230000,1774801530000,1774801380000,2026-03-29 09:22:59,44.66516590653265,49.61044648549491,92.04994631753172,True,1.0001540001540001,1.0,0.004357298474945534,0.9520526478616123,460,ok,,transport,300.0,transport:300s:Start driving,
P15,1121,1774801260000,1774801560000,1774801410000,2026-03-29 09:23:29,46.412544555386056,51.72365407591151,92.46333562500814,True,1.0001540001540001,1.0,0.004338394793926247,0.9516243342520826,462,ok,,transport,300.0,transport:300s:Start driving,
P15,1122,1774801290000,1774801590000,1774801440000,2026-03-29 09:23:59,45.26660701525741,50.522937889615584,92.83129420799963,True,1.0001540001540001,1.0,0.0021645021645021645,0.9533096018346541,463,ok,,transport,300.0,transport:300s:Start driving,
P15,1123,1774801320000,1774801620000,1774801470000,2026-03-29 09:24:29,44.90207504255791,48.35386151705186,93.49772794691,True,1.0001540001540001,1.0,0.002145922746781116,0.9542161395304704,467,ok,,transport,300.0,transport:300s:Start driving,
P15,1124,1774801350000,1774801650000,1774801500000,2026-03-29 09:24:59,45.30551504420411,45.73848479023429,94.20602861524758,True,1.0001540001540001,1.0,0.00851063829787234,0.9491299217057674,471,ok,,transport,300.0,transport:300s:Start driving,
P15,1125,1774801380000,1774801680000,1774801530000,2026-03-29 09:25:29,44.78352760240917,46.62003554747488,93.7736882238854,True,1.0001540001540001,1.0,0.004282655246252677,0.9560866568852431,468,ok,,transport,300.0,transport:300s:Start driving,
P15,1126,1774801410000,1774801710000,1774801560000,2026-03-29 09:25:59,47.55495588730496,49.94735948119527,94.54200938597288,True,1.0001796668463334,1.0,0.00851063829787234,0.9533498769641753,471,ok,,transport,300.0,transport:300s:Start driving,
P15,1127,1774801440000,1774801740000,1774801590000,2026-03-29 09:26:29,46.96812741884672,50.00849725790836,94.26394237424387,True,1.0001540001540001,1.0,0.008492569002123142,0.9520279999537253,472,ok,,transport,300.0,transport:300s:Start driving,
P15,1128,1774801470000,1774801770000,1774801620000,2026-03-29 09:26:59,46.097153306136995,50.40383332224769,94.19023016958391,True,1.0001540001540001,1.0,0.006396588486140725,0.9532372193664564,470,ok,,transport,300.0,transport:300s:Start driving,
P15,1129,1774801500000,1774801800000,1774801650000,2026-03-29 09:27:29,46.58805190562703,53.55235288557508,93.79349500658269,True,1.0001796668463334,1.0,0.006423982869379015,0.9538897902654855,468,ok,,transport,300.0,transport:300s:Start driving,
P15,1130,1774801530000,1774801830000,1774801680000,2026-03-29 09:27:59,47.63907390836558,53.85375123975821,93.49181917724219,True,1.0001796668463334,1.0,0.01072961373390558,0.9517169038270015,467,ok,,transport,300.0,transport:300s:Start driving,
P15,1131,1774801560000,1774801860000,1774801710000,2026-03-29 09:28:29,45.10495093985101,51.939649425062385,92.85445218068519,True,1.0001796668463334,1.0,0.01079913606911447,0.9522828124284204,464,ok,,transport,300.0,transport:300s:Start driving,
P15,1132,1774801590000,1774801890000,1774801740000,2026-03-29 09:28:59,44.85828276075619,52.665469399043495,91.96313178296961,True,1.0001540001540001,1.0,0.008733624454148471,0.9516231056182427,459,ok,,transport,300.0,transport:300s:Start driving,
P15,1133,1774801620000,1774801920000,1774801770000,2026-03-29 09:29:29,46.900491787791346,54.5502426658979,91.34910583279098,True,1.0001796668463334,1.0,0.008791208791208791,0.9501380195157578,456,ok,,transport,300.0,transport:300s:Start driving,
P15,1134,1774801650000,1774801950000,1774801800000,2026-03-29 09:29:59,47.28729494383192,54.171476242152536,91.05020601057517,True,1.0001796668463334,1.0,0.011013215859030838,0.948026974768551,455,ok,,transport,300.0,transport:300s:Start driving,
P15,1135,1774801680000,1774801980000,1774801830000,2026-03-29 09:30:29,49.09095976331317,54.76135921254792,90.6724707746779,True,1.0001796668463334,1.0,0.004424778761061947,0.9491050335788213,453,ok,,transport,300.0,transport:300s:Start driving,
P15,1136,1774801710000,1774802010000,1774801860000,2026-03-29 09:30:59,47.16113139155966,49.36319390103985,89.66725043782837,True,1.0001796668463334,1.0,0.004464285714285714,0.9494425962313655,449,ok,,transport,300.0,transport:300s:Start driving,
P15,1137,1774801740000,1774802040000,1774801890000,2026-03-29 09:31:29,47.66984728047975,49.09099171234624,88.85834080169484,True,1.000205333538667,1.0,0.004514672686230248,0.9496786307869594,444,ok,,transport,300.0,transport:300s:Start driving,
P15,1138,1774801770000,1774802070000,1774801920000,2026-03-29 09:31:59,47.764340206932424,48.27576469022134,88.14102564102564,True,1.0001796668463334,1.0,0.0022727272727272726,0.9509918887174481,441,ok,,transport,300.0,transport:300s:Start driving,
P15,1139,1774801800000,1774802100000,1774801950000,2026-03-29 09:32:29,48.482076810462296,47.54544407539938,88.19797509783501,True,1.0001796668463334,1.0,0.006818181818181818,0.9446626590101604,441,ok,,transport,300.0,transport:300s:Start driving,
P15,1140,1774801830000,1774802130000,1774801980000,2026-03-29 09:32:59,48.47672574928005,48.22119657544798,88.15903889181202,True,1.0001796668463334,1.0,0.006818181818181818,0.9450585468013925,441,ok,,transport,300.0,transport:300s:Start driving,
P15,1141,1774801860000,1774802160000,1774802010000,2026-03-29 09:33:29,49.19402131598292,48.22791454282095,87.63674902435467,True,1.0001796668463334,1.0,0.00684931506849315,0.947501473163358,439,ok,,transport,300.0,transport:300s:Start driving,
P15,1142,1774801890000,1774802190000,1774802040000,2026-03-29 09:33:59,51.04423558010449,51.75157756997257,88.21214388616578,True,1.000205333538667,1.0,0.009070294784580499,0.946629686867466,442,ok,,transport,300.0,transport:300s:Start driving,
P15,1143,1774801920000,1774802220000,1774802070000,2026-03-29 09:34:29,49.491921552953194,51.06770767695867,88.04387519780691,True,1.000205333538667,1.0,0.011363636363636364,0.9468096081340649,441,ok,,transport,300.0,transport:300s:Start driving,
P15,1144,1774801950000,1774802250000,1774802100000,2026-03-29 09:34:59,49.95973550807712,51.04960734500078,88.22143785247503,True,1.000205333538667,1.0,0.018140589569160998,0.9464781526437749,442,ok,,transport,300.0,transport:300s:Start driving,
P15,1145,1774801980000,1774802280000,1774802130000,2026-03-29 09:35:29,49.793994786630684,51.006010974394435,87.9341581997145,True,1.0001796668463334,1.0,0.02050113895216401,0.9441178708054613,440,ok,,transport,300.0,transport:300s:Start driving,
P15,1146,1774802010000,1774802310000,1774802160000,2026-03-29 09:35:59,52.14938187005192,51.98127212201386,87.66186003829914,True,1.0001796668463334,1.0,0.0182648401826484,0.9443623368467557,439,ok,,transport,300.0,transport:300s:Start driving,
P15,1147,1774802040000,1774802340000,1774802190000,2026-03-29 09:36:29,50.50001583327387,51.16901642132202,88.24265454066935,True,1.0001796668463334,1.0,0.02050113895216401,0.9411771598362836,440,ok,,transport,300.0,transport:300s:Start driving,
P15,1148,1774802070000,1774802370000,1774802220000,2026-03-29 09:36:59,50.35521150653446,52.712422461478845,88.28967286336817,True,1.000205333538667,1.0,0.02040816326530612,0.9408976789968082,442,ok,,transport,300.0,transport:300s:Start driving,
P15,1149,1774802100000,1774802400000,1774802250000,2026-03-29 09:37:29,52.17061929424289,54.37821289630147,88.31871275162533,True,1.000205333538667,1.0,0.01818181818181818,0.9467786612856685,441,ok,,transport,300.0,transport:300s:Start driving,
P15,1150,1774802130000,1774802430000,1774802280000,2026-03-29 09:37:59,53.346512207818435,54.854833130881566,87.76877513686674,True,1.000205333538667,1.0,0.013729977116704805,0.9448132636502004,438,ok,,transport,300.0,transport:300s:Start driving,
P15,1151,1774802160000,1774802460000,1774802310000,2026-03-29 09:38:29,53.55699190675838,56.51549959665901,87.6606273479691,True,1.000205333538667,1.0,0.016055045871559634,0.9436185762462077,437,ok,,transport,300.0,transport:300s:Start driving,
P15,1152,1774802190000,1774802490000,1774802340000,2026-03-29 09:38:59,51.23412214792537,53.74358703545968,86.87853258962271,True,1.000205333538667,1.0,0.013856812933025405,0.9461425692679291,434,ok,,transport,300.0,transport:300s:Start driving,
P15,1153,1774802220000,1774802520000,1774802370000,2026-03-29 09:39:29,51.87357171686336,55.44931245387354,86.3945350433647,True,1.000205333538667,1.0,0.009302325581395349,0.9486043100102688,431,ok,,transport,300.0,transport:300s:Start driving,
P15,1154,1774802250000,1774802550000,1774802400000,2026-03-29 09:39:59,53.53259152860143,55.28829194626144,85.64833415414702,True,1.000205333538667,1.0,0.007009345794392523,0.9462483838835689,429,ok,,transport,300.0,transport:300s:Start driving,
P15,1155,1774802280000,1774802580000,1774802430000,2026-03-29 09:40:29,52.21971636705611,55.8684591759791,85.9920775953338,True,1.000205333538667,1.0,0.009324009324009324,0.9444390788757877,430,ok,,transport,300.0,transport:300s:Start driving,
P15,1156,1774802310000,1774802610000,1774802460000,2026-03-29 09:40:59,52.64908927621548,58.30217204945742,86.0742612597751,True,1.000205333538667,1.0,0.006993006993006993,0.9443039691888878,430,ok,,transport,300.0,transport:300s:Start driving,
P15,1157,1774802340000,1774802640000,1774802490000,2026-03-29 09:41:29,52.97131714369384,60.2131074166391,86.13974736946224,True,1.000205333538667,1.0,0.004651162790697674,0.9475717903119907,431,ok,,transport,300.0,transport:300s:Start driving,
P15,1158,1774802370000,1774802670000,1774802520000,2026-03-29 09:41:59,51.73987431739642,60.12259951479372,86.0999332384301,True,1.000205333538667,1.0,0.009302325581395349,0.9459352729155748,431,ok,,transport,300.0,transport:300s:Start driving,
P15,1159,1774802400000,1774802700000,1774802550000,2026-03-29 09:42:29,51.14219908079795,60.92697597349895,85.88732167818357,True,1.000205333538667,1.0,0.004672897196261682,0.9454254935193399,429,ok,,transport,300.0,transport:300s:Start driving,
P15,1160,1774802430000,1774802730000,1774802580000,2026-03-29 09:42:59,51.68532232366577,62.651800814046375,86.26360933494121,True,1.000205333538667,1.0,0.004662004662004662,0.9461898412957087,430,ok,,transport,300.0,transport:300s:Start driving,
P15,1161,1774802460000,1774802760000,1774802610000,2026-03-29 09:43:29,55.35667062768642,62.815301753704404,86.42342069074195,True,1.000205333538667,1.0,0.009259259259259259,0.9416996348819502,433,ok,,transport,300.0,transport:300s:Start driving,
P15,1162,1774802490000,1774802790000,1774802640000,2026-03-29 09:43:59,55.43596587314477,63.14302303705823,86.0766368569854,True,1.000205333538667,1.0,0.013953488372093023,0.9409819768610831,431,ok,,transport,300.0,transport:300s:Start driving,
P15,1163,1774802520000,1774802820000,1774802670000,2026-03-29 09:44:29,53.82912961486427,65.49825151691385,87.23652727589005,True,1.000205333538667,1.0,0.016091954022988506,0.9388439121931922,436,ok,,transport,300.0,transport:300s:Start driving,
P15,1164,1774802550000,1774802850000,1774802700000,2026-03-29 09:44:59,53.78955714600892,65.31718801591268,87.19409399646915,True,1.000205333538667,1.0,0.020689655172413793,0.9358051925086593,436,ok,,transport,300.0,rest_sitting:2s:start playing with my dogs -> end playing with the dogs | transport:300s:Start driving,
P15,1165,1774802580000,1774802880000,1774802730000,2026-03-29 09:45:29,54.25403803882977,67.26334361226118,86.62844300545345,True,1.0002310002310002,1.0,0.016166281755196306,0.9415305442722557,434,ok,,transport,300.0,rest_sitting:32s:start playing with my dogs -> end playing with the dogs | transport:300s:Start driving,
P15,1166,1774802610000,1774802910000,1774802760000,2026-03-29 09:45:59,54.40797758479045,71.17404146529164,86.8505469759325,True,1.0002310002310002,1.0,0.018433179723502304,0.9386483643312178,435,ok,,transport,300.0,rest_sitting:62s:start playing with my dogs -> end playing with the dogs | transport:300s:Start driving,
P15,1167,1774802640000,1774802940000,1774802790000,2026-03-29 09:46:29,52.26767670619192,68.88711603537136,86.84376924556503,True,1.0002310002310002,1.0,0.013824884792626729,0.9403329408747649,435,ok,,transport,300.0,rest_sitting:92s:start playing with my dogs -> end playing with the dogs | transport:300s:Start driving,
P15,1168,1774802670000,1774802970000,1774802820000,2026-03-29 09:46:59,52.927409387274786,67.88410103543049,87.32166393112598,True,1.0002310002310002,1.0,0.016091954022988506,0.9348410415777911,436,ok,,transport,300.0,rest_sitting:122s:start playing with my dogs -> end playing with the dogs | transport:300s:Start driving,
P15,1169,1774802700000,1774803000000,1774802850000,2026-03-29 09:47:29,52.226474905539995,67.04942478796802,87.39162070789608,True,1.0002310002310002,1.0,0.016055045871559634,0.9340738780016429,437,ok,,transport,300.0,rest_sitting:152s:start playing with my dogs -> end playing with the dogs | transport:300s:Start driving,
P15,1170,1774802730000,1774803030000,1774802880000,2026-03-29 09:47:59,54.131985237451026,66.80730469093007,87.34485630914939,True,1.0002310002310002,1.0,0.016018306636155607,0.9329783817513048,438,ok,,transport,300.0,rest_sitting:182s:start playing with my dogs -> end playing with the dogs | transport:300s:Start driving,
P15,1171,1774802760000,1774803060000,1774802910000,2026-03-29 09:48:29,54.799082878757204,66.32761612161177,87.42257789755611,True,1.000205333538667,1.0,0.013761467889908258,0.9340873830530532,437,ok,,transport,300.0,rest_sitting:212s:start playing with my dogs -> end playing with the dogs | transport:300s:Start driving,
P15,1172,1774802790000,1774803090000,1774802940000,2026-03-29 09:48:59,52.46634100906776,65.29044489665647,87.73303461367296,True,1.000205333538667,1.0,0.006864988558352402,0.9376850586197923,438,ok,,transport,300.0,rest_sitting:242s:start playing with my dogs -> end playing with the dogs | transport:300s:Start driving,
P15,1173,1774802820000,1774803120000,1774802970000,2026-03-29 09:49:29,51.24468090461844,62.50146678284372,87.24524154937365,True,1.000205333538667,1.0,0.002304147465437788,0.938862633982162,435,ok,,transport,300.0,rest_sitting:272s:start playing with my dogs -> end playing with the dogs | transport:300s:Start driving,
P15,1174,1774802850000,1774803150000,1774803000000,2026-03-29 09:49:59,52.06433354597182,62.77114937553695,87.65610392743577,True,1.000205333538667,1.0,0.0045871559633027525,0.9387558490560044,437,ok,,rest_sitting,300.0,rest_sitting:300s:start playing with my dogs -> end playing with the dogs | transport:300s:Start driving,
P15,1175,1774802880000,1774803180000,1774803030000,2026-03-29 09:50:29,51.26697291059347,60.42064169774107,88.19526176480929,True,1.000205333538667,1.0,0.00683371298405467,0.9362397884887274,440,ok,,rest_sitting,300.0,rest_sitting:300s:start playing with my dogs -> end playing with the dogs | transport:300s:Start driving,
P15,1176,1774802910000,1774803210000,1774803060000,2026-03-29 09:50:59,49.91587026496072,56.16509718563775,88.81610344463813,True,1.000205333538667,1.0,0.00904977375565611,0.9371733199551939,443,ok,,rest_sitting,300.0,rest_sitting:300s:start playing with my dogs -> end playing with the dogs | transport:300s:Start driving,
P15,1177,1774802940000,1774803240000,1774803090000,2026-03-29 09:51:29,53.16016222116342,57.301998669884725,88.51634534786253,True,1.0001796668463334,1.0,0.006818181818181818,0.9364430955245132,441,ok,,rest_sitting,300.0,rest_sitting:300s:start playing with my dogs -> end playing with the dogs | transport:300s:Start driving,
P15,1178,1774802970000,1774803270000,1774803120000,2026-03-29 09:51:59,50.58285282583417,57.785288114665555,87.73837767657265,True,1.0001796668463334,1.0,0.006864988558352402,0.9407933015209684,438,ok,,rest_sitting,300.0,rest_sitting:300s:start playing with my dogs -> end playing with the dogs | transport:300s:Start driving,
P15,1179,1774803000000,1774803300000,1774803150000,2026-03-29 09:52:29,49.907075347336985,58.18775898862438,87.68365662919545,True,1.0001796668463334,1.0,0.006864988558352402,0.9453995814466319,438,ok,,rest_sitting,300.0,rest_sitting:300s:start playing with my dogs -> end playing with the dogs | transport:300s:Start driving,
P15,1180,1774803030000,1774803330000,1774803180000,2026-03-29 09:52:59,46.899680906424344,59.029444263052035,87.16561466786895,True,1.000205333538667,1.0,0.006896551724137931,0.9453010172008671,436,ok,,rest_sitting,300.0,rest_sitting:300s:start playing with my dogs -> end playing with the dogs | transport:300s:Start driving,
P15,1181,1774803060000,1774803360000,1774803210000,2026-03-29 09:53:29,45.633409317922016,58.267762852734364,87.41314237883371,True,1.0001796668463334,1.0,0.0045871559633027525,0.9483026450320345,437,ok,,rest_sitting,300.0,rest_sitting:300s:start playing with my dogs -> end playing with the dogs | transport:300s:Start driving,
P15,1182,1774803090000,1774803390000,1774803240000,2026-03-29 09:53:59,48.48197322831033,59.23212539891901,87.34954375760334,True,1.0001796668463334,1.0,0.004597701149425287,0.9455465892383688,436,ok,,rest_sitting,300.0,rest_sitting:300s:start playing with my dogs -> end playing with the dogs | transport:300s:Start driving,
P15,1183,1774803120000,1774803420000,1774803270000,2026-03-29 09:54:29,50.09892287996538,59.47211608618473,87.33580617474188,True,1.0001796668463334,1.0,0.004597701149425287,0.9450187147592282,436,ok,,rest_sitting,300.0,rest_sitting:300s:start playing with my dogs -> end playing with the dogs | transport:300s:Start driving,
P15,1184,1774803150000,1774803450000,1774803300000,2026-03-29 09:54:59,47.25393456419513,57.910634434378224,87.1915307291684,True,1.0001796668463334,1.0,0.004597701149425287,0.9452158181115988,436,ok,,rest_sitting,300.0,rest_sitting:300s:start playing with my dogs -> end playing with the dogs | transport:300s:Start driving,
P15,1185,1774803180000,1774803480000,1774803330000,2026-03-29 09:55:29,47.9727505217986,57.83602698377426,87.2426800550197,True,1.0001540001540001,1.0,0.006896551724137931,0.9455118805397076,436,ok,,rest_sitting,300.0,rest_sitting:300s:start playing with my dogs -> end playing with the dogs | transport:300s:Start driving,
P15,1186,1774803210000,1774803510000,1774803360000,2026-03-29 09:55:59,53.58465916355556,56.51887603819964,86.54256431708848,True,1.0001796668463334,1.0,0.002320185614849188,0.9457111997366155,432,ok,,rest_sitting,300.0,rest_sitting:300s:start playing with my dogs -> end playing with the dogs | transport:300s:Start driving,
P15,1187,1774803240000,1774803540000,1774803390000,2026-03-29 09:56:29,56.007148644621246,57.50008318773283,86.26180457689087,True,1.0001796668463334,1.0,0.002325581395348837,0.9355267902407463,431,ok,,rest_sitting,300.0,rest_sitting:300s:start playing with my dogs -> end playing with the dogs | transport:300s:Start driving,
P15,1188,1774803270000,1774803570000,1774803420000,2026-03-29 09:56:59,52.55146978671659,56.314810849418414,86.45995626851399,True,1.0001540001540001,1.0,0.002320185614849188,0.9449107518103292,432,ok,,rest_sitting,300.0,rest_sitting:300s:start playing with my dogs -> end playing with the dogs | transport:300s:Start driving,
P15,1189,1774803300000,1774803600000,1774803450000,2026-03-29 09:57:29,54.36955265416438,57.512778908387546,86.44449384342047,True,1.0001540001540001,1.0,0.004640371229698376,0.9434200943961729,432,ok,,rest_sitting,300.0,rest_sitting:300s:start playing with my dogs -> end playing with the dogs | transport:300s:Start driving,
P15,1190,1774803330000,1774803630000,1774803480000,2026-03-29 09:57:59,54.45228010206816,56.90692490962991,87.1090920951175,True,1.0001796668463334,1.0,0.0069124423963133645,0.943748987170988,435,ok,,rest_sitting,300.0,rest_sitting:300s:start playing with my dogs -> end playing with the dogs | transport:300s:Start driving,
P15,1191,1774803360000,1774803660000,1774803510000,2026-03-29 09:58:29,56.25164611396877,56.75158307568715,87.1268709776177,True,1.0001796668463334,1.0,0.009216589861751152,0.939384475749496,435,ok,,rest_sitting,300.0,rest_sitting:300s:start playing with my dogs -> end playing with the dogs | transport:300s:Start driving,
P15,1192,1774803390000,1774803690000,1774803540000,2026-03-29 09:58:59,54.61677850465302,56.639352603967104,87.27550604878915,True,1.0001540001540001,1.0,0.009216589861751152,0.9424255450777799,435,ok,,rest_sitting,300.0,rest_sitting:300s:start playing with my dogs -> end playing with the dogs | transport:300s:Start driving,
P15,1193,1774803420000,1774803720000,1774803570000,2026-03-29 09:59:29,53.023102687457396,56.16270961623892,86.64347016144299,True,1.0001540001540001,1.0,0.009280742459396751,0.9460536604090789,432,ok,,rest_sitting,300.0,rest_sitting:300s:start playing with my dogs -> end playing with the dogs | transport:300s:Start driving,
P15,1194,1774803450000,1774803750000,1774803600000,2026-03-29 09:59:59,57.83279326423881,56.67276769373726,86.30327625391719,True,1.0001796668463334,1.0,0.01160092807424594,0.9303491898650631,432,ok,,rest_sitting,300.0,rest_sitting:300s:start playing with my dogs -> end playing with the dogs | transport:300s:Start driving,
P15,1195,1774803480000,1774803780000,1774803630000,2026-03-29 10:00:29,60.50490138273836,57.39244637508554,86.03447409417558,True,1.0001796668463334,1.0,0.009345794392523364,0.9415138192977414,429,ok,,rest_sitting,300.0,rest_sitting:300s:start playing with my dogs -> end playing with the dogs | transport:300s:Start driving,
P15,1196,1774803510000,1774803810000,1774803660000,2026-03-29 10:00:59,58.00391836293946,57.10848670801262,86.194512282718,True,1.0001796668463334,1.0,0.011627906976744186,0.9402295618686753,431,ok,,rest_sitting,300.0,rest_sitting:300s:start playing with my dogs -> end playing with the dogs | transport:300s:Start driving,
P15,1197,1774803540000,1774803840000,1774803690000,2026-03-29 10:01:29,59.199447565620005,57.00462277695816,86.25704599707127,True,1.0001540001540001,1.0,0.011627906976744186,0.9418683565343551,431,ok,,rest_sitting,300.0,rest_sitting:300s:start playing with my dogs -> end playing with the dogs | transport:300s:Start driving,
P15,1198,1774803570000,1774803870000,1774803720000,2026-03-29 10:01:59,59.859447778709864,56.775941921482925,86.42672611149916,True,1.0001796668463334,1.0,0.01160092807424594,0.9413909258929418,432,ok,,rest_sitting,300.0,rest_sitting:300s:start playing with my dogs -> end playing with the dogs | transport:300s:Start driving,
P15,1199,1774803600000,1774803900000,1774803750000,2026-03-29 10:02:29,59.44249224015536,54.69270582902766,86.37981397943386,True,1.0001796668463334,1.0,0.01160092807424594,0.9394017249321479,432,ok,,rest_sitting,300.0,rest_sitting:300s:start playing with my dogs -> end playing with the dogs | transport:300s:Start driving,
P15,1200,1774803630000,1774803930000,1774803780000,2026-03-29 10:02:59,60.324279092407295,54.17336368105817,86.24565637791643,True,1.0001796668463334,1.0,0.011627906976744186,0.9415000291386314,431,ok,,rest_sitting,300.0,rest_sitting:300s:start playing with my dogs -> end playing with the dogs | transport:300s:Start driving,
P15,1201,1774803660000,1774803960000,1774803810000,2026-03-29 10:03:29,59.13701446798342,56.02499466403079,86.13005638514156,True,1.0001540001540001,1.0,0.0069767441860465115,0.9422835013979748,431,ok,,rest_sitting,300.0,rest_sitting:300s:start playing with my dogs -> end playing with the dogs | transport:300s:Start driving,
P15,1202,1774803690000,1774803990000,1774803840000,2026-03-29 10:03:59,58.311782287016165,56.37282310001783,86.50348305304443,True,1.0001796668463334,1.0,0.0069605568445475635,0.941968655251007,432,ok,,rest_sitting,300.0,rest_sitting:300s:start playing with my dogs -> end playing with the dogs | transport:300s:Start driving,
P15,1203,1774803720000,1774804020000,1774803870000,2026-03-29 10:04:29,60.83296232763579,57.00460684023111,86.89558983140985,True,1.0001796668463334,1.0,0.009237875288683603,0.939739611401711,434,ok,,rest_sitting,300.0,rest_sitting:300s:start playing with my dogs -> end playing with the dogs | transport:300s:Start driving,
P15,1204,1774803750000,1774804050000,1774803900000,2026-03-29 10:04:59,57.235866765905136,57.33994183486196,86.87713807044473,True,1.0001540001540001,1.0,0.006928406466512702,0.9420499274509548,434,ok,,rest_sitting,300.0,rest_sitting:300s:start playing with my dogs -> end playing with the dogs | transport:300s:Start driving,
P15,1205,1774803780000,1774804080000,1774803930000,2026-03-29 10:05:29,55.61687358982862,58.55885468518561,86.38630646761516,True,1.0001540001540001,1.0,0.004640371229698376,0.9420750316958689,432,ok,,rest_sitting,300.0,rest_sitting:300s:start playing with my dogs -> end playing with the dogs | transport:300s:Start driving,
P15,1206,1774803810000,1774804110000,1774803960000,2026-03-29 10:05:59,55.199029222467345,59.0792423806303,86.144578313253,True,1.0001283334616669,1.0,0.004662004662004662,0.9442784249980474,430,ok,,rest_sitting,300.0,rest_sitting:300s:start playing with my dogs -> end playing with the dogs | transport:300s:Start driving,
P15,1207,1774803840000,1774804140000,1774803990000,2026-03-29 10:06:29,52.01249512888908,57.89215501339599,86.09933870088341,True,1.0001540001540001,1.0,0.006993006993006993,0.9429183757881321,430,ok,,rest_sitting,300.0,rest_sitting:300s:start playing with my dogs -> end playing with the dogs | transport:300s:Start driving,
P15,1208,1774803870000,1774804170000,1774804020000,2026-03-29 10:06:59,51.358849240893605,58.41588140149618,86.50044487854481,True,1.0001540001540001,1.0,0.004640371229698376,0.9442264700915662,432,ok,,rest_sitting,300.0,rest_sitting:300s:start playing with my dogs -> end playing with the dogs | transport:300s:Start driving,
P15,1209,1774803900000,1774804200000,1774804050000,2026-03-29 10:07:29,51.9279239017165,58.54454414446035,86.67635310581906,True,1.0001283334616669,1.0,0.009259259259259259,0.9449031184358431,433,ok,,rest_sitting,300.0,rest_sitting:300s:start playing with my dogs -> end playing with the dogs | transport:300s:Start driving,
P15,1210,1774803930000,1774804230000,1774804080000,2026-03-29 10:07:59,49.69258745788813,58.34362958334582,86.40892892265533,True,1.0001283334616669,1.0,0.011574074074074073,0.938563918450632,433,ok,,rest_sitting,300.0,rest_sitting:300s:start playing with my dogs -> end playing with the dogs | transport:300s:Start driving,
P15,1211,1774803960000,1774804260000,1774804110000,2026-03-29 10:08:29,49.510906241249884,57.55875171186831,86.15018849527677,True,1.0001540001540001,1.0,0.011627906976744186,0.9382530414077169,431,ok,,rest_sitting,300.0,rest_sitting:300s:start playing with my dogs -> end playing with the dogs | transport:300s:Start driving,
P15,1212,1774803990000,1774804290000,1774804140000,2026-03-29 10:08:59,49.58144056828413,56.50654702931194,85.62848534172015,True,1.0001283334616669,1.0,0.00936768149882904,0.9407541346101918,428,ok,,rest_sitting,300.0,rest_sitting:300s:start playing with my dogs -> end playing with the dogs | transport:300s:Start driving,
P15,1213,1774804020000,1774804320000,1774804170000,2026-03-29 10:09:29,52.76356294609335,58.618852784316246,85.96304323867602,True,1.0001283334616669,1.0,0.006993006993006993,0.9394894223008549,430,ok,,rest_sitting,300.0,rest_sitting:300s:start playing with my dogs -> end playing with the dogs | transport:300s:Start driving,
P15,1214,1774804050000,1774804350000,1774804200000,2026-03-29 10:09:59,53.085818884770596,59.97244809060513,86.72444958515469,True,1.0001283334616669,1.0,0.006928406466512702,0.9378449805194153,434,ok,,transport,300.0,rest_sitting:293s:start playing with my dogs -> end playing with the dogs | transport:300s:Start driving,"I have a bad headache, it started when I woke up around 8am but I wasn't wearing the devices then"
P15,1215,1774804080000,1774804380000,1774804230000,2026-03-29 10:10:29,53.179996887603494,58.47970488262862,87.44426096897334,True,1.0001283334616669,1.0,0.011467889908256881,0.9379746619338272,437,ok,,transport,300.0,rest_sitting:263s:start playing with my dogs -> end playing with the dogs | transport:300s:Start driving,"I have a bad headache, it started when I woke up around 8am but I wasn't wearing the devices then"
P15,1216,1774804110000,1774804410000,1774804260000,2026-03-29 10:10:59,54.51272417311571,57.51009355995199,87.33361440703487,True,1.0001540001540001,1.0,0.011494252873563218,0.9373461922557074,436,ok,,transport,300.0,rest_sitting:233s:start playing with my dogs -> end playing with the dogs | transport:300s:Start driving,"I have a bad headache, it started when I woke up around 8am but I wasn't wearing the devices then"
P15,1217,1774804140000,1774804440000,1774804290000,2026-03-29 10:11:29,55.127156800042684,59.44507389093338,88.06781221540587,True,1.0001283334616669,1.0,0.011363636363636364,0.9358924509946432,441,ok,,transport,300.0,rest_sitting:203s:start playing with my dogs -> end playing with the dogs | transport:300s:Start driving,"I have a bad headache, it started when I woke up around 8am but I wasn't wearing the devices then"
P15,1218,1774804170000,1774804470000,1774804320000,2026-03-29 10:11:59,54.476275241798454,59.058826216988436,87.5912408759124,True,1.0001283334616669,1.0,0.009153318077803204,0.937732669027372,438,ok,,transport,300.0,rest_sitting:173s:start playing with my dogs -> end playing with the dogs | transport:300s:Start driving,"I have a bad headache, it started when I woke up around 8am but I wasn't wearing the devices then"
P15,1219,1774804200000,1774804500000,1774804350000,2026-03-29 10:12:29,53.07807770222571,59.85745912619169,87.08840777708846,True,1.0001283334616669,1.0,0.0069124423963133645,0.9366312720933093,435,ok,,transport,300.0,rest_sitting:143s:start playing with my dogs -> end playing with the dogs | transport:300s:Start driving,"I have a bad headache, it started when I woke up around 8am but I wasn't wearing the devices then"
P15,1220,1774804230000,1774804530000,1774804380000,2026-03-29 10:12:59,53.81800702538447,58.20616563191383,87.12051671478879,True,1.0001283334616669,1.0,0.013793103448275862,0.9386771086566891,436,ok,,transport,300.0,rest_sitting:113s:start playing with my dogs -> end playing with the dogs | transport:300s:Start driving,"I have a bad headache, it started when I woke up around 8am but I wasn't wearing the devices then"
P15,1221,1774804260000,1774804560000,1774804410000,2026-03-29 10:13:29,54.49369097114086,57.83174705398607,87.10865500088647,True,1.0001283334616669,1.0,0.009216589861751152,0.9391170117634496,435,ok,,transport,300.0,rest_sitting:83s:start playing with my dogs -> end playing with the dogs | transport:300s:Start driving,"I have a bad headache, it started when I woke up around 8am but I wasn't wearing the devices then"
P15,1222,1774804290000,1774804590000,1774804440000,2026-03-29 10:13:59,55.223342089380445,58.118324630196106,87.20128964359395,True,1.0001283334616669,1.0,0.006896551724137931,0.9386975370080289,436,ok,,transport,300.0,rest_sitting:53s:start playing with my dogs -> end playing with the dogs | transport:300s:Start driving,"I have a bad headache, it started when I woke up around 8am but I wasn't wearing the devices then"
P15,1223,1774804320000,1774804620000,1774804470000,2026-03-29 10:14:29,52.370046875525894,58.02136331895316,86.59758682727757,True,1.0001283334616669,1.0,0.006944444444444444,0.9371786632338428,433,ok,,transport,300.0,rest_sitting:23s:start playing with my dogs -> end playing with the dogs | transport:300s:Start driving,"I have a bad headache, it started when I woke up around 8am but I wasn't wearing the devices then"
P15,1224,1774804350000,1774804650000,1774804500000,2026-03-29 10:14:59,50.65682431583387,55.77555802872218,85.55356865573705,True,1.0001283334616669,1.0,0.00702576112412178,0.9409886320201012,428,ok,,transport,300.0,transport:300s:Start driving,
P15,1225,1774804380000,1774804680000,1774804530000,2026-03-29 10:15:29,52.06842491031882,56.16804618076639,85.2932666819414,True,1.0001283334616669,1.0,0.002352941176470588,0.938095126802649,426,ok,,transport,300.0,transport:300s:Start driving,
P15,1226,1774804410000,1774804710000,1774804560000,2026-03-29 10:15:59,52.79405911392984,56.641585166942235,84.93322133838426,True,1.0001283334616669,1.0,0.0070921985815602835,0.9399363591419252,424,ok,,transport,300.0,transport:300s:Start driving,
P15,1227,1774804440000,1774804740000,1774804590000,2026-03-29 10:16:29,48.62356626341027,49.98044803912602,84.19064459090178,True,1.0001283334616669,1.0,0.007159904534606206,0.940780596921222,420,ok,,transport,300.0,transport:300s:Start driving,
P15,1228,1774804470000,1774804770000,1774804620000,2026-03-29 10:16:59,50.62817392766014,54.4954998509233,84.64292519531054,True,1.0001283334616669,1.0,0.0071090047393364926,0.9411207847609957,423,ok,,transport,300.0,transport:300s:Start driving,
P15,1229,1774804500000,1774804800000,1774804650000,2026-03-29 10:17:29,52.535933313300205,55.08330843555161,85.1110921081092,True,1.0001283334616669,1.0,0.009456264775413711,0.9409621287732595,424,ok,,transport,300.0,transport:300s:Start driving,
P15,1230,1774804530000,1774804830000,1774804680000,2026-03-29 10:17:59,53.88747161591828,56.21776996963465,84.90068994355006,True,1.0001283334616669,1.0,0.009456264775413711,0.9398010133460472,424,ok,,transport,300.0,transport:300s:Start driving,
P15,1231,1774804560000,1774804860000,1774804710000,2026-03-29 10:18:29,52.92637737273304,57.106582107969196,84.75665855723328,True,1.0001283334616669,1.0,0.009456264775413711,0.9401991632099945,424,ok,,transport,300.0,transport:300s:Start driving,
P15,1232,1774804590000,1774804890000,1774804740000,2026-03-29 10:18:59,54.647820159728454,58.7918131812248,84.27262193194986,True,1.0001283334616669,1.0,0.011904761904761904,0.9406850797064796,421,ok,,transport,300.0,transport:300s:Start driving,
P15,1233,1774804620000,1774804920000,1774804770000,2026-03-29 10:19:29,55.104587042518446,58.61041330263248,84.19884961651098,True,1.0001283334616669,1.0,0.016666666666666666,0.9426767095098736,421,ok,,transport,300.0,transport:300s:Start driving,
P15,1234,1774804650000,1774804950000,1774804800000,2026-03-29 10:19:59,56.001124051112285,59.538964157318595,84.32055865716164,True,1.0001283334616669,1.0,0.016666666666666666,0.9393364040600534,421,ok,,transport,300.0,transport:300s:Start driving,
P15,1235,1774804680000,1774804980000,1774804830000,2026-03-29 10:20:29,57.44448936729992,61.65450743343358,84.39156084391561,True,1.0001283334616669,1.0,0.016587677725118485,0.9384433420531337,423,ok,,transport,300.0,transport:300s:Start driving,
P15,1236,1774804710000,1774805010000,1774804860000,2026-03-29 10:20:59,56.168215677382456,60.325599030824215,84.55782051046009,True,1.0001283334616669,1.0,0.011876484560570071,0.9398350343652129,422,ok,,transport,300.0,transport:300s:Start driving,
P15,1237,1774804740000,1774805040000,1774804890000,2026-03-29 10:21:29,56.909797569332675,60.329663504039665,84.41702409986013,True,1.0001283334616669,1.0,0.011848341232227487,0.9394141716592926,423,ok,,transport,300.0,transport:300s:Start driving,
P15,1238,1774804770000,1774805070000,1774804920000,2026-03-29 10:21:59,56.069345734549806,56.94989468187391,84.01283250902286,True,1.0001026667693333,1.0,0.014319809069212411,0.9387554732914639,420,ok,,transport,300.0,transport:300s:Start driving,
P15,1239,1774804800000,1774805100000,1774804950000,2026-03-29 10:22:29,56.15942190102883,57.82935175418777,84.23248164935221,True,1.0001283334616669,1.0,0.014285714285714285,0.9384279263071256,421,ok,,transport,300.0,transport:300s:Start driving,
P15,1240,1774804830000,1774805130000,1774804980000,2026-03-29 10:22:59,58.646217779644424,61.892949555145364,84.93722796689059,True,1.0001026667693333,1.0,0.014218009478672985,0.9404189185289544,423,ok,,transport,300.0,transport:300s:Start driving,
P15,1241,1774804860000,1774805160000,1774805010000,2026-03-29 10:23:29,56.927389252088695,61.49556246802503,85.5212749227933,True,1.0001283334616669,1.0,0.01643192488262911,0.9389978969123375,427,ok,,transport,300.0,transport:300s:Start driving,
P15,1242,1774804890000,1774805190000,1774805040000,2026-03-29 10:23:59,54.79364233278565,59.502856525361246,86.2664194587618,True,1.0001026667693333,1.0,0.01627906976744186,0.9393726946724252,431,ok,,transport,300.0,transport:300s:Start driving,
P15,1243,1774804920000,1774805220000,1774805070000,2026-03-29 10:24:29,56.936972235441615,63.50139289353006,87.62988239147363,True,1.0001026667693333,1.0,0.011441647597254004,0.9387554345831011,438,ok,,transport,300.0,transport:300s:Start driving,
P15,1244,1774804950000,1774805250000,1774805100000,2026-03-29 10:24:59,57.29288636798888,62.810648302260475,87.82380432802925,True,1.0001026667693333,1.0,0.01141552511415525,0.9394300960228313,439,ok,,transport,300.0,transport:300s:Start driving,
P15,1245,1774804980000,1774805280000,1774805130000,2026-03-29 10:25:29,57.96050974288591,64.56351589831813,87.3756250062626,True,1.0001026667693333,1.0,0.009174311926605505,0.9388226860276464,437,ok,,transport,300.0,transport:300s:Start driving,
P15,1246,1774805010000,1774805310000,1774805160000,2026-03-29 10:25:59,56.06420560496219,64.59229718497085,87.24904173479507,True,1.0001283334616669,1.0,0.009216589861751152,0.9425841380418972,435,ok,,transport,300.0,transport:300s:Start driving,
P15,1247,1774805040000,1774805340000,1774805190000,2026-03-29 10:26:29,56.94549803578663,65.09540364998654,87.30600755648547,True,1.0001026667693333,1.0,0.009195402298850575,0.9419790426212554,436,ok,,transport,300.0,transport:300s:Start driving,
P15,1248,1774805070000,1774805370000,1774805220000,2026-03-29 10:26:59,58.624032070974614,66.30165807028236,87.15778269797518,True,1.0001283334616669,1.0,0.0069124423963133645,0.9403847448912002,435,ok,,transport,300.0,transport:300s:Start driving,
P15,1249,1774805100000,1774805400000,1774805250000,2026-03-29 10:27:29,57.85348272112028,66.8924963442616,86.66225238462962,True,1.0001283334616669,1.0,0.006928406466512702,0.9365812568208678,434,ok,,transport,300.0,transport:300s:Start driving,
P15,1250,1774805130000,1774805430000,1774805280000,2026-03-29 10:27:59,55.41566809482919,65.4049208080534,86.16385493079339,True,1.0001283334616669,1.0,0.004651162790697674,0.940260386339533,431,ok,,transport,300.0,transport:300s:Start driving,
P15,1696,1774818510000,1774818810000,1774818660000,2026-03-29 14:10:59,52.491188935122196,77.76304047599325,82.61162344205073,True,1.0,1.0,0.012135922330097087,0.9013027764489661,413,ok,,transport,300.0,social_entertainment:67s:start watching tv -> end watching tv | transport:300s:Start driving,
P15,1697,1774818540000,1774818840000,1774818690000,2026-03-29 14:11:29,51.282042022675746,74.11811893234015,81.33884543563612,True,1.0000256666923333,1.0,0.009852216748768473,0.9078973831443768,407,ok,,transport,300.0,social_entertainment:97s:start watching tv -> end watching tv | transport:300s:Start driving,
P15,1698,1774818570000,1774818870000,1774818720000,2026-03-29 14:11:59,53.31962525561668,67.56379156719788,80.15451119245463,True,1.0000256666923333,1.0,0.0075,0.9060979605752937,401,ok,,transport,300.0,social_entertainment:127s:start watching tv -> end watching tv | transport:300s:Start driving,
P15,1699,1774818600000,1774818900000,1774818750000,2026-03-29 14:12:29,55.2303947599244,51.718097475559304,78.7042707234267,True,1.0000513333846668,1.0,0.007653061224489796,0.9108316784246544,393,ok,,transport,300.0,social_entertainment:157s:start watching tv -> end watching tv | transport:300s:Start driving,
P15,1700,1774818630000,1774818930000,1774818780000,2026-03-29 14:12:59,58.83152038582635,53.54121983450794,78.80678900151334,True,1.000077000077,1.0,0.01272264631043257,0.9144980748395359,394,ok,,transport,300.0,social_entertainment:187s:start watching tv -> end watching tv | transport:300s:Start driving,
P15,1701,1774818660000,1774818960000,1774818810000,2026-03-29 14:13:29,59.54989936227084,55.419958058080844,79.02284442126798,True,1.000077000077,1.0,0.01015228426395939,0.913341390343569,395,ok,,transport,300.0,social_entertainment:217s:start watching tv -> end watching tv | transport:300s:Start driving,
P15,1702,1774818690000,1774818990000,1774818840000,2026-03-29 14:13:59,58.25631559738593,55.77825374939693,78.79927595692455,True,1.0001026667693333,1.0,0.00510204081632653,0.9225059392744335,393,ok,,transport,300.0,social_entertainment:247s:start watching tv -> end watching tv | transport:300s:Start driving,
P15,1703,1774818720000,1774819020000,1774818870000,2026-03-29 14:14:29,52.85211429244923,54.775294828358135,80.10426269112178,True,1.0001026667693333,1.0,0.002506265664160401,0.9305156569478383,400,ok,,transport,300.0,social_entertainment:277s:start watching tv -> end watching tv | transport:300s:Start driving,
P15,1704,1774818750000,1774819050000,1774818900000,2026-03-29 14:14:59,55.218982217031005,63.948040769497936,81.78130912239206,True,1.0001026667693333,1.0,0.007352941176470588,0.9370399646620651,409,ok,,social_entertainment,300.0,social_entertainment:300s:start watching tv -> end watching tv | transport:300s:Start driving,
P15,1705,1774818780000,1774819080000,1774818930000,2026-03-29 14:15:29,56.37568519900575,76.94082494956938,84.15208939674015,True,1.0001283334616669,1.0,0.007125890736342043,0.9373176257613607,422,ok,,social_entertainment,300.0,social_entertainment:300s:start watching tv -> end watching tv | transport:300s:Start driving,
P15,1706,1774818810000,1774819110000,1774818960000,2026-03-29 14:15:59,58.78958556398643,88.87435441222296,87.04378060070174,True,1.0001540001540001,1.0,0.004608294930875576,0.93981183901129,435,ok,,social_entertainment,300.0,social_entertainment:300s:start watching tv -> end watching tv | transport:300s:Start driving,
P15,1707,1774818840000,1774819140000,1774818990000,2026-03-29 14:16:29,62.78765242056248,90.36663177355183,88.92841261333963,True,1.0001283334616669,1.0,0.006756756756756757,0.9347077510643714,445,ok,,social_entertainment,300.0,social_entertainment:300s:start watching tv -> end watching tv | transport:300s:Start driving,
P15,1708,1774818870000,1774819170000,1774819020000,2026-03-29 14:16:59,61.50980877192651,87.68909314211004,90.27724721650803,True,1.0001540001540001,1.0,0.0066518847006651885,0.9310838747173307,452,ok,,social_entertainment,300.0,social_entertainment:300s:start watching tv -> end watching tv | transport:300s:Start driving,
P15,1709,1774818900000,1774819200000,1774819050000,2026-03-29 14:17:29,63.783437557731716,86.26676735482306,90.8666025972308,True,1.0001283334616669,1.0,0.006622516556291391,0.9281376749653041,454,ok,,social_entertainment,300.0,social_entertainment:300s:start watching tv -> end watching tv | transport:300s:Start driving,
P15,1710,1774818930000,1774819230000,1774819080000,2026-03-29 14:17:59,64.54230106541814,84.86740629076208,91.19457878841293,True,1.0001283334616669,1.0,0.006593406593406593,0.9226609351957226,456,ok,,social_entertainment,300.0,social_entertainment:300s:start watching tv -> end watching tv | transport:300s:Start driving,
P15,1711,1774818960000,1774819260000,1774819110000,2026-03-29 14:18:29,63.893628532255626,84.26088087934212,91.17536061024036,True,1.0001283334616669,1.0,0.008791208791208791,0.9216267940908046,456,ok,,social_entertainment,300.0,social_entertainment:300s:start watching tv -> end watching tv | transport:300s:Start driving,
P15,1712,1774818990000,1774819290000,1774819140000,2026-03-29 14:18:59,64.93250277434225,78.68234446857107,91.7119803429258,True,1.0001283334616669,1.0,0.010917030567685589,0.9139709796239196,459,ok,,social_entertainment,300.0,social_entertainment:300s:start watching tv -> end watching tv | transport:300s:Start driving,
P15,1713,1774819020000,1774819320000,1774819170000,2026-03-29 14:19:29,65.54829574737185,81.27600343388112,91.46341463414635,True,1.0001026667693333,1.0,0.008771929824561403,0.9121702383546941,457,ok,,social_entertainment,300.0,social_entertainment:300s:start watching tv -> end watching tv | transport:300s:Start driving,
P15,1714,1774819050000,1774819350000,1774819200000,2026-03-29 14:19:59,65.7972576141276,86.99620089656976,89.77051281528186,True,1.0001026667693333,1.0,0.006711409395973154,0.9049358936340677,448,ok,,social_entertainment,300.0,social_entertainment:300s:start watching tv -> end watching tv | transport:300s:Start driving,
P15,1715,1774819080000,1774819380000,1774819230000,2026-03-29 14:20:29,64.42693482383581,86.40386522623005,87.39386873213746,True,1.0001026667693333,1.0,0.006880733944954129,0.9038555979479764,437,ok,,social_entertainment,300.0,social_entertainment:300s:start watching tv -> end watching tv | transport:300s:Start driving,
P15,1716,1774819110000,1774819410000,1774819260000,2026-03-29 14:20:59,64.24925138535757,78.7413188790725,84.48838702772129,True,1.000077000077,1.0,0.011876484560570071,0.8969410852824794,422,ok,,social_entertainment,300.0,social_entertainment:300s:start watching tv -> end watching tv | transport:300s:Start driving,
P15,1717,1774819140000,1774819440000,1774819290000,2026-03-29 14:21:29,63.39922218683463,70.64195003646564,82.4969614555519,True,1.000077000077,1.0,0.007281553398058253,0.9024827315121979,413,ok,,social_entertainment,300.0,social_entertainment:300s:start watching tv -> end watching tv | transport:300s:Start driving,
P15,1718,1774819170000,1774819470000,1774819320000,2026-03-29 14:21:59,64.04216678812027,68.34725442248208,82.1382453343936,True,1.0000513333846668,1.0,0.007334963325183374,0.9057392462158371,410,ok,,social_entertainment,300.0,social_entertainment:300s:start watching tv -> end watching tv | transport:300s:Start driving,
P15,1719,1774819200000,1774819500000,1774819350000,2026-03-29 14:22:29,62.5617305802374,73.82797238112484,82.9751583221504,True,1.000077000077,1.0,0.007263922518159807,0.9052080351189029,414,ok,,social_entertainment,300.0,social_entertainment:300s:start watching tv -> end watching tv | transport:300s:Start driving,
P15,1720,1774819230000,1774819530000,1774819380000,2026-03-29 14:22:59,61.89137287091775,77.37621342844267,83.99846065685435,True,1.0000513333846668,1.0,0.009569377990430622,0.902526393457722,419,ok,,social_entertainment,300.0,social_entertainment:300s:start watching tv -> end watching tv | transport:300s:Start driving,
P15,1721,1774819260000,1774819560000,1774819410000,2026-03-29 14:23:29,63.8267719285943,78.20914992578486,83.9476638587474,True,1.0000513333846668,1.0,0.007159904534606206,0.9046723768330124,420,ok,,social_entertainment,300.0,social_entertainment:300s:start watching tv -> end watching tv | transport:300s:Start driving,
P15,1722,1774819290000,1774819590000,1774819440000,2026-03-29 14:23:59,65.54056682579728,78.81920323054688,83.97298427927792,True,1.0000256666923333,1.0,0.00954653937947494,0.912998309468831,420,ok,,social_entertainment,300.0,social_entertainment:300s:start watching tv -> end watching tv | transport:300s:Start driving,
P15,1723,1774819320000,1774819620000,1774819470000,2026-03-29 14:24:29,66.94831648909498,82.84892519541327,83.13956966156037,True,1.0000256666923333,1.0,0.012077294685990338,0.9032424421064161,415,ok,,social_entertainment,300.0,social_entertainment:300s:start watching tv -> end watching tv | transport:300s:Start driving,
P15,1724,1774819350000,1774819650000,1774819500000,2026-03-29 14:24:59,66.64427579906611,85.62716939953621,82.9872191122892,True,1.0000256666923333,1.0,0.00966183574879227,0.9042630812463668,415,ok,,social_entertainment,300.0,social_entertainment:300s:start watching tv -> end watching tv | transport:300s:Start driving,
P15,1725,1774819380000,1774819680000,1774819530000,2026-03-29 14:25:29,68.28084357641728,89.96385863053163,82.53499966718837,True,1.0,1.0,0.012135922330097087,0.9012436261235821,413,ok,,social_entertainment,300.0,social_entertainment:300s:start watching tv -> end watching tv | transport:300s:Start driving,
P15,1726,1774819410000,1774819710000,1774819560000,2026-03-29 14:25:59,69.06436307915497,89.77031514309321,82.51252990538588,True,1.0,1.0,0.009732360097323601,0.90119358691839,412,ok,,social_entertainment,300.0,social_entertainment:300s:start watching tv -> end watching tv | transport:300s:Start driving,
P15,1727,1774819440000,1774819740000,1774819590000,2026-03-29 14:26:29,67.14416668250942,87.05667776610571,82.90095807097133,True,1.0000256666923333,1.0,0.012106537530266344,0.9029494372028875,414,ok,,social_entertainment,300.0,social_entertainment:300s:start watching tv -> end watching tv | transport:300s:Start driving,
P15,1728,1774819470000,1774819770000,1774819620000,2026-03-29 14:26:59,69.06543861279046,86.28644611902845,82.75983975632043,True,1.0000256666923333,1.0,0.012135922330097087,0.9017190246809124,413,ok,,social_entertainment,300.0,social_entertainment:300s:start watching tv -> end watching tv | transport:300s:Start driving,
P15,1729,1774819500000,1774819800000,1774819650000,2026-03-29 14:27:29,71.69192067749603,81.39024897652638,81.94764923058136,True,1.0000256666923333,1.0,0.012254901960784314,0.9095288994994868,409,ok,,social_entertainment,300.0,social_entertainment:300s:start watching tv -> end watching tv | transport:300s:Start driving,
P15,1730,1774819530000,1774819830000,1774819680000,2026-03-29 14:27:59,73.95208073206828,84.74437909193064,82.21620582591116,True,1.0,1.0,0.007334963325183374,0.9151809035645784,410,ok,,social_entertainment,300.0,social_entertainment:300s:start watching tv -> end watching tv | transport:300s:Start driving,
P15,1731,1774819560000,1774819860000,1774819710000,2026-03-29 14:28:29,71.71942962893712,92.2684286244497,83.97326114579305,True,1.0,1.0,0.009569377990430622,0.9147066973946796,419,ok,,social_entertainment,300.0,social_entertainment:300s:start watching tv -> end watching tv | transport:300s:Start driving,
P15,1732,1774819590000,1774819890000,1774819740000,2026-03-29 14:28:59,68.61610661152714,90.61061361965795,84.61923189499109,True,1.0,1.0,0.011876484560570071,0.9051586494374215,422,ok,,social_entertainment,300.0,social_entertainment:300s:start watching tv -> end watching tv | transport:300s:Start driving,
P15,1733,1774819620000,1774819920000,1774819770000,2026-03-29 14:29:29,69.88128968935743,85.98601795410093,86.14221431743226,True,1.0,1.0,0.011655011655011656,0.9171435041130465,430,ok,,social_entertainment,300.0,social_entertainment:300s:start watching tv -> end watching tv | transport:300s:Start driving,
P15,1734,1774819650000,1774819950000,1774819800000,2026-03-29 14:29:59,71.98944398437287,81.46018907598898,87.10107939778501,True,1.0,1.0,0.013824884792626729,0.9120465365803032,435,ok,,social_entertainment,300.0,social_entertainment:300s:start watching tv -> end watching tv | transport:300s:Start driving,
P15,1735,1774819680000,1774819980000,1774819830000,2026-03-29 14:30:29,65.76599337047526,73.51369897573657,87.79505133905828,True,1.0,1.0,0.0136986301369863,0.9108122620135524,439,ok,,social_entertainment,300.0,social_entertainment:300s:start watching tv -> end watching tv | transport:300s:Start driving,
P15,1736,1774819710000,1774820010000,1774819860000,2026-03-29 14:30:59,64.81437353761692,67.38055178769021,88.9323698959498,True,1.0,1.0,0.01580135440180587,0.9207578999290615,444,ok,,social_entertainment,300.0,social_entertainment:300s:start watching tv -> end watching tv | transport:300s:Start driving,
P15,1737,1774819740000,1774820040000,1774819890000,2026-03-29 14:31:29,66.72308525831765,66.80258824368207,89.14233631457778,True,1.0,1.0,0.01126126126126126,0.9151670278754296,445,ok,,social_entertainment,300.0,social_entertainment:300s:start watching tv -> end watching tv | transport:300s:Start driving,
P15,1739,1774819800000,1774820100000,1774819950000,2026-03-29 14:32:29,61.420580317227085,66.77758626642598,88.40335505572281,True,1.0,1.0,0.00909090909090909,0.9152180737706873,441,ok,,social_entertainment,300.0,social_entertainment:300s:start watching tv -> end watching tv | transport:300s:Start driving,
P15,1740,1774819830000,1774820130000,1774819980000,2026-03-29 14:32:59,59.32133167887916,62.78597938351113,87.28644501706432,True,1.0,1.0,0.009195402298850575,0.9053430902803163,436,ok,,social_entertainment,300.0,social_entertainment:300s:start watching tv -> end watching tv | transport:300s:Start driving,
P15,1741,1774819860000,1774820160000,1774820010000,2026-03-29 14:33:29,61.91963482184458,63.81298284749786,85.26167260985446,True,1.0,1.0,0.007042253521126761,0.8985654109632872,427,ok,,social_entertainment,300.0,social_entertainment:300s:start watching tv -> end watching tv | transport:300s:Start driving,
P15,1742,1774819890000,1774820190000,1774820040000,2026-03-29 14:33:59,63.693028557232644,68.61443838051164,85.0821042305825,True,1.0,1.0,0.009411764705882352,0.9026728089032284,426,ok,,social_entertainment,300.0,social_entertainment:300s:start watching tv -> end watching tv | transport:300s:Start driving,
P15,1743,1774819920000,1774820220000,1774820070000,2026-03-29 14:34:29,63.943393804530096,74.66464933198174,85.97499426665975,True,1.0000256666923333,1.0,0.009345794392523364,0.9104864187471662,429,ok,,social_entertainment,300.0,social_entertainment:300s:start watching tv -> end watching tv | transport:300s:Start driving,
P15,1744,1774819950000,1774820250000,1774820100000,2026-03-29 14:34:59,61.927906260186866,73.50693174404441,85.843222463647,True,1.0000256666923333,1.0,0.007009345794392523,0.9152787080539375,429,ok,,social_entertainment,300.0,social_entertainment:300s:start watching tv -> end watching tv | transport:300s:Start driving,
P15,1745,1774819980000,1774820280000,1774820130000,2026-03-29 14:35:29,63.448417093743416,71.22591395955845,86.24306169554528,True,1.0000513333846668,1.0,0.011627906976744186,0.9077680397326561,431,ok,,social_entertainment,300.0,social_entertainment:300s:start watching tv -> end watching tv | transport:300s:Start driving,
P15,1746,1774820010000,1774820310000,1774820160000,2026-03-29 14:35:59,60.96007350767295,70.85647562269732,85.72773432414297,True,1.0000513333846668,1.0,0.009345794392523364,0.909641764927677,429,ok,,social_entertainment,300.0,social_entertainment:300s:start watching tv -> end watching tv | transport:300s:Start driving,
P15,1747,1774820040000,1774820340000,1774820190000,2026-03-29 14:36:29,62.05881285464137,72.48190101911081,85.75936949497817,True,1.0000513333846668,1.0,0.009345794392523364,0.9120636526031104,429,ok,,social_entertainment,300.0,social_entertainment:300s:start watching tv -> end watching tv | transport:300s:Start driving,
P15,1748,1774820070000,1774820370000,1774820220000,2026-03-29 14:36:59,65.01661650336526,73.69209360527822,85.91689012976194,True,1.000077000077,1.0,0.009345794392523364,0.9100831301065387,429,ok,,social_entertainment,300.0,social_entertainment:300s:start watching tv -> end watching tv | transport:300s:Start driving,
P15,1749,1774820100000,1774820400000,1774820250000,2026-03-29 14:37:29,65.7082963618205,74.0981902446566,86.02856563781907,True,1.0001026667693333,1.0,0.009345794392523364,0.9115645640514913,429,ok,,social_entertainment,300.0,social_entertainment:300s:start watching tv -> end watching tv | transport:300s:Start driving,
P15,1750,1774820130000,1774820430000,1774820280000,2026-03-29 14:37:59,63.25646898574565,74.3644036065277,85.63392333390713,True,1.000077000077,1.0,0.01405152224824356,0.9123912710328966,428,ok,,social_entertainment,300.0,social_entertainment:300s:start watching tv -> end watching tv | transport:300s:Start driving,
P15,1751,1774820160000,1774820460000,1774820310000,2026-03-29 14:38:29,62.344121895201326,68.59637095452966,86.66873339980394,True,1.0001026667693333,1.0,0.009280742459396751,0.9114771126109417,432,ok,,social_entertainment,300.0,social_entertainment:300s:start watching tv -> end watching tv | transport:300s:Start driving,
P15,1752,1774820190000,1774820490000,1774820340000,2026-03-29 14:38:59,56.70905794951215,64.86626703358165,85.74756345721323,True,1.0001026667693333,1.0,0.00936768149882904,0.9157500447494712,428,ok,,social_entertainment,300.0,social_entertainment:300s:start watching tv -> end watching tv | transport:300s:Start driving,
P15,1753,1774820220000,1774820520000,1774820370000,2026-03-29 14:39:29,57.704269669542114,57.468982329473135,84.62212335868759,True,1.0001026667693333,1.0,0.009501187648456057,0.9143551769254606,422,ok,,social_entertainment,300.0,social_entertainment:300s:start watching tv -> end watching tv | transport:300s:Start driving,
P15,1754,1774820250000,1774820550000,1774820400000,2026-03-29 14:39:59,54.96302074385195,56.72430805136542,84.84974107121963,True,1.0001283334616669,1.0,0.009456264775413711,0.9165491194969219,424,ok,,social_entertainment,300.0,social_entertainment:300s:start watching tv -> end watching tv | transport:300s:Start driving,
P15,1755,1774820280000,1774820580000,1774820430000,2026-03-29 14:40:29,56.26174480560862,54.61434127113948,84.68198161200836,True,1.0001283334616669,1.0,0.007125890736342043,0.9237963300022096,422,ok,,social_entertainment,300.0,social_entertainment:300s:start watching tv -> end watching tv | transport:300s:Start driving,
P15,1756,1774820310000,1774820610000,1774820460000,2026-03-29 14:40:59,55.706052505219624,54.71601029501125,84.58868500760997,True,1.0001283334616669,1.0,0.009501187648456057,0.9349391201302566,422,ok,,social_entertainment,300.0,social_entertainment:300s:start watching tv -> end watching tv | transport:300s:Start driving,
P15,1757,1774820340000,1774820640000,1774820490000,2026-03-29 14:41:29,54.7134554181279,52.440314002354796,84.80083664812832,True,1.0001540001540001,1.0,0.0070921985815602835,0.9384623606086088,424,ok,,social_entertainment,300.0,social_entertainment:300s:start watching tv -> end watching tv | transport:300s:Start driving,
P15,1758,1774820370000,1774820670000,1774820520000,2026-03-29 14:41:59,52.555367629450245,51.23014665902416,84.67502690091413,True,1.0001283334616669,1.0,0.009501187648456057,0.9378206049271315,422,ok,,social_entertainment,300.0,social_entertainment:300s:start watching tv -> end watching tv | transport:300s:Start driving,
P15,1759,1774820400000,1774820700000,1774820550000,2026-03-29 14:42:29,51.41974328990762,51.4923590371978,85.39912228679871,True,1.0001540001540001,1.0,0.007042253521126761,0.9403580757068224,427,ok,,social_entertainment,300.0,social_entertainment:300s:start watching tv -> end watching tv | transport:300s:Start driving,
P15,1760,1774820430000,1774820730000,1774820580000,2026-03-29 14:42:59,55.54881050785164,53.71251674196975,86.48438950080849,True,1.0001540001540001,1.0,0.0069605568445475635,0.9403011319851332,432,ok,,social_entertainment,300.0,social_entertainment:300s:start watching tv -> end watching tv | transport:300s:Start driving,
P15,1761,1774820460000,1774820760000,1774820610000,2026-03-29 14:43:29,60.971575230685254,57.380496500331745,87.0834583328445,True,1.0001540001540001,1.0,0.004618937644341801,0.9406736449033316,434,ok,,social_entertainment,300.0,social_entertainment:300s:start watching tv -> end watching tv | transport:300s:Start driving,
P15,1762,1774820490000,1774820790000,1774820640000,2026-03-29 14:43:59,63.00961981805836,59.136055184608516,89.04784984874567,True,1.0001796668463334,1.0,0.006756756756756757,0.9390773742312537,445,ok,,social_entertainment,300.0,social_entertainment:300s:start watching tv -> end watching tv | transport:300s:Start driving,
P15,1763,1774820520000,1774820820000,1774820670000,2026-03-29 14:44:29,62.77230213531668,62.809819287362714,90.16123834791219,True,1.0001796668463334,1.0,0.0022222222222222222,0.9395806389989295,451,ok,,social_entertainment,300.0,social_entertainment:300s:start watching tv -> end watching tv | transport:300s:Start driving,
P15,1764,1774820550000,1774820850000,1774820700000,2026-03-29 14:44:59,64.20197861667477,64.71438780785934,89.67575294029139,True,1.0,1.0,0.0044742729306487695,0.9391894011578481,448,ok,,social_entertainment,300.0,social_entertainment:300s:start watching tv -> end watching tv | transport:300s:Start driving,
